2025-11-01 15:15:09,402 19219 INFO odoo16 odoo.service.server: Initiating shutdown 
2025-11-01 15:15:09,403 19219 INFO odoo16 odoo.service.server: Hit CTRL-C again or send a second signal to force the shutdown. 
2025-11-01 15:15:09,777 19219 INFO odoo16 odoo.sql_db: ConnectionPool(used=0/count=0/max=64): Closed 4 connections  
/Users/shawnmacmini/code/odoo-16.0/odoo/modules/module.py:11: UserWarning: pkg_resources is deprecated as an API. See https://setuptools.pypa.io/en/latest/pkg_resources.html. The pkg_resources package is slated for removal as early as 2025-11-30. Refrain from using this package or pin to Setuptools<81.
  import pkg_resources
2025-11-01 15:15:12,003 19422 INFO ? odoo: Odoo version 16.0 
2025-11-01 15:15:12,003 19422 INFO ? odoo: Using configuration file at /Users/shawnmacmini/code/odoo-16.0/odoo.conf 
2025-11-01 15:15:12,003 19422 INFO ? odoo: addons paths: ['/Users/shawnmacmini/code/odoo-16.0/odoo/addons', '/Users/shawnmacmini/code/odoo-16.0/.odoo-data/addons/16.0', '/Users/shawnmacmini/code/odoo-16.0/addons', '/Users/shawnmacmini/code/odoo-16.0/addons-custom'] 
2025-11-01 15:15:12,003 19422 INFO ? odoo: database: odoo@localhost:5432 
2025-11-01 15:15:12,171 19422 INFO ? odoo.addons.base.models.ir_actions_report: You need Wkhtmltopdf to print a pdf version of the reports. 
2025-11-01 15:15:12,256 19422 INFO ? odoo.service.server: HTTP service (werkzeug) running on 1.0.0.0.0.0.0.0.0.0.0.0.0.0.0.0.0.0.0.0.0.0.0.0.0.0.0.0.0.0.0.0.ip6.arpa:8069 
2025-11-01 15:15:12,277 19422 INFO odoo16 odoo.modules.loading: loading 1 modules... 
2025-11-01 15:15:12,280 19422 INFO odoo16 odoo.modules.loading: 1 modules loaded in 0.00s, 0 queries (+0 extra) 
2025-11-01 15:15:12,318 19422 INFO odoo16 odoo.modules.loading: loading 102 modules... 
2025-11-01 15:15:12,671 19422 INFO odoo16 odoo.modules.loading: 102 modules loaded in 0.35s, 0 queries (+0 extra) 
2025-11-01 15:15:12,787 19422 INFO odoo16 odoo.modules.loading: Modules loaded. 
2025-11-01 15:15:12,792 19422 INFO odoo16 odoo.modules.registry: Registry loaded in 0.540s 
2025-11-01 15:15:15,340 19422 INFO odoo16 odoo.addons.base.models.ir_http: Generating routing map for key 1 
2025-11-01 15:15:15,499 19422 INFO odoo16 werkzeug: 127.0.0.1 - - [01/Nov/2025 15:15:15] "GET /websocket HTTP/1.1" 101 - 10 0.021 0.147
2025-11-01 15:15:15,510 19422 INFO ? odoo.addons.bus.models.bus: Bus.loop listen imbus on db postgres 
2025-11-01 15:15:33,533 19422 WARNING odoo16 odoo.modules.registry: store.inventory.batch: inconsistent 'compute_sudo' for computed fields: picking_ids, picking_count, quant_count, operation_count, lot_count 
2025-11-01 15:15:46,382 19422 INFO odoo16 werkzeug: 127.0.0.1 - - [01/Nov/2025 15:15:46] "GET /web HTTP/1.1" 200 - 90 0.096 1.239
2025-11-01 15:15:46,774 19422 INFO odoo16 odoo.addons.base.models.ir_attachment: _read_file reading /Users/shawnmacmini/code/odoo-16.0/.odoo-data/filestore/odoo16/c2/c2e1616224ae96b9403a2cd8794e8e22ac9beff7 
Traceback (most recent call last):
  File "/Users/shawnmacmini/code/odoo-16.0/odoo/api.py", line 1013, in get
    cache_value = field_cache[record._ids[0]]
KeyError: 2

During handling of the above exception, another exception occurred:

Traceback (most recent call last):
  File "/Users/shawnmacmini/code/odoo-16.0/odoo/fields.py", line 1161, in __get__
    value = env.cache.get(record, self)
  File "/Users/shawnmacmini/code/odoo-16.0/odoo/api.py", line 1020, in get
    raise CacheMiss(record, field)
odoo.exceptions.CacheMiss: 'res.users(2,).avatar_128'

During handling of the above exception, another exception occurred:

Traceback (most recent call last):
  File "/Users/shawnmacmini/code/odoo-16.0/odoo/api.py", line 1013, in get
    cache_value = field_cache[record._ids[0]]
KeyError: 3

During handling of the above exception, another exception occurred:

Traceback (most recent call last):
  File "/Users/shawnmacmini/code/odoo-16.0/odoo/fields.py", line 1161, in __get__
    value = env.cache.get(record, self)
  File "/Users/shawnmacmini/code/odoo-16.0/odoo/api.py", line 1020, in get
    raise CacheMiss(record, field)
odoo.exceptions.CacheMiss: 'res.partner(3,).avatar_128'

During handling of the above exception, another exception occurred:

Traceback (most recent call last):
  File "/Users/shawnmacmini/code/odoo-16.0/odoo/api.py", line 1013, in get
    cache_value = field_cache[record._ids[0]]
KeyError: 3

During handling of the above exception, another exception occurred:

Traceback (most recent call last):
  File "/Users/shawnmacmini/code/odoo-16.0/odoo/fields.py", line 1161, in __get__
    value = env.cache.get(record, self)
  File "/Users/shawnmacmini/code/odoo-16.0/odoo/api.py", line 1020, in get
    raise CacheMiss(record, field)
odoo.exceptions.CacheMiss: 'res.partner(3,).image_128'

During handling of the above exception, another exception occurred:

Traceback (most recent call last):
  File "/Users/shawnmacmini/code/odoo-16.0/odoo/api.py", line 1013, in get
    cache_value = field_cache[record._ids[0]]
KeyError: 27

During handling of the above exception, another exception occurred:

Traceback (most recent call last):
  File "/Users/shawnmacmini/code/odoo-16.0/odoo/fields.py", line 1161, in __get__
    value = env.cache.get(record, self)
  File "/Users/shawnmacmini/code/odoo-16.0/odoo/api.py", line 1020, in get
    raise CacheMiss(record, field)
odoo.exceptions.CacheMiss: 'ir.attachment(27,).datas'

During handling of the above exception, another exception occurred:

Traceback (most recent call last):
  File "/Users/shawnmacmini/code/odoo-16.0/odoo/api.py", line 1013, in get
    cache_value = field_cache[record._ids[0]]
KeyError: 27

During handling of the above exception, another exception occurred:

Traceback (most recent call last):
  File "/Users/shawnmacmini/code/odoo-16.0/odoo/fields.py", line 1161, in __get__
    value = env.cache.get(record, self)
  File "/Users/shawnmacmini/code/odoo-16.0/odoo/api.py", line 1020, in get
    raise CacheMiss(record, field)
odoo.exceptions.CacheMiss: 'ir.attachment(27,).raw'

During handling of the above exception, another exception occurred:

Traceback (most recent call last):
  File "/Users/shawnmacmini/code/odoo-16.0/odoo/addons/base/models/ir_attachment.py", line 121, in _file_read
    with open(full_path, 'rb') as f:
FileNotFoundError: [Errno 2] No such file or directory: '/Users/shawnmacmini/code/odoo-16.0/.odoo-data/filestore/odoo16/c2/c2e1616224ae96b9403a2cd8794e8e22ac9beff7'
2025-11-01 15:15:46,779 19422 INFO odoo16 werkzeug: 127.0.0.1 - - [01/Nov/2025 15:15:46] "GET /web/image?model=res.users&field=avatar_128&id=2 HTTP/1.1" 304 - 7 0.011 0.060
2025-11-01 15:15:47,001 19422 INFO odoo16 werkzeug: 127.0.0.1 - - [01/Nov/2025 15:15:47] "POST /mail/init_messaging HTTP/1.1" 200 - 52 0.289 0.011
2025-11-01 15:15:47,004 19422 INFO odoo16 werkzeug: 127.0.0.1 - - [01/Nov/2025 15:15:47] "GET /web/image/res.company/1/favicon HTTP/1.1" 304 - 8 0.009 0.284
2025-11-01 15:15:47,009 19422 INFO odoo16 werkzeug: 127.0.0.1 - - [01/Nov/2025 15:15:47] "GET /web/image/res.company/1/favicon HTTP/1.1" 304 - 3 0.001 0.003
2025-11-01 15:15:47,014 19422 INFO odoo16 werkzeug: 127.0.0.1 - - [01/Nov/2025 15:15:47] "GET /web/image/res.company/1/favicon HTTP/1.1" 304 - 3 0.000 0.003
2025-11-01 15:15:47,015 19422 INFO odoo16 werkzeug: 127.0.0.1 - - [01/Nov/2025 15:15:47] "POST /web/action/load HTTP/1.1" 200 - 15 0.017 0.329
2025-11-01 15:15:47,017 19422 INFO odoo16 werkzeug: 127.0.0.1 - - [01/Nov/2025 15:15:47] "POST /mail/load_message_failures HTTP/1.1" 200 - 10 0.005 0.004
2025-11-01 15:15:47,022 19422 INFO ? werkzeug: 127.0.0.1 - - [01/Nov/2025 15:15:47] "GET /mail/static/src/audio/ting.ogg HTTP/1.1" 206 - 0 0.000 0.001
2025-11-01 15:15:47,030 19422 INFO odoo16 werkzeug: 127.0.0.1 - - [01/Nov/2025 15:15:47] "GET /web/image/res.company/1/favicon HTTP/1.1" 304 - 3 0.001 0.003
2025-11-01 15:15:47,046 19422 INFO odoo16 werkzeug: 127.0.0.1 - - [01/Nov/2025 15:15:47] "POST /web/dataset/call_kw/res.users/systray_get_activities HTTP/1.1" 200 - 38 0.045 0.301
2025-11-01 15:15:47,061 19422 INFO odoo16 werkzeug: 127.0.0.1 - - [01/Nov/2025 15:15:47] "POST /web/dataset/call_kw/ir.module.module/get_views HTTP/1.1" 200 - 44 0.023 0.014
2025-11-01 15:15:47,075 19422 INFO odoo16 werkzeug: 127.0.0.1 - - [01/Nov/2025 15:15:47] "POST /web/dataset/call_kw/ir.module.module/web_search_read HTTP/1.1" 200 - 4 0.004 0.003
2025-11-01 15:15:47,084 19422 INFO odoo16 werkzeug: 127.0.0.1 - - [01/Nov/2025 15:15:47] "POST /web/dataset/call_kw/ir.module.module/search_panel_select_range HTTP/1.1" 200 - 40 0.011 0.004
2025-11-01 15:15:51,103 19422 INFO odoo16 odoo.addons.base.models.ir_module: ALLOW access to module.button_immediate_install on ['门店吧台前台'] to user admin #2 via 127.0.0.1 
2025-11-01 15:15:51,104 19422 INFO odoo16 odoo.addons.base.models.ir_module: User #2 triggered module installation 
2025-11-01 15:15:51,106 19422 INFO odoo16 odoo.addons.base.models.ir_module: ALLOW access to module.button_install on ['门店吧台前台'] to user admin #2 via 127.0.0.1 
2025-11-01 15:15:51,412 19422 INFO odoo16 odoo.modules.loading: loading 1 modules... 
2025-11-01 15:15:51,415 19422 INFO odoo16 odoo.modules.loading: 1 modules loaded in 0.00s, 0 queries (+0 extra) 
2025-11-01 15:15:51,425 19422 INFO odoo16 odoo.modules.loading: updating modules list 
2025-11-01 15:15:51,425 19422 INFO odoo16 odoo.addons.base.models.ir_module: ALLOW access to module.update_list on [] to user __system__ #1 via 127.0.0.1 
2025-11-01 15:15:51,640 19422 INFO odoo16 odoo.modules.loading: loading 102 modules... 
2025-11-01 15:15:51,666 19422 INFO odoo16 odoo.modules.loading: 102 modules loaded in 0.03s, 0 queries (+0 extra) 
2025-11-01 15:15:51,667 19422 INFO odoo16 odoo.modules.loading: loading 103 modules... 
2025-11-01 15:15:51,667 19422 INFO odoo16 odoo.modules.loading: Loading module store_bar (79/103) 
2025-11-01 15:15:51,752 19422 INFO odoo16 odoo.modules.registry: module store_bar: creating or updating database tables 
2025-11-01 15:15:51,868 19422 WARNING odoo16 odoo.modules.registry: store.inventory.batch: inconsistent 'compute_sudo' for computed fields: picking_ids, picking_count, quant_count, operation_count, lot_count 
2025-11-01 15:15:51,873 19422 INFO odoo16 odoo.modules.registry: Models have no table: store.link.group, store.link.group.application. 
2025-11-01 15:15:51,873 19422 INFO odoo16 odoo.modules.registry: Recreate table of model store.link.group. 
2025-11-01 15:15:51,873 19422 INFO odoo16 odoo.modules.registry: Recreate table of model store.link.group.application. 
2025-11-01 15:15:51,874 19422 ERROR odoo16 odoo.modules.registry: Model store.link.group.application has no table. 
2025-11-01 15:15:51,874 19422 ERROR odoo16 odoo.modules.registry: Model store.link.group has no table. 
2025-11-01 15:15:51,896 19422 INFO odoo16 odoo.modules.loading: loading store_bar/data/store_bar_sequence.xml 
2025-11-01 15:15:51,900 19422 INFO odoo16 odoo.modules.loading: loading store_bar/security/store_bar_security.xml 
2025-11-01 15:15:51,919 19422 INFO odoo16 odoo.modules.loading: loading store_bar/security/store_bar_rule.xml 
2025-11-01 15:15:51,932 19422 INFO odoo16 odoo.modules.loading: loading store_bar/security/ir.model.access.csv 
2025-11-01 15:15:51,940 19422 INFO odoo16 odoo.modules.loading: loading store_bar/views/store_bar_actions.xml 
2025-11-01 15:15:51,943 19422 INFO odoo16 odoo.modules.loading: loading store_bar/views/store_bar_order_views.xml 
2025-11-01 15:15:51,954 19422 WARNING odoo16 odoo.modules.loading: Transient module states were reset 
2025-11-01 15:15:51,954 19422 ERROR odoo16 odoo.modules.registry: Failed to load registry 
Traceback (most recent call last):
  File "/Users/shawnmacmini/code/odoo-16.0/odoo/modules/registry.py", line 87, in new
    odoo.modules.load_modules(registry, force_demo, status, update_module)
  File "/Users/shawnmacmini/code/odoo-16.0/odoo/modules/loading.py", line 493, in load_modules
    processed_modules += load_marked_modules(cr, graph,
  File "/Users/shawnmacmini/code/odoo-16.0/odoo/modules/loading.py", line 374, in load_marked_modules
    loaded, processed = load_module_graph(
  File "/Users/shawnmacmini/code/odoo-16.0/odoo/modules/loading.py", line 233, in load_module_graph
    load_data(cr, idref, mode, kind='data', package=package)
  File "/Users/shawnmacmini/code/odoo-16.0/odoo/modules/loading.py", line 73, in load_data
    tools.convert_file(cr, package.name, filename, idref, mode, noupdate, kind)
  File "/Users/shawnmacmini/code/odoo-16.0/odoo/tools/convert.py", line 771, in convert_file
    convert_xml_import(cr, module, fp, idref, mode, noupdate)
  File "/Users/shawnmacmini/code/odoo-16.0/odoo/tools/convert.py", line 837, in convert_xml_import
    obj.parse(doc.getroot())
  File "/Users/shawnmacmini/code/odoo-16.0/odoo/tools/convert.py", line 757, in parse
    self._tag_root(de)
  File "/Users/shawnmacmini/code/odoo-16.0/odoo/tools/convert.py", line 717, in _tag_root
    raise ParseError(msg) from None  # Restart with "--log-handler odoo.tools.convert:DEBUG" for complete traceback
odoo.tools.convert.ParseError: while parsing /Users/shawnmacmini/code/odoo-16.0/addons-custom/store_bar/views/store_bar_order_views.xml:21
验证附近视图时出错:

<form string="吧台订单" __validate__="1">
                <header>
                    <button name="action_lock" string="锁定订单" type="object" class="oe_highlight" states="draft"/>

domain of field 'batch_id' ([('product_id', '=', product_id), ('company_id', '=', company_id)]) 中使用的字段 'company_id' 必须存在于视图中但缺失.

View error context:
{'file': '/Users/shawnmacmini/code/odoo-16.0/addons-custom/store_bar/views/store_bar_order_views.xml',
 'line': 1,
 'name': 'store.bar.order.form',
 'view': ir.ui.view(2315,),
 'view.model': 'store.bar.order',
 'view.parent': ir.ui.view(),
 'xmlid': 'view_store_bar_order_form'}

2025-11-01 15:15:51,958 19422 INFO odoo16 odoo.modules.loading: loading 1 modules... 
2025-11-01 15:15:51,961 19422 INFO odoo16 odoo.modules.loading: 1 modules loaded in 0.00s, 0 queries (+0 extra) 
2025-11-01 15:15:51,967 19422 INFO odoo16 odoo.modules.loading: loading 102 modules... 
2025-11-01 15:15:52,031 19422 INFO odoo16 odoo.modules.loading: 102 modules loaded in 0.06s, 0 queries (+0 extra) 
2025-11-01 15:15:52,110 19422 INFO odoo16 odoo.modules.loading: Modules loaded. 
2025-11-01 15:15:52,113 19422 INFO odoo16 odoo.modules.registry: Registry loaded in 0.157s 
2025-11-01 15:15:52,116 19422 ERROR odoo16 odoo.http: Exception during request handling. 
Traceback (most recent call last):
  File "/Users/shawnmacmini/code/odoo-16.0/odoo/http.py", line 2261, in __call__
    response = request._serve_db()
  File "/Users/shawnmacmini/code/odoo-16.0/odoo/http.py", line 1848, in _serve_db
    return service_model.retrying(self._serve_ir_http, self.env)
  File "/Users/shawnmacmini/code/odoo-16.0/odoo/service/model.py", line 152, in retrying
    result = func()
  File "/Users/shawnmacmini/code/odoo-16.0/odoo/http.py", line 1876, in _serve_ir_http
    response = self.dispatcher.dispatch(rule.endpoint, args)
  File "/Users/shawnmacmini/code/odoo-16.0/odoo/http.py", line 2080, in dispatch
    result = self.request.registry['ir.http']._dispatch(endpoint)
  File "/Users/shawnmacmini/code/odoo-16.0/addons/website/models/ir_http.py", line 237, in _dispatch
    response = super()._dispatch(endpoint)
  File "/Users/shawnmacmini/code/odoo-16.0/odoo/addons/base/models/ir_http.py", line 154, in _dispatch
    result = endpoint(**request.params)
  File "/Users/shawnmacmini/code/odoo-16.0/odoo/http.py", line 763, in route_wrapper
    result = endpoint(self, *args, **params_ok)
  File "/Users/shawnmacmini/code/odoo-16.0/addons/web/controllers/dataset.py", line 47, in call_button
    action = self._call_kw(model, method, args, kwargs)
  File "/Users/shawnmacmini/code/odoo-16.0/addons/web/controllers/dataset.py", line 34, in _call_kw
    return call_kw(Model, method, args, kwargs)
  File "/Users/shawnmacmini/code/odoo-16.0/odoo/api.py", line 484, in call_kw
    result = _call_kw_multi(method, model, args, kwargs)
  File "/Users/shawnmacmini/code/odoo-16.0/odoo/api.py", line 469, in _call_kw_multi
    result = method(recs, *args, **kwargs)
  File "<decorator-gen-77>", line 2, in button_immediate_install
  File "/Users/shawnmacmini/code/odoo-16.0/odoo/addons/base/models/ir_module.py", line 74, in check_and_log
    return method(self, *args, **kwargs)
  File "/Users/shawnmacmini/code/odoo-16.0/odoo/addons/base/models/ir_module.py", line 478, in button_immediate_install
    return self._button_immediate_function(self.env.registry[self._name].button_install)
  File "/Users/shawnmacmini/code/odoo-16.0/odoo/addons/base/models/ir_module.py", line 602, in _button_immediate_function
    registry = modules.registry.Registry.new(self._cr.dbname, update_module=True)
  File "<decorator-gen-16>", line 2, in new
  File "/Users/shawnmacmini/code/odoo-16.0/odoo/tools/func.py", line 87, in locked
    return func(inst, *args, **kwargs)
  File "/Users/shawnmacmini/code/odoo-16.0/odoo/modules/registry.py", line 87, in new
    odoo.modules.load_modules(registry, force_demo, status, update_module)
  File "/Users/shawnmacmini/code/odoo-16.0/odoo/modules/loading.py", line 493, in load_modules
    processed_modules += load_marked_modules(cr, graph,
  File "/Users/shawnmacmini/code/odoo-16.0/odoo/modules/loading.py", line 374, in load_marked_modules
    loaded, processed = load_module_graph(
  File "/Users/shawnmacmini/code/odoo-16.0/odoo/modules/loading.py", line 233, in load_module_graph
    load_data(cr, idref, mode, kind='data', package=package)
  File "/Users/shawnmacmini/code/odoo-16.0/odoo/modules/loading.py", line 73, in load_data
    tools.convert_file(cr, package.name, filename, idref, mode, noupdate, kind)
  File "/Users/shawnmacmini/code/odoo-16.0/odoo/tools/convert.py", line 771, in convert_file
    convert_xml_import(cr, module, fp, idref, mode, noupdate)
  File "/Users/shawnmacmini/code/odoo-16.0/odoo/tools/convert.py", line 837, in convert_xml_import
    obj.parse(doc.getroot())
  File "/Users/shawnmacmini/code/odoo-16.0/odoo/tools/convert.py", line 757, in parse
    self._tag_root(de)
  File "/Users/shawnmacmini/code/odoo-16.0/odoo/tools/convert.py", line 717, in _tag_root
    raise ParseError(msg) from None  # Restart with "--log-handler odoo.tools.convert:DEBUG" for complete traceback
odoo.tools.convert.ParseError: while parsing /Users/shawnmacmini/code/odoo-16.0/addons-custom/store_bar/views/store_bar_order_views.xml:21
验证附近视图时出错:

<form string="吧台订单" __validate__="1">
                <header>
                    <button name="action_lock" string="锁定订单" type="object" class="oe_highlight" states="draft"/>

domain of field 'batch_id' ([('product_id', '=', product_id), ('company_id', '=', company_id)]) 中使用的字段 'company_id' 必须存在于视图中但缺失.

View error context:
{'file': '/Users/shawnmacmini/code/odoo-16.0/addons-custom/store_bar/views/store_bar_order_views.xml',
 'line': 1,
 'name': 'store.bar.order.form',
 'view': ir.ui.view(2315,),
 'view.model': 'store.bar.order',
 'view.parent': ir.ui.view(),
 'xmlid': 'view_store_bar_order_form'}

2025-11-01 15:15:52,116 19422 INFO odoo16 werkzeug: 127.0.0.1 - - [01/Nov/2025 15:15:52] "POST /web/dataset/call_button HTTP/1.1" 200 - 1544 0.321 0.704
2025-11-01 15:15:58,361 19422 INFO odoo16 odoo.service.server: Initiating shutdown 
2025-11-01 15:15:58,362 19422 INFO odoo16 odoo.service.server: Hit CTRL-C again or send a second signal to force the shutdown. 
Exception in thread odoo.service.cron.cron1:
Exception in thread odoo.service.cron.cron0:
Traceback (most recent call last):
2025-11-01 15:15:58,675 19422 INFO odoo16 odoo.sql_db: ConnectionPool(used=0/count=0/max=64): Closed 7 connections  
Traceback (most recent call last):
  File "/opt/homebrew/Cellar/python@3.10/3.10.19_1/Frameworks/Python.framework/Versions/3.10/lib/python3.10/threading.py", line 1016, in _bootstrap_inner
  File "/opt/homebrew/Cellar/python@3.10/3.10.19_1/Frameworks/Python.framework/Versions/3.10/lib/python3.10/threading.py", line 1016, in _bootstrap_inner
/Users/shawnmacmini/code/odoo-16.0/.venv/lib/python3.10/site-packages/num2words/lang_AR.py:191: SyntaxWarning: "is not" with a literal. Did you mean "!="?
  if ret_val is not "" and tens < 4:
/Users/shawnmacmini/code/odoo-16.0/.venv/lib/python3.10/site-packages/num2words/lang_AR.py:195: SyntaxWarning: "is not" with a literal. Did you mean "!="?
  if ret_val is not "" and ones != 0:
/Users/shawnmacmini/code/odoo-16.0/.venv/lib/python3.10/site-packages/num2words/lang_AR.py:229: SyntaxWarning: "is not" with a literal. Did you mean "!="?
  if group_description is not '':
/Users/shawnmacmini/code/odoo-16.0/.venv/lib/python3.10/site-packages/num2words/lang_AR.py:231: SyntaxWarning: "is not" with a literal. Did you mean "!="?
  if ret_val is not "":
/Users/shawnmacmini/code/odoo-16.0/.venv/lib/python3.10/site-packages/num2words/lang_AR.py:239: SyntaxWarning: "is not" with a literal. Did you mean "!="?
  if ret_val is not "":
/Users/shawnmacmini/code/odoo-16.0/.venv/lib/python3.10/site-packages/num2words/lang_AR.py:253: SyntaxWarning: "is not" with a literal. Did you mean "!="?
  if self.arabicPrefixText is not "":
/Users/shawnmacmini/code/odoo-16.0/.venv/lib/python3.10/site-packages/num2words/lang_AR.py:291: SyntaxWarning: "is not" with a literal. Did you mean "!="?
  if self.arabicSuffixText is not "":
/Users/shawnmacmini/code/odoo-16.0/.venv/lib/python3.10/site-packages/num2words/lang_AR.py:302: SyntaxWarning: "is" with a literal. Did you mean "=="?
  if currency is 'EGP':
/Users/shawnmacmini/code/odoo-16.0/.venv/lib/python3.10/site-packages/num2words/lang_AR.py:305: SyntaxWarning: "is" with a literal. Did you mean "=="?
  elif currency is 'KWD':
/Users/shawnmacmini/code/odoo-16.0/.venv/lib/python3.10/site-packages/xlsxwriter/worksheet.py:358: SyntaxWarning: "is" with a literal. Did you mean "=="?
  if token is '':
/Users/shawnmacmini/code/odoo-16.0/.venv/lib/python3.10/site-packages/xlsxwriter/worksheet.py:2437: SyntaxWarning: "is" with a literal. Did you mean "=="?
  if options['min_type'] is 'min' and options['min_value'] == 0:
/Users/shawnmacmini/code/odoo-16.0/.venv/lib/python3.10/site-packages/xlsxwriter/worksheet.py:2440: SyntaxWarning: "is" with a literal. Did you mean "=="?
  if options['max_type'] is 'max' and options['max_value'] == 0:
/Users/shawnmacmini/code/odoo-16.0/.venv/lib/python3.10/site-packages/xlsxwriter/worksheet.py:4999: SyntaxWarning: "is" with a literal. Did you mean "=="?
  if props[i]['type'] is 'number':
/Users/shawnmacmini/code/odoo-16.0/.venv/lib/python3.10/site-packages/xlsxwriter/worksheet.py:6827: SyntaxWarning: "is not" with a literal. Did you mean "!="?
  if data_bar['bar_axis_position'] is not 'none':
/Users/shawnmacmini/code/odoo-16.0/.venv/lib/python3.10/site-packages/xlsxwriter/worksheet.py:6862: SyntaxWarning: "is" with a literal. Did you mean "=="?
  if data_bar['bar_direction'] is 'left':
/Users/shawnmacmini/code/odoo-16.0/.venv/lib/python3.10/site-packages/xlsxwriter/worksheet.py:6865: SyntaxWarning: "is" with a literal. Did you mean "=="?
  if data_bar['bar_direction'] is 'right':
/Users/shawnmacmini/code/odoo-16.0/.venv/lib/python3.10/site-packages/xlsxwriter/worksheet.py:6875: SyntaxWarning: "is" with a literal. Did you mean "=="?
  if data_bar['bar_axis_position'] is 'middle':
/Users/shawnmacmini/code/odoo-16.0/.venv/lib/python3.10/site-packages/xlsxwriter/worksheet.py:6878: SyntaxWarning: "is" with a literal. Did you mean "=="?
  if data_bar['bar_axis_position'] is 'none':
/Users/shawnmacmini/code/odoo-16.0/.venv/lib/python3.10/site-packages/xlsxwriter/chart.py:2497: SyntaxWarning: "is" with a literal. Did you mean "=="?
  if val is 'right':
/Users/shawnmacmini/code/odoo-16.0/.venv/lib/python3.10/site-packages/xlsxwriter/chart.py:2500: SyntaxWarning: "is" with a literal. Did you mean "=="?
  if val is 'left':
/Users/shawnmacmini/code/odoo-16.0/odoo/modules/module.py:11: UserWarning: pkg_resources is deprecated as an API. See https://setuptools.pypa.io/en/latest/pkg_resources.html. The pkg_resources package is slated for removal as early as 2025-11-30. Refrain from using this package or pin to Setuptools<81.
  import pkg_resources
2025-11-01 15:16:02,704 19533 INFO ? odoo: Odoo version 16.0 
2025-11-01 15:16:02,704 19533 INFO ? odoo: Using configuration file at /Users/shawnmacmini/code/odoo-16.0/odoo.conf 
2025-11-01 15:16:02,704 19533 INFO ? odoo: addons paths: ['/Users/shawnmacmini/code/odoo-16.0/odoo/addons', '/Users/shawnmacmini/code/odoo-16.0/.odoo-data/addons/16.0', '/Users/shawnmacmini/code/odoo-16.0/addons', '/Users/shawnmacmini/code/odoo-16.0/addons-custom'] 
2025-11-01 15:16:02,704 19533 INFO ? odoo: database: odoo@localhost:5432 
2025-11-01 15:16:02,806 19533 WARNING ? py.warnings: /Users/shawnmacmini/code/odoo-16.0/.venv/lib/python3.10/site-packages/reportlab/platypus/paraparser.py:54: DeprecationWarning: invalid escape sequence '\s'
  File "/Users/shawnmacmini/code/odoo-16.0/odoo-bin", line 8, in <module>
    odoo.cli.main()
  File "/Users/shawnmacmini/code/odoo-16.0/odoo/cli/command.py", line 66, in main
    o.run(args)
  File "/Users/shawnmacmini/code/odoo-16.0/odoo/cli/server.py", line 187, in run
    main(args)
  File "/Users/shawnmacmini/code/odoo-16.0/odoo/cli/server.py", line 180, in main
    rc = odoo.service.server.start(preload=preload, stop=stop)
  File "/Users/shawnmacmini/code/odoo-16.0/odoo/service/server.py", line 1379, in start
    load_server_wide_modules()
  File "/Users/shawnmacmini/code/odoo-16.0/odoo/service/server.py", line 1281, in load_server_wide_modules
    odoo.modules.module.load_openerp_module(m)
  File "/Users/shawnmacmini/code/odoo-16.0/odoo/modules/module.py", line 471, in load_openerp_module
    __import__('odoo.addons.' + module_name)
  File "/Users/shawnmacmini/code/odoo-16.0/odoo/addons/base/__init__.py", line 5, in <module>
    from . import models
  File "/Users/shawnmacmini/code/odoo-16.0/odoo/addons/base/models/__init__.py", line 11, in <module>
    from . import ir_actions_report
  File "/Users/shawnmacmini/code/odoo-16.0/odoo/addons/base/models/ir_actions_report.py", line 25, in <module>
    from reportlab.graphics.barcode import createBarcodeDrawing
  File "/Users/shawnmacmini/code/odoo-16.0/.venv/lib/python3.10/site-packages/reportlab/graphics/barcode/__init__.py", line 76, in <module>
    _reset()
  File "/Users/shawnmacmini/code/odoo-16.0/.venv/lib/python3.10/site-packages/reportlab/graphics/barcode/__init__.py", line 42, in _reset
    from reportlab.graphics.barcode.widgets import BarcodeI2of5, BarcodeCode128, BarcodeStandard93,\
  File "/Users/shawnmacmini/code/odoo-16.0/.venv/lib/python3.10/site-packages/reportlab/graphics/barcode/widgets.py", line 23, in <module>
    from reportlab.graphics.shapes import Line, Rect, Group, NotImplementedError, String
  File "/Users/shawnmacmini/code/odoo-16.0/.venv/lib/python3.10/site-packages/reportlab/graphics/shapes.py", line 12, in <module>
    from reportlab.platypus import Flowable
  File "/Users/shawnmacmini/code/odoo-16.0/.venv/lib/python3.10/site-packages/reportlab/platypus/__init__.py", line 10, in <module>
    from .paragraph import *
  File "/Users/shawnmacmini/code/odoo-16.0/.venv/lib/python3.10/site-packages/reportlab/platypus/paragraph.py", line 16, in <module>
    from reportlab.platypus.paraparser import ParaParser, _PCT, _num as _parser_num, _re_us_value
  File "/opt/homebrew/Cellar/python@3.10/3.10.19_1/Frameworks/Python.framework/Versions/3.10/lib/python3.10/warnings.py", line 109, in _showwarnmsg
    sw(msg.message, msg.category, msg.filename, msg.lineno,
  File "/Users/shawnmacmini/code/odoo-16.0/odoo/netsvc.py", line 323, in showwarning_with_traceback
    for frame in traceback.extract_stack():
 
2025-11-01 15:16:02,892 19533 INFO ? odoo.addons.base.models.ir_actions_report: You need Wkhtmltopdf to print a pdf version of the reports. 
2025-11-01 15:16:03,139 19533 WARNING ? odoo.service.server: 'watchdog' module not installed. Code autoreload feature is disabled 
2025-11-01 15:16:03,145 19533 INFO ? odoo.service.server: HTTP service (werkzeug) running on 1.0.0.0.0.0.0.0.0.0.0.0.0.0.0.0.0.0.0.0.0.0.0.0.0.0.0.0.0.0.0.0.ip6.arpa:8069 
2025-11-01 15:16:03,153 19533 INFO odoo16 odoo.modules.loading: loading 1 modules... 
2025-11-01 15:16:03,156 19533 INFO odoo16 odoo.modules.loading: 1 modules loaded in 0.00s, 0 queries (+0 extra) 
2025-11-01 15:16:03,194 19533 INFO odoo16 odoo.modules.loading: loading 102 modules... 
2025-11-01 15:16:04,308 19533 INFO odoo16 odoo.modules.loading: 102 modules loaded in 1.11s, 0 queries (+0 extra) 
2025-11-01 15:16:04,426 19533 INFO odoo16 odoo.modules.loading: Modules loaded. 
2025-11-01 15:16:04,432 19533 INFO odoo16 odoo.modules.registry: Registry loaded in 1.293s 
2025-11-01 15:16:05,077 19533 INFO odoo16 odoo.addons.base.models.ir_http: Generating routing map for key 1 
2025-11-01 15:16:05,233 19533 INFO odoo16 werkzeug: 127.0.0.1 - - [01/Nov/2025 15:16:05] "GET /websocket HTTP/1.1" 101 - 15 0.014 0.149
2025-11-01 15:16:05,240 19533 INFO ? odoo.addons.bus.models.bus: Bus.loop listen imbus on db postgres 
2025-11-01 15:16:06,897 19533 INFO odoo16 werkzeug: 127.0.0.1 - - [01/Nov/2025 15:16:06] "GET /web HTTP/1.1" 303 - 1 0.000 0.002
2025-11-01 15:16:06,920 19533 WARNING odoo16 odoo.modules.registry: store.inventory.batch: inconsistent 'compute_sudo' for computed fields: picking_ids, picking_count, quant_count, operation_count, lot_count 
2025-11-01 15:16:06,925 19533 INFO odoo16 werkzeug: 127.0.0.1 - - [01/Nov/2025 15:16:06] "GET /web/login HTTP/1.1" 303 - 13 0.014 0.011
2025-11-01 15:16:07,085 19533 WARNING odoo16 odoo.addons.base.models.ir_qweb: Found deprecated directive @t-esc='error' in template 185. Replace by @t-out 
2025-11-01 15:16:07,086 19533 WARNING odoo16 odoo.addons.base.models.ir_qweb: Found deprecated directive @t-esc='message' in template 185. Replace by @t-out 
2025-11-01 15:16:07,201 19533 WARNING odoo16 odoo.addons.base.models.ir_qweb: Found deprecated directive @t-esc="title or 'Odoo'" in template 470. Replace by @t-out 
2025-11-01 15:16:07,202 19533 WARNING odoo16 odoo.addons.base.models.ir_qweb: Found deprecated directive @t-esc='request.csrf_token(None)' in template 470. Replace by @t-out 
2025-11-01 15:16:07,202 19533 WARNING odoo16 odoo.addons.base.models.ir_qweb: Found deprecated directive @t-esc='debug' in template 470. Replace by @t-out 
2025-11-01 15:16:07,204 19533 WARNING odoo16 odoo.addons.base.models.ir_qweb: Found deprecated directive @t-esc="menu['name']" in template 470. Replace by @t-out 
2025-11-01 15:16:07,209 19533 WARNING odoo16 odoo.addons.base.models.ir_qweb: Found deprecated directive @t-esc="link['text']" in template 470. Replace by @t-out 
2025-11-01 15:16:07,212 19533 WARNING odoo16 odoo.addons.base.models.ir_qweb: Found deprecated directive @t-esc='website.google_analytics_key' in template 470. Replace by @t-out 
2025-11-01 15:16:07,323 19533 INFO odoo16 odoo.addons.base.models.assetsbundle: Failed to find attachment for assets /web/assets/%-45d4463/1/web.assets_frontend.min.css 
2025-11-01 15:16:07,880 19533 INFO odoo16 odoo.addons.base.models.assetsbundle: Failed to find attachment for assets /web/assets/%-8145f96/1/web.assets_frontend_minimal.min.js 
2025-11-01 15:16:07,964 19533 INFO odoo16 odoo.addons.base.models.assetsbundle: Failed to find attachment for assets /web/assets/%-cb4217d/1/web.assets_frontend_lazy.min.js 
2025-11-01 15:16:08,910 19533 WARNING odoo16 odoo.addons.base.models.ir_qweb: Found deprecated directive @t-esc='website_sale_cart_quantity' in template 1462. Replace by @t-out 
2025-11-01 15:16:08,926 19533 WARNING odoo16 odoo.addons.base.models.ir_qweb: Found deprecated directive @t-esc="user_id.name[:23] + '...' if user_id.name and len(user_id.name) > 25 else user_id.name" in template 399. Replace by @t-out 
2025-11-01 15:16:08,975 19533 WARNING odoo16 odoo.addons.base.models.ir_qweb: Found deprecated directive @t-esc="active_lang[2].split('/').pop()" in template 398. Replace by @t-out 
2025-11-01 15:16:08,976 19533 WARNING odoo16 odoo.addons.base.models.ir_qweb: Found deprecated directive @t-esc="lg[2].split('/').pop()" in template 398. Replace by @t-out 
2025-11-01 15:16:09,009 19533 INFO odoo16 werkzeug: 127.0.0.1 - - [01/Nov/2025 15:16:09] "GET /zh_CN/web/login HTTP/1.1" 200 - 243 0.171 1.911
2025-11-01 15:16:09,049 19533 INFO odoo16 werkzeug: 127.0.0.1 - - [01/Nov/2025 15:16:09] "GET /web/assets/1588-45d4463/1/web.assets_frontend.min.css HTTP/1.1" 200 - 4 0.002 0.008
2025-11-01 15:16:09,050 19533 INFO odoo16 werkzeug: 127.0.0.1 - - [01/Nov/2025 15:16:09] "GET /web/assets/1589-8145f96/1/web.assets_frontend_minimal.min.js HTTP/1.1" 200 - 4 0.003 0.008
2025-11-01 15:16:09,191 19533 ERROR odoo16 odoo.http: Exception during request handling. 
Traceback (most recent call last):
  File "/Users/shawnmacmini/code/odoo-16.0/odoo/http.py", line 2261, in __call__
    response = request._serve_db()
  File "/Users/shawnmacmini/code/odoo-16.0/odoo/http.py", line 1848, in _serve_db
    return service_model.retrying(self._serve_ir_http, self.env)
  File "/Users/shawnmacmini/code/odoo-16.0/odoo/service/model.py", line 152, in retrying
    result = func()
  File "/Users/shawnmacmini/code/odoo-16.0/odoo/http.py", line 1876, in _serve_ir_http
    response = self.dispatcher.dispatch(rule.endpoint, args)
  File "/Users/shawnmacmini/code/odoo-16.0/odoo/http.py", line 1990, in dispatch
    return self.request.registry['ir.http']._dispatch(endpoint)
  File "/Users/shawnmacmini/code/odoo-16.0/addons/website/models/ir_http.py", line 237, in _dispatch
    response = super()._dispatch(endpoint)
  File "/Users/shawnmacmini/code/odoo-16.0/odoo/addons/base/models/ir_http.py", line 154, in _dispatch
    result = endpoint(**request.params)
  File "/Users/shawnmacmini/code/odoo-16.0/odoo/http.py", line 763, in route_wrapper
    result = endpoint(self, *args, **params_ok)
  File "/Users/shawnmacmini/code/odoo-16.0/addons/web/controllers/binary.py", line 146, in content_image
    stream = request.env['ir.binary']._get_image_stream_from(
  File "/Users/shawnmacmini/code/odoo-16.0/odoo/addons/base/models/ir_binary.py", line 202, in _get_image_stream_from
    stream = self._get_stream_from(
  File "/Users/shawnmacmini/code/odoo-16.0/odoo/addons/base/models/ir_binary.py", line 126, in _get_stream_from
    stream = self._record_to_stream(record, field_name)
  File "/Users/shawnmacmini/code/odoo-16.0/addons/website/models/ir_binary.py", line 41, in _record_to_stream
    return super()._record_to_stream(record, field_name)
  File "/Users/shawnmacmini/code/odoo-16.0/odoo/addons/base/models/ir_binary.py", line 85, in _record_to_stream
    return Stream.from_attachment(field_attachment)
  File "/Users/shawnmacmini/code/odoo-16.0/odoo/http.py", line 505, in from_attachment
    stat = os.stat(self.path)
FileNotFoundError: [Errno 2] No such file or directory: '/Users/shawnmacmini/code/odoo-16.0/.odoo-data/filestore/odoo16/37/37db4d649b09ca55779e81bc4d6d7eebca017503'
2025-11-01 15:16:09,196 19533 INFO odoo16 werkzeug: 127.0.0.1 - - [01/Nov/2025 15:16:09] "GET /web/assets/1590-cb4217d/1/web.assets_frontend_lazy.min.js HTTP/1.1" 200 - 4 0.003 0.056
2025-11-01 15:16:09,198 19533 INFO odoo16 werkzeug: 127.0.0.1 - - [01/Nov/2025 15:16:09] "GET /web/image/website/1/logo/My%20Website?unique=1ba5bfc HTTP/1.1" 500 - 5 0.019 0.055
2025-11-01 15:16:09,281 19533 INFO odoo16 werkzeug: 127.0.0.1 - - [01/Nov/2025 15:16:09] "GET /website/translations/b925013c26d2c171b4a044972f11e1f9d30a6a25?lang=zh_CN HTTP/1.1" 303 - 1 0.000 0.002
2025-11-01 15:16:09,293 19533 INFO odoo16 werkzeug: 127.0.0.1 - - [01/Nov/2025 15:16:09] "GET /website/translations/b925013c26d2c171b4a044972f11e1f9d30a6a25?lang=zh_CN HTTP/1.1" 303 - 1 0.000 0.002
2025-11-01 15:16:09,309 19533 INFO odoo16 werkzeug: 127.0.0.1 - - [01/Nov/2025 15:16:09] "POST /shop/cart/quantity HTTP/1.1" 200 - 4 0.003 0.002
2025-11-01 15:16:13,375 19533 INFO odoo16 odoo.addons.base.models.res_users: Login successful for db:odoo16 login:admin from 127.0.0.1 
2025-11-01 15:16:13,393 19533 INFO odoo16 werkzeug: 127.0.0.1 - - [01/Nov/2025 15:16:13] "POST /web/login HTTP/1.1" 303 - 50 0.067 0.204
2025-11-01 15:16:14,296 19533 INFO odoo16 odoo.addons.base.models.assetsbundle: Failed to find attachment for assets /web/assets/%-74eb227/web.assets_common.min.css 
2025-11-01 15:16:14,526 19533 INFO odoo16 odoo.addons.base.models.assetsbundle: Failed to find attachment for assets /web/assets/%-640171b/web.assets_backend.min.css 
2025-11-01 15:16:15,165 19533 INFO odoo16 odoo.addons.base.models.assetsbundle: Failed to find attachment for assets /web/assets/%-74eb227/web.assets_common.min.js 
2025-11-01 15:16:15,502 19533 INFO odoo16 odoo.addons.base.models.assetsbundle: Failed to find attachment for assets /web/assets/%-640171b/web.assets_backend.min.js 
2025-11-01 15:16:17,129 19533 INFO odoo16 odoo.addons.base.models.assetsbundle: Failed to find attachment for assets /web/assets/%-de87312/web.assets_backend_prod_only.min.js 
2025-11-01 15:16:17,142 19533 WARNING odoo16 odoo.addons.base.models.ir_qweb: Found deprecated directive @t-esc="title or 'Odoo'" in template 180. Replace by @t-out 
2025-11-01 15:16:17,143 19533 WARNING odoo16 odoo.addons.base.models.ir_qweb: Found deprecated directive @t-esc='request.csrf_token(None)' in template 180. Replace by @t-out 
2025-11-01 15:16:17,143 19533 WARNING odoo16 odoo.addons.base.models.ir_qweb: Found deprecated directive @t-esc='debug' in template 180. Replace by @t-out 
2025-11-01 15:16:17,169 19533 INFO odoo16 werkzeug: 127.0.0.1 - - [01/Nov/2025 15:16:17] "GET /web HTTP/1.1" 200 - 126 0.146 3.625
2025-11-01 15:16:17,198 19533 INFO odoo16 werkzeug: 127.0.0.1 - - [01/Nov/2025 15:16:17] "GET /web/assets/1591-74eb227/web.assets_common.min.css HTTP/1.1" 200 - 4 0.003 0.012
2025-11-01 15:16:17,201 19533 INFO odoo16 werkzeug: 127.0.0.1 - - [01/Nov/2025 15:16:17] "GET /web/assets/1594-640171b/web.assets_backend.min.js HTTP/1.1" 200 - 4 0.002 0.015
2025-11-01 15:16:17,202 19533 INFO odoo16 werkzeug: 127.0.0.1 - - [01/Nov/2025 15:16:17] "GET /web/assets/1595-de87312/web.assets_backend_prod_only.min.js HTTP/1.1" 200 - 4 0.002 0.015
2025-11-01 15:16:17,202 19533 INFO odoo16 werkzeug: 127.0.0.1 - - [01/Nov/2025 15:16:17] "GET /web/assets/1592-640171b/web.assets_backend.min.css HTTP/1.1" 200 - 4 0.005 0.014
2025-11-01 15:16:17,203 19533 INFO odoo16 werkzeug: 127.0.0.1 - - [01/Nov/2025 15:16:17] "GET /web/assets/1593-74eb227/web.assets_common.min.js HTTP/1.1" 200 - 4 0.006 0.013
2025-11-01 15:16:17,498 19533 INFO odoo16 werkzeug: 127.0.0.1 - - [01/Nov/2025 15:16:17] "GET /websocket HTTP/1.1" 101 - 1 0.000 0.005
2025-11-01 15:16:17,521 19533 INFO odoo16 werkzeug: 127.0.0.1 - - [01/Nov/2025 15:16:17] "POST /web/action/load HTTP/1.1" 200 - 14 0.018 0.011
2025-11-01 15:16:17,546 19533 INFO odoo16 odoo.addons.base.models.ir_attachment: _read_file reading /Users/shawnmacmini/code/odoo-16.0/.odoo-data/filestore/odoo16/c2/c2e1616224ae96b9403a2cd8794e8e22ac9beff7 
Traceback (most recent call last):
  File "/Users/shawnmacmini/code/odoo-16.0/odoo/api.py", line 1013, in get
    cache_value = field_cache[record._ids[0]]
KeyError: 2

During handling of the above exception, another exception occurred:

Traceback (most recent call last):
  File "/Users/shawnmacmini/code/odoo-16.0/odoo/fields.py", line 1161, in __get__
    value = env.cache.get(record, self)
  File "/Users/shawnmacmini/code/odoo-16.0/odoo/api.py", line 1020, in get
    raise CacheMiss(record, field)
odoo.exceptions.CacheMiss: 'res.users(2,).avatar_128'

During handling of the above exception, another exception occurred:

Traceback (most recent call last):
  File "/Users/shawnmacmini/code/odoo-16.0/odoo/api.py", line 1013, in get
    cache_value = field_cache[record._ids[0]]
KeyError: 3

During handling of the above exception, another exception occurred:

Traceback (most recent call last):
  File "/Users/shawnmacmini/code/odoo-16.0/odoo/fields.py", line 1161, in __get__
    value = env.cache.get(record, self)
  File "/Users/shawnmacmini/code/odoo-16.0/odoo/api.py", line 1020, in get
    raise CacheMiss(record, field)
odoo.exceptions.CacheMiss: 'res.partner(3,).avatar_128'

During handling of the above exception, another exception occurred:

Traceback (most recent call last):
  File "/Users/shawnmacmini/code/odoo-16.0/odoo/api.py", line 1013, in get
    cache_value = field_cache[record._ids[0]]
KeyError: 3

During handling of the above exception, another exception occurred:

Traceback (most recent call last):
  File "/Users/shawnmacmini/code/odoo-16.0/odoo/fields.py", line 1161, in __get__
    value = env.cache.get(record, self)
  File "/Users/shawnmacmini/code/odoo-16.0/odoo/api.py", line 1020, in get
    raise CacheMiss(record, field)
odoo.exceptions.CacheMiss: 'res.partner(3,).image_128'

During handling of the above exception, another exception occurred:

Traceback (most recent call last):
  File "/Users/shawnmacmini/code/odoo-16.0/odoo/api.py", line 1013, in get
    cache_value = field_cache[record._ids[0]]
KeyError: 27

During handling of the above exception, another exception occurred:

Traceback (most recent call last):
  File "/Users/shawnmacmini/code/odoo-16.0/odoo/fields.py", line 1161, in __get__
    value = env.cache.get(record, self)
  File "/Users/shawnmacmini/code/odoo-16.0/odoo/api.py", line 1020, in get
    raise CacheMiss(record, field)
odoo.exceptions.CacheMiss: 'ir.attachment(27,).datas'

During handling of the above exception, another exception occurred:

Traceback (most recent call last):
  File "/Users/shawnmacmini/code/odoo-16.0/odoo/api.py", line 1013, in get
    cache_value = field_cache[record._ids[0]]
KeyError: 27

During handling of the above exception, another exception occurred:

Traceback (most recent call last):
  File "/Users/shawnmacmini/code/odoo-16.0/odoo/fields.py", line 1161, in __get__
    value = env.cache.get(record, self)
  File "/Users/shawnmacmini/code/odoo-16.0/odoo/api.py", line 1020, in get
    raise CacheMiss(record, field)
odoo.exceptions.CacheMiss: 'ir.attachment(27,).raw'

During handling of the above exception, another exception occurred:

Traceback (most recent call last):
  File "/Users/shawnmacmini/code/odoo-16.0/odoo/addons/base/models/ir_attachment.py", line 121, in _file_read
    with open(full_path, 'rb') as f:
FileNotFoundError: [Errno 2] No such file or directory: '/Users/shawnmacmini/code/odoo-16.0/.odoo-data/filestore/odoo16/c2/c2e1616224ae96b9403a2cd8794e8e22ac9beff7'
2025-11-01 15:16:17,553 19533 INFO odoo16 werkzeug: 127.0.0.1 - - [01/Nov/2025 15:16:17] "GET /web/image/res.company/1/favicon HTTP/1.1" 304 - 8 0.011 0.004
2025-11-01 15:16:17,554 19533 INFO odoo16 werkzeug: 127.0.0.1 - - [01/Nov/2025 15:16:17] "GET /web/image?model=res.users&field=avatar_128&id=2 HTTP/1.1" 304 - 7 0.006 0.016
2025-11-01 15:16:17,567 19533 INFO odoo16 werkzeug: 127.0.0.1 - - [01/Nov/2025 15:16:17] "GET /web/image/res.company/1/favicon HTTP/1.1" 304 - 8 0.005 0.005
2025-11-01 15:16:17,580 19533 INFO odoo16 werkzeug: 127.0.0.1 - - [01/Nov/2025 15:16:17] "POST /web/dataset/call_kw/res.users/systray_get_activities HTTP/1.1" 200 - 45 0.044 0.010
2025-11-01 15:16:17,583 19533 INFO ? werkzeug: 127.0.0.1 - - [01/Nov/2025 15:16:17] "GET /mail/static/src/audio/ting.ogg HTTP/1.1" 206 - 0 0.000 0.001
2025-11-01 15:16:17,607 19533 INFO odoo16 werkzeug: 127.0.0.1 - - [01/Nov/2025 15:16:17] "POST /mail/init_messaging HTTP/1.1" 200 - 71 0.068 0.013
2025-11-01 15:16:17,615 19533 INFO odoo16 werkzeug: 127.0.0.1 - - [01/Nov/2025 15:16:17] "POST /web/dataset/call_kw/ir.module.module/get_views HTTP/1.1" 200 - 58 0.039 0.040
2025-11-01 15:16:17,622 19533 INFO odoo16 werkzeug: 127.0.0.1 - - [01/Nov/2025 15:16:17] "POST /mail/load_message_failures HTTP/1.1" 200 - 10 0.005 0.003
2025-11-01 15:16:17,630 19533 INFO odoo16 werkzeug: 127.0.0.1 - - [01/Nov/2025 15:16:17] "POST /web/dataset/call_kw/ir.module.module/web_search_read HTTP/1.1" 200 - 7 0.003 0.002
2025-11-01 15:16:17,649 19533 INFO odoo16 werkzeug: 127.0.0.1 - - [01/Nov/2025 15:16:17] "POST /web/dataset/call_kw/ir.module.module/search_panel_select_range HTTP/1.1" 200 - 83 0.021 0.005
2025-11-01 15:16:24,319 19533 INFO odoo16 odoo.addons.base.models.ir_module: ALLOW access to module.button_immediate_install on ['门店吧台前台'] to user admin #2 via 127.0.0.1 
2025-11-01 15:16:24,320 19533 INFO odoo16 odoo.addons.base.models.ir_module: User #2 triggered module installation 
2025-11-01 15:16:24,322 19533 INFO odoo16 odoo.addons.base.models.ir_module: ALLOW access to module.button_install on ['门店吧台前台'] to user admin #2 via 127.0.0.1 
2025-11-01 15:16:24,642 19533 INFO odoo16 odoo.modules.loading: loading 1 modules... 
2025-11-01 15:16:24,645 19533 INFO odoo16 odoo.modules.loading: 1 modules loaded in 0.00s, 0 queries (+0 extra) 
2025-11-01 15:16:24,655 19533 INFO odoo16 odoo.modules.loading: updating modules list 
2025-11-01 15:16:24,655 19533 INFO odoo16 odoo.addons.base.models.ir_module: ALLOW access to module.update_list on [] to user __system__ #1 via 127.0.0.1 
2025-11-01 15:16:24,875 19533 INFO odoo16 odoo.modules.loading: loading 102 modules... 
2025-11-01 15:16:24,901 19533 INFO odoo16 odoo.modules.loading: 102 modules loaded in 0.03s, 0 queries (+0 extra) 
2025-11-01 15:16:24,901 19533 INFO odoo16 odoo.modules.loading: loading 103 modules... 
2025-11-01 15:16:24,901 19533 INFO odoo16 odoo.modules.loading: Loading module store_bar (79/103) 
2025-11-01 15:16:24,991 19533 INFO odoo16 odoo.modules.registry: module store_bar: creating or updating database tables 
2025-11-01 15:16:25,124 19533 WARNING odoo16 odoo.modules.registry: store.inventory.batch: inconsistent 'compute_sudo' for computed fields: picking_ids, picking_count, quant_count, operation_count, lot_count 
2025-11-01 15:16:25,129 19533 INFO odoo16 odoo.modules.registry: Models have no table: store.link.group.application, store.link.group. 
2025-11-01 15:16:25,129 19533 INFO odoo16 odoo.modules.registry: Recreate table of model store.link.group.application. 
2025-11-01 15:16:25,129 19533 INFO odoo16 odoo.modules.registry: Recreate table of model store.link.group. 
2025-11-01 15:16:25,130 19533 ERROR odoo16 odoo.modules.registry: Model store.link.group.application has no table. 
2025-11-01 15:16:25,130 19533 ERROR odoo16 odoo.modules.registry: Model store.link.group has no table. 
2025-11-01 15:16:25,169 19533 INFO odoo16 odoo.modules.loading: loading store_bar/data/store_bar_sequence.xml 
2025-11-01 15:16:25,173 19533 INFO odoo16 odoo.modules.loading: loading store_bar/security/store_bar_security.xml 
2025-11-01 15:16:25,240 19533 INFO odoo16 odoo.modules.loading: loading store_bar/security/store_bar_rule.xml 
2025-11-01 15:16:25,257 19533 INFO odoo16 odoo.modules.loading: loading store_bar/security/ir.model.access.csv 
2025-11-01 15:16:25,264 19533 INFO odoo16 odoo.modules.loading: loading store_bar/views/store_bar_actions.xml 
2025-11-01 15:16:25,267 19533 INFO odoo16 odoo.modules.loading: loading store_bar/views/store_bar_order_views.xml 
2025-11-01 15:16:25,277 19533 WARNING odoo16 odoo.modules.loading: Transient module states were reset 
2025-11-01 15:16:25,277 19533 ERROR odoo16 odoo.modules.registry: Failed to load registry 
Traceback (most recent call last):
  File "/Users/shawnmacmini/code/odoo-16.0/odoo/modules/registry.py", line 87, in new
    odoo.modules.load_modules(registry, force_demo, status, update_module)
  File "/Users/shawnmacmini/code/odoo-16.0/odoo/modules/loading.py", line 493, in load_modules
    processed_modules += load_marked_modules(cr, graph,
  File "/Users/shawnmacmini/code/odoo-16.0/odoo/modules/loading.py", line 374, in load_marked_modules
    loaded, processed = load_module_graph(
  File "/Users/shawnmacmini/code/odoo-16.0/odoo/modules/loading.py", line 233, in load_module_graph
    load_data(cr, idref, mode, kind='data', package=package)
  File "/Users/shawnmacmini/code/odoo-16.0/odoo/modules/loading.py", line 73, in load_data
    tools.convert_file(cr, package.name, filename, idref, mode, noupdate, kind)
  File "/Users/shawnmacmini/code/odoo-16.0/odoo/tools/convert.py", line 771, in convert_file
    convert_xml_import(cr, module, fp, idref, mode, noupdate)
  File "/Users/shawnmacmini/code/odoo-16.0/odoo/tools/convert.py", line 837, in convert_xml_import
    obj.parse(doc.getroot())
  File "/Users/shawnmacmini/code/odoo-16.0/odoo/tools/convert.py", line 757, in parse
    self._tag_root(de)
  File "/Users/shawnmacmini/code/odoo-16.0/odoo/tools/convert.py", line 717, in _tag_root
    raise ParseError(msg) from None  # Restart with "--log-handler odoo.tools.convert:DEBUG" for complete traceback
odoo.tools.convert.ParseError: while parsing /Users/shawnmacmini/code/odoo-16.0/addons-custom/store_bar/views/store_bar_order_views.xml:21
验证附近视图时出错:

<form string="吧台订单" __validate__="1">
                <header>
                    <button name="action_lock" string="锁定订单" type="object" class="oe_highlight" states="draft"/>

domain of field 'batch_id' ([('product_id', '=', product_id), ('company_id', '=', company_id)]) 中使用的字段 'company_id' 必须存在于视图中但缺失.

View error context:
{'file': '/Users/shawnmacmini/code/odoo-16.0/addons-custom/store_bar/views/store_bar_order_views.xml',
 'line': 1,
 'name': 'store.bar.order.form',
 'view': ir.ui.view(2317,),
 'view.model': 'store.bar.order',
 'view.parent': ir.ui.view(),
 'xmlid': 'view_store_bar_order_form'}

2025-11-01 15:16:25,281 19533 INFO odoo16 odoo.modules.loading: loading 1 modules... 
2025-11-01 15:16:25,284 19533 INFO odoo16 odoo.modules.loading: 1 modules loaded in 0.00s, 0 queries (+0 extra) 
2025-11-01 15:16:25,288 19533 INFO odoo16 odoo.modules.loading: loading 102 modules... 
2025-11-01 15:16:25,314 19533 INFO odoo16 odoo.modules.loading: 102 modules loaded in 0.03s, 0 queries (+0 extra) 
2025-11-01 15:16:25,397 19533 INFO odoo16 odoo.modules.loading: Modules loaded. 
2025-11-01 15:16:25,400 19533 INFO odoo16 odoo.modules.registry: Registry loaded in 0.121s 
2025-11-01 15:16:25,402 19533 ERROR odoo16 odoo.http: Exception during request handling. 
Traceback (most recent call last):
  File "/Users/shawnmacmini/code/odoo-16.0/odoo/http.py", line 2261, in __call__
    response = request._serve_db()
  File "/Users/shawnmacmini/code/odoo-16.0/odoo/http.py", line 1848, in _serve_db
    return service_model.retrying(self._serve_ir_http, self.env)
  File "/Users/shawnmacmini/code/odoo-16.0/odoo/service/model.py", line 152, in retrying
    result = func()
  File "/Users/shawnmacmini/code/odoo-16.0/odoo/http.py", line 1876, in _serve_ir_http
    response = self.dispatcher.dispatch(rule.endpoint, args)
  File "/Users/shawnmacmini/code/odoo-16.0/odoo/http.py", line 2080, in dispatch
    result = self.request.registry['ir.http']._dispatch(endpoint)
  File "/Users/shawnmacmini/code/odoo-16.0/addons/website/models/ir_http.py", line 237, in _dispatch
    response = super()._dispatch(endpoint)
  File "/Users/shawnmacmini/code/odoo-16.0/odoo/addons/base/models/ir_http.py", line 154, in _dispatch
    result = endpoint(**request.params)
  File "/Users/shawnmacmini/code/odoo-16.0/odoo/http.py", line 763, in route_wrapper
    result = endpoint(self, *args, **params_ok)
  File "/Users/shawnmacmini/code/odoo-16.0/addons/web/controllers/dataset.py", line 47, in call_button
    action = self._call_kw(model, method, args, kwargs)
  File "/Users/shawnmacmini/code/odoo-16.0/addons/web/controllers/dataset.py", line 34, in _call_kw
    return call_kw(Model, method, args, kwargs)
  File "/Users/shawnmacmini/code/odoo-16.0/odoo/api.py", line 484, in call_kw
    result = _call_kw_multi(method, model, args, kwargs)
  File "/Users/shawnmacmini/code/odoo-16.0/odoo/api.py", line 469, in _call_kw_multi
    result = method(recs, *args, **kwargs)
  File "<decorator-gen-72>", line 2, in button_immediate_install
  File "/Users/shawnmacmini/code/odoo-16.0/odoo/addons/base/models/ir_module.py", line 74, in check_and_log
    return method(self, *args, **kwargs)
  File "/Users/shawnmacmini/code/odoo-16.0/odoo/addons/base/models/ir_module.py", line 478, in button_immediate_install
    return self._button_immediate_function(self.env.registry[self._name].button_install)
  File "/Users/shawnmacmini/code/odoo-16.0/odoo/addons/base/models/ir_module.py", line 602, in _button_immediate_function
    registry = modules.registry.Registry.new(self._cr.dbname, update_module=True)
  File "<decorator-gen-16>", line 2, in new
  File "/Users/shawnmacmini/code/odoo-16.0/odoo/tools/func.py", line 87, in locked
    return func(inst, *args, **kwargs)
  File "/Users/shawnmacmini/code/odoo-16.0/odoo/modules/registry.py", line 87, in new
    odoo.modules.load_modules(registry, force_demo, status, update_module)
  File "/Users/shawnmacmini/code/odoo-16.0/odoo/modules/loading.py", line 493, in load_modules
    processed_modules += load_marked_modules(cr, graph,
  File "/Users/shawnmacmini/code/odoo-16.0/odoo/modules/loading.py", line 374, in load_marked_modules
    loaded, processed = load_module_graph(
  File "/Users/shawnmacmini/code/odoo-16.0/odoo/modules/loading.py", line 233, in load_module_graph
    load_data(cr, idref, mode, kind='data', package=package)
  File "/Users/shawnmacmini/code/odoo-16.0/odoo/modules/loading.py", line 73, in load_data
    tools.convert_file(cr, package.name, filename, idref, mode, noupdate, kind)
  File "/Users/shawnmacmini/code/odoo-16.0/odoo/tools/convert.py", line 771, in convert_file
    convert_xml_import(cr, module, fp, idref, mode, noupdate)
  File "/Users/shawnmacmini/code/odoo-16.0/odoo/tools/convert.py", line 837, in convert_xml_import
    obj.parse(doc.getroot())
  File "/Users/shawnmacmini/code/odoo-16.0/odoo/tools/convert.py", line 757, in parse
    self._tag_root(de)
  File "/Users/shawnmacmini/code/odoo-16.0/odoo/tools/convert.py", line 717, in _tag_root
    raise ParseError(msg) from None  # Restart with "--log-handler odoo.tools.convert:DEBUG" for complete traceback
odoo.tools.convert.ParseError: while parsing /Users/shawnmacmini/code/odoo-16.0/addons-custom/store_bar/views/store_bar_order_views.xml:21
验证附近视图时出错:

<form string="吧台订单" __validate__="1">
                <header>
                    <button name="action_lock" string="锁定订单" type="object" class="oe_highlight" states="draft"/>

domain of field 'batch_id' ([('product_id', '=', product_id), ('company_id', '=', company_id)]) 中使用的字段 'company_id' 必须存在于视图中但缺失.

View error context:
{'file': '/Users/shawnmacmini/code/odoo-16.0/addons-custom/store_bar/views/store_bar_order_views.xml',
 'line': 1,
 'name': 'store.bar.order.form',
 'view': ir.ui.view(2317,),
 'view.model': 'store.bar.order',
 'view.parent': ir.ui.view(),
 'xmlid': 'view_store_bar_order_form'}

2025-11-01 15:16:25,402 19533 INFO odoo16 werkzeug: 127.0.0.1 - - [01/Nov/2025 15:16:25] "POST /web/dataset/call_button HTTP/1.1" 200 - 1580 0.356 0.739
2025-11-01 15:17:04,555 19533 WARNING odoo16 odoo.modules.registry: store.inventory.batch: inconsistent 'compute_sudo' for computed fields: picking_ids, picking_count, quant_count, operation_count, lot_count 
2025-11-01 15:17:04,575 19533 INFO odoo16 odoo.addons.base.models.ir_cron: Starting job `Mail: Email Queue Manager`. 
2025-11-01 15:17:04,590 19533 INFO odoo16 odoo.addons.base.models.ir_cron: Job `Mail: Email Queue Manager` done. 
2025-11-01 15:17:04,608 19533 INFO odoo16 odoo.addons.base.models.ir_cron: Starting job `Notification: Send scheduled message notifications`. 
2025-11-01 15:17:04,615 19533 INFO odoo16 odoo.addons.base.models.ir_cron: Job `Notification: Send scheduled message notifications` done. 
2025-11-01 15:17:04,622 19533 INFO odoo16 odoo.addons.base.models.ir_cron: Starting job `Snailmail: process letters queue`. 
2025-11-01 15:17:04,629 19533 INFO odoo16 odoo.addons.base.models.ir_cron: Job `Snailmail: process letters queue` done. 
2025-11-01 15:17:04,637 19533 INFO odoo16 odoo.addons.base.models.ir_cron: Starting job `Partner Autocomplete : Sync with remote DB`. 
2025-11-01 15:17:04,644 19533 INFO odoo16 odoo.addons.base.models.ir_cron: Job `Partner Autocomplete : Sync with remote DB` done. 
2025-11-01 15:17:04,650 19533 INFO odoo16 odoo.addons.base.models.ir_cron: Starting job `SMS: SMS Queue Manager`. 
2025-11-01 15:17:04,655 19533 INFO odoo16 odoo.addons.base.models.ir_cron: Job `SMS: SMS Queue Manager` done. 
2025-11-01 15:17:42,363 19533 INFO odoo16 odoo.service.server: Initiating shutdown 
2025-11-01 15:17:42,364 19533 INFO odoo16 odoo.service.server: Hit CTRL-C again or send a second signal to force the shutdown. 
Exception in thread odoo.service.cron.cron1:
Traceback (most recent call last):
  File "/opt/homebrew/Cellar/python@3.10/3.10.19_1/Frameworks/Python.framework/Versions/3.10/lib/python3.10/threading.py", line 1016, in _bootstrap_inner
Exception in thread odoo.service.cron.cron0:
Traceback (most recent call last):
  File "/opt/homebrew/Cellar/python@3.10/3.10.19_1/Frameworks/Python.framework/Versions/3.10/lib/python3.10/threading.py", line 1016, in _bootstrap_inner
2025-11-01 15:17:42,614 19533 INFO odoo16 odoo.sql_db: ConnectionPool(used=0/count=0/max=64): Closed 8 connections  
/Users/shawnmacmini/code/odoo-16.0/odoo/modules/module.py:11: UserWarning: pkg_resources is deprecated as an API. See https://setuptools.pypa.io/en/latest/pkg_resources.html. The pkg_resources package is slated for removal as early as 2025-11-30. Refrain from using this package or pin to Setuptools<81.
  import pkg_resources
2025-11-01 15:17:44,933 19706 INFO ? odoo: Odoo version 16.0 
2025-11-01 15:17:44,933 19706 INFO ? odoo: Using configuration file at /Users/shawnmacmini/code/odoo-16.0/odoo.conf 
2025-11-01 15:17:44,933 19706 INFO ? odoo: addons paths: ['/Users/shawnmacmini/code/odoo-16.0/odoo/addons', '/Users/shawnmacmini/code/odoo-16.0/.odoo-data/addons/16.0', '/Users/shawnmacmini/code/odoo-16.0/addons', '/Users/shawnmacmini/code/odoo-16.0/addons-custom'] 
2025-11-01 15:17:44,933 19706 INFO ? odoo: database: odoo@localhost:5432 
2025-11-01 15:17:45,009 19706 INFO ? odoo.addons.base.models.ir_actions_report: You need Wkhtmltopdf to print a pdf version of the reports. 
2025-11-01 15:17:45,097 19706 INFO ? odoo.service.server: HTTP service (werkzeug) running on 1.0.0.0.0.0.0.0.0.0.0.0.0.0.0.0.0.0.0.0.0.0.0.0.0.0.0.0.0.0.0.0.ip6.arpa:8069 
2025-11-01 15:17:45,113 19706 INFO odoo16 odoo.modules.loading: loading 1 modules... 
2025-11-01 15:17:45,117 19706 INFO odoo16 odoo.modules.loading: 1 modules loaded in 0.00s, 0 queries (+0 extra) 
2025-11-01 15:17:45,156 19706 INFO odoo16 odoo.modules.loading: loading 102 modules... 
2025-11-01 15:17:45,494 19706 INFO odoo16 odoo.modules.loading: 102 modules loaded in 0.34s, 0 queries (+0 extra) 
2025-11-01 15:17:45,610 19706 INFO odoo16 odoo.modules.loading: Modules loaded. 
2025-11-01 15:17:45,616 19706 INFO odoo16 odoo.modules.registry: Registry loaded in 0.523s 
2025-11-01 15:17:46,486 19706 INFO odoo16 odoo.addons.base.models.ir_http: Generating routing map for key 1 
2025-11-01 15:17:46,628 19706 INFO odoo16 werkzeug: 127.0.0.1 - - [01/Nov/2025 15:17:46] "GET /websocket HTTP/1.1" 101 - 10 0.019 0.129
2025-11-01 15:17:46,643 19706 INFO ? odoo.addons.bus.models.bus: Bus.loop listen imbus on db postgres 
2025-11-01 15:18:17,668 19706 WARNING odoo16 odoo.modules.registry: store.inventory.batch: inconsistent 'compute_sudo' for computed fields: picking_ids, picking_count, quant_count, operation_count, lot_count 
2025-11-01 15:18:45,689 19706 INFO odoo16 odoo.addons.base.models.ir_cron: Starting job `payment: post-process transactions`. 
2025-11-01 15:18:45,702 19706 INFO odoo16 odoo.addons.base.models.ir_cron: Job `payment: post-process transactions` done. 
2025-11-01 15:18:45,719 19706 INFO odoo16 odoo.addons.base.models.ir_cron: Starting job `Event: Mail Scheduler`. 
2025-11-01 15:18:45,738 19706 INFO odoo16 odoo.addons.base.models.ir_cron: Job `Event: Mail Scheduler` done. 
2025-11-01 15:18:45,745 19706 INFO odoo16 odoo.addons.base.models.ir_cron: Starting job `eCommerce: send email to customers about their abandoned cart`. 
2025-11-01 15:18:45,752 19706 INFO odoo16 odoo.addons.base.models.ir_cron: Job `eCommerce: send email to customers about their abandoned cart` done. 
2025-11-01 15:19:25,936 19706 INFO odoo16 werkzeug: 127.0.0.1 - - [01/Nov/2025 15:19:25] "GET /web HTTP/1.1" 200 - 90 0.084 1.315
2025-11-01 15:19:26,308 19706 INFO odoo16 odoo.addons.base.models.ir_attachment: _read_file reading /Users/shawnmacmini/code/odoo-16.0/.odoo-data/filestore/odoo16/c2/c2e1616224ae96b9403a2cd8794e8e22ac9beff7 
Traceback (most recent call last):
  File "/Users/shawnmacmini/code/odoo-16.0/odoo/api.py", line 1013, in get
    cache_value = field_cache[record._ids[0]]
KeyError: 2

During handling of the above exception, another exception occurred:

Traceback (most recent call last):
  File "/Users/shawnmacmini/code/odoo-16.0/odoo/fields.py", line 1161, in __get__
    value = env.cache.get(record, self)
  File "/Users/shawnmacmini/code/odoo-16.0/odoo/api.py", line 1020, in get
    raise CacheMiss(record, field)
odoo.exceptions.CacheMiss: 'res.users(2,).avatar_128'

During handling of the above exception, another exception occurred:

Traceback (most recent call last):
  File "/Users/shawnmacmini/code/odoo-16.0/odoo/api.py", line 1013, in get
    cache_value = field_cache[record._ids[0]]
KeyError: 3

During handling of the above exception, another exception occurred:

Traceback (most recent call last):
  File "/Users/shawnmacmini/code/odoo-16.0/odoo/fields.py", line 1161, in __get__
    value = env.cache.get(record, self)
  File "/Users/shawnmacmini/code/odoo-16.0/odoo/api.py", line 1020, in get
    raise CacheMiss(record, field)
odoo.exceptions.CacheMiss: 'res.partner(3,).avatar_128'

During handling of the above exception, another exception occurred:

Traceback (most recent call last):
  File "/Users/shawnmacmini/code/odoo-16.0/odoo/api.py", line 1013, in get
    cache_value = field_cache[record._ids[0]]
KeyError: 3

During handling of the above exception, another exception occurred:

Traceback (most recent call last):
  File "/Users/shawnmacmini/code/odoo-16.0/odoo/fields.py", line 1161, in __get__
    value = env.cache.get(record, self)
  File "/Users/shawnmacmini/code/odoo-16.0/odoo/api.py", line 1020, in get
    raise CacheMiss(record, field)
odoo.exceptions.CacheMiss: 'res.partner(3,).image_128'

During handling of the above exception, another exception occurred:

Traceback (most recent call last):
  File "/Users/shawnmacmini/code/odoo-16.0/odoo/api.py", line 1013, in get
    cache_value = field_cache[record._ids[0]]
KeyError: 27

During handling of the above exception, another exception occurred:

Traceback (most recent call last):
  File "/Users/shawnmacmini/code/odoo-16.0/odoo/fields.py", line 1161, in __get__
    value = env.cache.get(record, self)
  File "/Users/shawnmacmini/code/odoo-16.0/odoo/api.py", line 1020, in get
    raise CacheMiss(record, field)
odoo.exceptions.CacheMiss: 'ir.attachment(27,).datas'

During handling of the above exception, another exception occurred:

Traceback (most recent call last):
  File "/Users/shawnmacmini/code/odoo-16.0/odoo/api.py", line 1013, in get
    cache_value = field_cache[record._ids[0]]
KeyError: 27

During handling of the above exception, another exception occurred:

Traceback (most recent call last):
  File "/Users/shawnmacmini/code/odoo-16.0/odoo/fields.py", line 1161, in __get__
    value = env.cache.get(record, self)
  File "/Users/shawnmacmini/code/odoo-16.0/odoo/api.py", line 1020, in get
    raise CacheMiss(record, field)
odoo.exceptions.CacheMiss: 'ir.attachment(27,).raw'

During handling of the above exception, another exception occurred:

Traceback (most recent call last):
  File "/Users/shawnmacmini/code/odoo-16.0/odoo/addons/base/models/ir_attachment.py", line 121, in _file_read
    with open(full_path, 'rb') as f:
FileNotFoundError: [Errno 2] No such file or directory: '/Users/shawnmacmini/code/odoo-16.0/.odoo-data/filestore/odoo16/c2/c2e1616224ae96b9403a2cd8794e8e22ac9beff7'
2025-11-01 15:19:26,313 19706 INFO odoo16 werkzeug: 127.0.0.1 - - [01/Nov/2025 15:19:26] "GET /web/image?model=res.users&field=avatar_128&id=2 HTTP/1.1" 304 - 7 0.009 0.011
2025-11-01 15:19:26,639 19706 INFO odoo16 werkzeug: 127.0.0.1 - - [01/Nov/2025 15:19:26] "POST /web/action/load HTTP/1.1" 200 - 13 0.010 0.350
2025-11-01 15:19:26,644 19706 INFO odoo16 werkzeug: 127.0.0.1 - - [01/Nov/2025 15:19:26] "GET /web/image/res.company/1/favicon HTTP/1.1" 304 - 8 0.016 0.289
2025-11-01 15:19:26,653 19706 INFO odoo16 werkzeug: 127.0.0.1 - - [01/Nov/2025 15:19:26] "POST /mail/init_messaging HTTP/1.1" 200 - 52 0.308 0.010
2025-11-01 15:19:26,654 19706 INFO odoo16 werkzeug: 127.0.0.1 - - [01/Nov/2025 15:19:26] "GET /web/image/res.company/1/favicon HTTP/1.1" 304 - 3 0.001 0.004
2025-11-01 15:19:26,660 19706 INFO ? werkzeug: 127.0.0.1 - - [01/Nov/2025 15:19:26] "GET /mail/static/src/audio/ting.ogg HTTP/1.1" 206 - 0 0.000 0.002
2025-11-01 15:19:26,666 19706 INFO odoo16 werkzeug: 127.0.0.1 - - [01/Nov/2025 15:19:26] "POST /web/dataset/call_kw/res.users/systray_get_activities HTTP/1.1" 200 - 36 0.031 0.299
2025-11-01 15:19:26,680 19706 INFO odoo16 werkzeug: 127.0.0.1 - - [01/Nov/2025 15:19:26] "POST /mail/load_message_failures HTTP/1.1" 200 - 10 0.014 0.005
2025-11-01 15:19:26,689 19706 INFO odoo16 werkzeug: 127.0.0.1 - - [01/Nov/2025 15:19:26] "POST /web/dataset/call_kw/ir.module.module/get_views HTTP/1.1" 200 - 44 0.025 0.018
2025-11-01 15:19:26,701 19706 INFO odoo16 werkzeug: 127.0.0.1 - - [01/Nov/2025 15:19:26] "POST /web/dataset/call_kw/ir.module.module/web_search_read HTTP/1.1" 200 - 4 0.002 0.002
2025-11-01 15:19:26,708 19706 INFO odoo16 werkzeug: 127.0.0.1 - - [01/Nov/2025 15:19:26] "POST /web/dataset/call_kw/ir.module.module/search_panel_select_range HTTP/1.1" 200 - 40 0.007 0.004
2025-11-01 15:19:30,082 19706 INFO odoo16 odoo.addons.base.models.ir_module: ALLOW access to module.button_immediate_install on ['门店吧台前台'] to user admin #2 via 127.0.0.1 
2025-11-01 15:19:30,083 19706 INFO odoo16 odoo.addons.base.models.ir_module: User #2 triggered module installation 
2025-11-01 15:19:30,084 19706 INFO odoo16 odoo.addons.base.models.ir_module: ALLOW access to module.button_install on ['门店吧台前台'] to user admin #2 via 127.0.0.1 
2025-11-01 15:19:30,500 19706 INFO odoo16 odoo.modules.loading: loading 1 modules... 
2025-11-01 15:19:30,504 19706 INFO odoo16 odoo.modules.loading: 1 modules loaded in 0.00s, 0 queries (+0 extra) 
2025-11-01 15:19:30,514 19706 INFO odoo16 odoo.modules.loading: updating modules list 
2025-11-01 15:19:30,514 19706 INFO odoo16 odoo.addons.base.models.ir_module: ALLOW access to module.update_list on [] to user __system__ #1 via 127.0.0.1 
2025-11-01 15:19:30,744 19706 INFO odoo16 odoo.modules.loading: loading 102 modules... 
2025-11-01 15:19:30,770 19706 INFO odoo16 odoo.modules.loading: 102 modules loaded in 0.03s, 0 queries (+0 extra) 
2025-11-01 15:19:30,771 19706 INFO odoo16 odoo.modules.loading: loading 103 modules... 
2025-11-01 15:19:30,771 19706 INFO odoo16 odoo.modules.loading: Loading module store_bar (79/103) 
2025-11-01 15:19:30,856 19706 INFO odoo16 odoo.modules.registry: module store_bar: creating or updating database tables 
2025-11-01 15:19:30,979 19706 WARNING odoo16 odoo.modules.registry: store.inventory.batch: inconsistent 'compute_sudo' for computed fields: picking_ids, picking_count, quant_count, operation_count, lot_count 
2025-11-01 15:19:30,984 19706 INFO odoo16 odoo.modules.registry: Models have no table: store.link.group.application, store.link.group. 
2025-11-01 15:19:30,984 19706 INFO odoo16 odoo.modules.registry: Recreate table of model store.link.group.application. 
2025-11-01 15:19:30,984 19706 INFO odoo16 odoo.modules.registry: Recreate table of model store.link.group. 
2025-11-01 15:19:30,985 19706 ERROR odoo16 odoo.modules.registry: Model store.link.group.application has no table. 
2025-11-01 15:19:30,985 19706 ERROR odoo16 odoo.modules.registry: Model store.link.group has no table. 
2025-11-01 15:19:31,007 19706 INFO odoo16 odoo.modules.loading: loading store_bar/data/store_bar_sequence.xml 
2025-11-01 15:19:31,012 19706 INFO odoo16 odoo.modules.loading: loading store_bar/security/store_bar_security.xml 
2025-11-01 15:19:31,032 19706 INFO odoo16 odoo.modules.loading: loading store_bar/security/store_bar_rule.xml 
2025-11-01 15:19:31,044 19706 INFO odoo16 odoo.modules.loading: loading store_bar/security/ir.model.access.csv 
2025-11-01 15:19:31,053 19706 INFO odoo16 odoo.modules.loading: loading store_bar/views/store_bar_actions.xml 
2025-11-01 15:19:31,056 19706 INFO odoo16 odoo.modules.loading: loading store_bar/views/store_bar_order_views.xml 
2025-11-01 15:19:31,070 19706 WARNING odoo16 odoo.modules.loading: Transient module states were reset 
2025-11-01 15:19:31,070 19706 ERROR odoo16 odoo.modules.registry: Failed to load registry 
Traceback (most recent call last):
  File "/Users/shawnmacmini/code/odoo-16.0/odoo/modules/registry.py", line 87, in new
    odoo.modules.load_modules(registry, force_demo, status, update_module)
  File "/Users/shawnmacmini/code/odoo-16.0/odoo/modules/loading.py", line 493, in load_modules
    processed_modules += load_marked_modules(cr, graph,
  File "/Users/shawnmacmini/code/odoo-16.0/odoo/modules/loading.py", line 374, in load_marked_modules
    loaded, processed = load_module_graph(
  File "/Users/shawnmacmini/code/odoo-16.0/odoo/modules/loading.py", line 233, in load_module_graph
    load_data(cr, idref, mode, kind='data', package=package)
  File "/Users/shawnmacmini/code/odoo-16.0/odoo/modules/loading.py", line 73, in load_data
    tools.convert_file(cr, package.name, filename, idref, mode, noupdate, kind)
  File "/Users/shawnmacmini/code/odoo-16.0/odoo/tools/convert.py", line 771, in convert_file
    convert_xml_import(cr, module, fp, idref, mode, noupdate)
  File "/Users/shawnmacmini/code/odoo-16.0/odoo/tools/convert.py", line 837, in convert_xml_import
    obj.parse(doc.getroot())
  File "/Users/shawnmacmini/code/odoo-16.0/odoo/tools/convert.py", line 757, in parse
    self._tag_root(de)
  File "/Users/shawnmacmini/code/odoo-16.0/odoo/tools/convert.py", line 717, in _tag_root
    raise ParseError(msg) from None  # Restart with "--log-handler odoo.tools.convert:DEBUG" for complete traceback
odoo.tools.convert.ParseError: while parsing /Users/shawnmacmini/code/odoo-16.0/addons-custom/store_bar/views/store_bar_order_views.xml:21
验证附近视图时出错:

<form string="吧台订单" __validate__="1">
                <header>
                    <button name="action_lock" string="锁定订单" type="object" class="oe_highlight" states="draft"/>

用于domain of field 'employee_id' ([('company_id', '=', company_id)])的字段'company_id'限于小组store_bar.group_bar_manager。

View error context:
{'file': '/Users/shawnmacmini/code/odoo-16.0/addons-custom/store_bar/views/store_bar_order_views.xml',
 'line': 1,
 'name': 'store.bar.order.form',
 'view': ir.ui.view(2319,),
 'view.model': 'store.bar.order',
 'view.parent': ir.ui.view(),
 'xmlid': 'view_store_bar_order_form'}

2025-11-01 15:19:31,074 19706 INFO odoo16 odoo.modules.loading: loading 1 modules... 
2025-11-01 15:19:31,077 19706 INFO odoo16 odoo.modules.loading: 1 modules loaded in 0.00s, 0 queries (+0 extra) 
2025-11-01 15:19:31,082 19706 INFO odoo16 odoo.modules.loading: loading 102 modules... 
2025-11-01 15:19:31,108 19706 INFO odoo16 odoo.modules.loading: 102 modules loaded in 0.03s, 0 queries (+0 extra) 
2025-11-01 15:19:31,228 19706 INFO odoo16 odoo.modules.loading: Modules loaded. 
2025-11-01 15:19:31,231 19706 INFO odoo16 odoo.modules.registry: Registry loaded in 0.160s 
2025-11-01 15:19:31,235 19706 ERROR odoo16 odoo.http: Exception during request handling. 
Traceback (most recent call last):
  File "/Users/shawnmacmini/code/odoo-16.0/odoo/http.py", line 2261, in __call__
    response = request._serve_db()
  File "/Users/shawnmacmini/code/odoo-16.0/odoo/http.py", line 1848, in _serve_db
    return service_model.retrying(self._serve_ir_http, self.env)
  File "/Users/shawnmacmini/code/odoo-16.0/odoo/service/model.py", line 152, in retrying
    result = func()
  File "/Users/shawnmacmini/code/odoo-16.0/odoo/http.py", line 1876, in _serve_ir_http
    response = self.dispatcher.dispatch(rule.endpoint, args)
  File "/Users/shawnmacmini/code/odoo-16.0/odoo/http.py", line 2080, in dispatch
    result = self.request.registry['ir.http']._dispatch(endpoint)
  File "/Users/shawnmacmini/code/odoo-16.0/addons/website/models/ir_http.py", line 237, in _dispatch
    response = super()._dispatch(endpoint)
  File "/Users/shawnmacmini/code/odoo-16.0/odoo/addons/base/models/ir_http.py", line 154, in _dispatch
    result = endpoint(**request.params)
  File "/Users/shawnmacmini/code/odoo-16.0/odoo/http.py", line 763, in route_wrapper
    result = endpoint(self, *args, **params_ok)
  File "/Users/shawnmacmini/code/odoo-16.0/addons/web/controllers/dataset.py", line 47, in call_button
    action = self._call_kw(model, method, args, kwargs)
  File "/Users/shawnmacmini/code/odoo-16.0/addons/web/controllers/dataset.py", line 34, in _call_kw
    return call_kw(Model, method, args, kwargs)
  File "/Users/shawnmacmini/code/odoo-16.0/odoo/api.py", line 484, in call_kw
    result = _call_kw_multi(method, model, args, kwargs)
  File "/Users/shawnmacmini/code/odoo-16.0/odoo/api.py", line 469, in _call_kw_multi
    result = method(recs, *args, **kwargs)
  File "<decorator-gen-77>", line 2, in button_immediate_install
  File "/Users/shawnmacmini/code/odoo-16.0/odoo/addons/base/models/ir_module.py", line 74, in check_and_log
    return method(self, *args, **kwargs)
  File "/Users/shawnmacmini/code/odoo-16.0/odoo/addons/base/models/ir_module.py", line 478, in button_immediate_install
    return self._button_immediate_function(self.env.registry[self._name].button_install)
  File "/Users/shawnmacmini/code/odoo-16.0/odoo/addons/base/models/ir_module.py", line 602, in _button_immediate_function
    registry = modules.registry.Registry.new(self._cr.dbname, update_module=True)
  File "<decorator-gen-16>", line 2, in new
  File "/Users/shawnmacmini/code/odoo-16.0/odoo/tools/func.py", line 87, in locked
    return func(inst, *args, **kwargs)
  File "/Users/shawnmacmini/code/odoo-16.0/odoo/modules/registry.py", line 87, in new
    odoo.modules.load_modules(registry, force_demo, status, update_module)
  File "/Users/shawnmacmini/code/odoo-16.0/odoo/modules/loading.py", line 493, in load_modules
    processed_modules += load_marked_modules(cr, graph,
  File "/Users/shawnmacmini/code/odoo-16.0/odoo/modules/loading.py", line 374, in load_marked_modules
    loaded, processed = load_module_graph(
  File "/Users/shawnmacmini/code/odoo-16.0/odoo/modules/loading.py", line 233, in load_module_graph
    load_data(cr, idref, mode, kind='data', package=package)
  File "/Users/shawnmacmini/code/odoo-16.0/odoo/modules/loading.py", line 73, in load_data
    tools.convert_file(cr, package.name, filename, idref, mode, noupdate, kind)
  File "/Users/shawnmacmini/code/odoo-16.0/odoo/tools/convert.py", line 771, in convert_file
    convert_xml_import(cr, module, fp, idref, mode, noupdate)
  File "/Users/shawnmacmini/code/odoo-16.0/odoo/tools/convert.py", line 837, in convert_xml_import
    obj.parse(doc.getroot())
  File "/Users/shawnmacmini/code/odoo-16.0/odoo/tools/convert.py", line 757, in parse
    self._tag_root(de)
  File "/Users/shawnmacmini/code/odoo-16.0/odoo/tools/convert.py", line 717, in _tag_root
    raise ParseError(msg) from None  # Restart with "--log-handler odoo.tools.convert:DEBUG" for complete traceback
odoo.tools.convert.ParseError: while parsing /Users/shawnmacmini/code/odoo-16.0/addons-custom/store_bar/views/store_bar_order_views.xml:21
验证附近视图时出错:

<form string="吧台订单" __validate__="1">
                <header>
                    <button name="action_lock" string="锁定订单" type="object" class="oe_highlight" states="draft"/>

用于domain of field 'employee_id' ([('company_id', '=', company_id)])的字段'company_id'限于小组store_bar.group_bar_manager。

View error context:
{'file': '/Users/shawnmacmini/code/odoo-16.0/addons-custom/store_bar/views/store_bar_order_views.xml',
 'line': 1,
 'name': 'store.bar.order.form',
 'view': ir.ui.view(2319,),
 'view.model': 'store.bar.order',
 'view.parent': ir.ui.view(),
 'xmlid': 'view_store_bar_order_form'}

2025-11-01 15:19:31,235 19706 INFO odoo16 werkzeug: 127.0.0.1 - - [01/Nov/2025 15:19:31] "POST /web/dataset/call_button HTTP/1.1" 200 - 1544 0.427 0.738
2025-11-01 15:19:39,049 19706 INFO odoo16 odoo.service.server: Initiating shutdown 
2025-11-01 15:19:39,049 19706 INFO odoo16 odoo.service.server: Hit CTRL-C again or send a second signal to force the shutdown. 
Exception in thread odoo.service.cron.cron1:
Traceback (most recent call last):
  File "/opt/homebrew/Cellar/python@3.10/3.10.19_1/Frameworks/Python.framework/Versions/3.10/lib/python3.10/threading.py", line 1016, in _bootstrap_inner
Exception in thread odoo.service.cron.cron0:
Traceback (most recent call last):
2025-11-01 15:19:39,144 19706 INFO odoo16 odoo.sql_db: ConnectionPool(used=0/count=0/max=64): Closed 7 connections  
  File "/opt/homebrew/Cellar/python@3.10/3.10.19_1/Frameworks/Python.framework/Versions/3.10/lib/python3.10/threading.py", line 1016, in _bootstrap_inner
/Users/shawnmacmini/code/odoo-16.0/.venv/lib/python3.10/site-packages/num2words/lang_AR.py:191: SyntaxWarning: "is not" with a literal. Did you mean "!="?
  if ret_val is not "" and tens < 4:
/Users/shawnmacmini/code/odoo-16.0/.venv/lib/python3.10/site-packages/num2words/lang_AR.py:195: SyntaxWarning: "is not" with a literal. Did you mean "!="?
  if ret_val is not "" and ones != 0:
/Users/shawnmacmini/code/odoo-16.0/.venv/lib/python3.10/site-packages/num2words/lang_AR.py:229: SyntaxWarning: "is not" with a literal. Did you mean "!="?
  if group_description is not '':
/Users/shawnmacmini/code/odoo-16.0/.venv/lib/python3.10/site-packages/num2words/lang_AR.py:231: SyntaxWarning: "is not" with a literal. Did you mean "!="?
  if ret_val is not "":
/Users/shawnmacmini/code/odoo-16.0/.venv/lib/python3.10/site-packages/num2words/lang_AR.py:239: SyntaxWarning: "is not" with a literal. Did you mean "!="?
  if ret_val is not "":
/Users/shawnmacmini/code/odoo-16.0/.venv/lib/python3.10/site-packages/num2words/lang_AR.py:253: SyntaxWarning: "is not" with a literal. Did you mean "!="?
  if self.arabicPrefixText is not "":
/Users/shawnmacmini/code/odoo-16.0/.venv/lib/python3.10/site-packages/num2words/lang_AR.py:291: SyntaxWarning: "is not" with a literal. Did you mean "!="?
  if self.arabicSuffixText is not "":
/Users/shawnmacmini/code/odoo-16.0/.venv/lib/python3.10/site-packages/num2words/lang_AR.py:302: SyntaxWarning: "is" with a literal. Did you mean "=="?
  if currency is 'EGP':
/Users/shawnmacmini/code/odoo-16.0/.venv/lib/python3.10/site-packages/num2words/lang_AR.py:305: SyntaxWarning: "is" with a literal. Did you mean "=="?
  elif currency is 'KWD':
/Users/shawnmacmini/code/odoo-16.0/.venv/lib/python3.10/site-packages/xlsxwriter/worksheet.py:358: SyntaxWarning: "is" with a literal. Did you mean "=="?
  if token is '':
/Users/shawnmacmini/code/odoo-16.0/.venv/lib/python3.10/site-packages/xlsxwriter/worksheet.py:2437: SyntaxWarning: "is" with a literal. Did you mean "=="?
  if options['min_type'] is 'min' and options['min_value'] == 0:
/Users/shawnmacmini/code/odoo-16.0/.venv/lib/python3.10/site-packages/xlsxwriter/worksheet.py:2440: SyntaxWarning: "is" with a literal. Did you mean "=="?
  if options['max_type'] is 'max' and options['max_value'] == 0:
/Users/shawnmacmini/code/odoo-16.0/.venv/lib/python3.10/site-packages/xlsxwriter/worksheet.py:4999: SyntaxWarning: "is" with a literal. Did you mean "=="?
  if props[i]['type'] is 'number':
/Users/shawnmacmini/code/odoo-16.0/.venv/lib/python3.10/site-packages/xlsxwriter/worksheet.py:6827: SyntaxWarning: "is not" with a literal. Did you mean "!="?
  if data_bar['bar_axis_position'] is not 'none':
/Users/shawnmacmini/code/odoo-16.0/.venv/lib/python3.10/site-packages/xlsxwriter/worksheet.py:6862: SyntaxWarning: "is" with a literal. Did you mean "=="?
  if data_bar['bar_direction'] is 'left':
/Users/shawnmacmini/code/odoo-16.0/.venv/lib/python3.10/site-packages/xlsxwriter/worksheet.py:6865: SyntaxWarning: "is" with a literal. Did you mean "=="?
  if data_bar['bar_direction'] is 'right':
/Users/shawnmacmini/code/odoo-16.0/.venv/lib/python3.10/site-packages/xlsxwriter/worksheet.py:6875: SyntaxWarning: "is" with a literal. Did you mean "=="?
  if data_bar['bar_axis_position'] is 'middle':
/Users/shawnmacmini/code/odoo-16.0/.venv/lib/python3.10/site-packages/xlsxwriter/worksheet.py:6878: SyntaxWarning: "is" with a literal. Did you mean "=="?
  if data_bar['bar_axis_position'] is 'none':
/Users/shawnmacmini/code/odoo-16.0/.venv/lib/python3.10/site-packages/xlsxwriter/chart.py:2497: SyntaxWarning: "is" with a literal. Did you mean "=="?
  if val is 'right':
/Users/shawnmacmini/code/odoo-16.0/.venv/lib/python3.10/site-packages/xlsxwriter/chart.py:2500: SyntaxWarning: "is" with a literal. Did you mean "=="?
  if val is 'left':
/Users/shawnmacmini/code/odoo-16.0/odoo/modules/module.py:11: UserWarning: pkg_resources is deprecated as an API. See https://setuptools.pypa.io/en/latest/pkg_resources.html. The pkg_resources package is slated for removal as early as 2025-11-30. Refrain from using this package or pin to Setuptools<81.
  import pkg_resources
2025-11-01 15:19:43,360 19849 INFO ? odoo: Odoo version 16.0 
2025-11-01 15:19:43,360 19849 INFO ? odoo: Using configuration file at /Users/shawnmacmini/code/odoo-16.0/odoo.conf 
2025-11-01 15:19:43,360 19849 INFO ? odoo: addons paths: ['/Users/shawnmacmini/code/odoo-16.0/odoo/addons', '/Users/shawnmacmini/code/odoo-16.0/.odoo-data/addons/16.0', '/Users/shawnmacmini/code/odoo-16.0/addons', '/Users/shawnmacmini/code/odoo-16.0/addons-custom'] 
2025-11-01 15:19:43,360 19849 INFO ? odoo: database: odoo@localhost:5432 
2025-11-01 15:19:43,462 19849 WARNING ? py.warnings: /Users/shawnmacmini/code/odoo-16.0/.venv/lib/python3.10/site-packages/reportlab/platypus/paraparser.py:54: DeprecationWarning: invalid escape sequence '\s'
  File "/Users/shawnmacmini/code/odoo-16.0/odoo-bin", line 8, in <module>
    odoo.cli.main()
  File "/Users/shawnmacmini/code/odoo-16.0/odoo/cli/command.py", line 66, in main
    o.run(args)
  File "/Users/shawnmacmini/code/odoo-16.0/odoo/cli/server.py", line 187, in run
    main(args)
  File "/Users/shawnmacmini/code/odoo-16.0/odoo/cli/server.py", line 180, in main
    rc = odoo.service.server.start(preload=preload, stop=stop)
  File "/Users/shawnmacmini/code/odoo-16.0/odoo/service/server.py", line 1379, in start
    load_server_wide_modules()
  File "/Users/shawnmacmini/code/odoo-16.0/odoo/service/server.py", line 1281, in load_server_wide_modules
    odoo.modules.module.load_openerp_module(m)
  File "/Users/shawnmacmini/code/odoo-16.0/odoo/modules/module.py", line 471, in load_openerp_module
    __import__('odoo.addons.' + module_name)
  File "/Users/shawnmacmini/code/odoo-16.0/odoo/addons/base/__init__.py", line 5, in <module>
    from . import models
  File "/Users/shawnmacmini/code/odoo-16.0/odoo/addons/base/models/__init__.py", line 11, in <module>
    from . import ir_actions_report
  File "/Users/shawnmacmini/code/odoo-16.0/odoo/addons/base/models/ir_actions_report.py", line 25, in <module>
    from reportlab.graphics.barcode import createBarcodeDrawing
  File "/Users/shawnmacmini/code/odoo-16.0/.venv/lib/python3.10/site-packages/reportlab/graphics/barcode/__init__.py", line 76, in <module>
    _reset()
  File "/Users/shawnmacmini/code/odoo-16.0/.venv/lib/python3.10/site-packages/reportlab/graphics/barcode/__init__.py", line 42, in _reset
    from reportlab.graphics.barcode.widgets import BarcodeI2of5, BarcodeCode128, BarcodeStandard93,\
  File "/Users/shawnmacmini/code/odoo-16.0/.venv/lib/python3.10/site-packages/reportlab/graphics/barcode/widgets.py", line 23, in <module>
    from reportlab.graphics.shapes import Line, Rect, Group, NotImplementedError, String
  File "/Users/shawnmacmini/code/odoo-16.0/.venv/lib/python3.10/site-packages/reportlab/graphics/shapes.py", line 12, in <module>
    from reportlab.platypus import Flowable
  File "/Users/shawnmacmini/code/odoo-16.0/.venv/lib/python3.10/site-packages/reportlab/platypus/__init__.py", line 10, in <module>
    from .paragraph import *
  File "/Users/shawnmacmini/code/odoo-16.0/.venv/lib/python3.10/site-packages/reportlab/platypus/paragraph.py", line 16, in <module>
    from reportlab.platypus.paraparser import ParaParser, _PCT, _num as _parser_num, _re_us_value
  File "/opt/homebrew/Cellar/python@3.10/3.10.19_1/Frameworks/Python.framework/Versions/3.10/lib/python3.10/warnings.py", line 109, in _showwarnmsg
    sw(msg.message, msg.category, msg.filename, msg.lineno,
  File "/Users/shawnmacmini/code/odoo-16.0/odoo/netsvc.py", line 323, in showwarning_with_traceback
    for frame in traceback.extract_stack():
 
2025-11-01 15:19:43,551 19849 INFO ? odoo.addons.base.models.ir_actions_report: You need Wkhtmltopdf to print a pdf version of the reports. 
2025-11-01 15:19:43,792 19849 WARNING ? odoo.service.server: 'watchdog' module not installed. Code autoreload feature is disabled 
2025-11-01 15:19:43,799 19849 INFO ? odoo.service.server: HTTP service (werkzeug) running on 1.0.0.0.0.0.0.0.0.0.0.0.0.0.0.0.0.0.0.0.0.0.0.0.0.0.0.0.0.0.0.0.ip6.arpa:8069 
2025-11-01 15:19:43,811 19849 INFO odoo16 odoo.modules.loading: loading 1 modules... 
2025-11-01 15:19:43,814 19849 INFO odoo16 odoo.modules.loading: 1 modules loaded in 0.00s, 0 queries (+0 extra) 
2025-11-01 15:19:43,852 19849 INFO odoo16 odoo.modules.loading: loading 102 modules... 
2025-11-01 15:19:44,957 19849 INFO odoo16 odoo.modules.loading: 102 modules loaded in 1.10s, 0 queries (+0 extra) 
2025-11-01 15:19:45,076 19849 INFO odoo16 odoo.modules.loading: Modules loaded. 
2025-11-01 15:19:45,080 19849 INFO odoo16 odoo.modules.registry: Registry loaded in 1.288s 
2025-11-01 15:19:47,566 19849 INFO odoo16 odoo.addons.base.models.ir_http: Generating routing map for key 1 
2025-11-01 15:19:47,712 19849 INFO odoo16 werkzeug: 127.0.0.1 - - [01/Nov/2025 15:19:47] "GET /websocket HTTP/1.1" 101 - 15 0.018 0.137
2025-11-01 15:19:47,718 19849 INFO ? odoo.addons.bus.models.bus: Bus.loop listen imbus on db postgres 
2025-11-01 15:19:54,497 19849 INFO odoo16 werkzeug: 127.0.0.1 - - [01/Nov/2025 15:19:54] "GET /web HTTP/1.1" 303 - 1 0.000 0.003
2025-11-01 15:19:54,519 19849 WARNING odoo16 odoo.modules.registry: store.inventory.batch: inconsistent 'compute_sudo' for computed fields: picking_ids, picking_count, quant_count, operation_count, lot_count 
2025-11-01 15:19:54,524 19849 INFO odoo16 werkzeug: 127.0.0.1 - - [01/Nov/2025 15:19:54] "GET /web/login HTTP/1.1" 303 - 13 0.010 0.012
2025-11-01 15:19:54,680 19849 WARNING odoo16 odoo.addons.base.models.ir_qweb: Found deprecated directive @t-esc='error' in template 185. Replace by @t-out 
2025-11-01 15:19:54,680 19849 WARNING odoo16 odoo.addons.base.models.ir_qweb: Found deprecated directive @t-esc='message' in template 185. Replace by @t-out 
2025-11-01 15:19:54,785 19849 WARNING odoo16 odoo.addons.base.models.ir_qweb: Found deprecated directive @t-esc="title or 'Odoo'" in template 470. Replace by @t-out 
2025-11-01 15:19:54,785 19849 WARNING odoo16 odoo.addons.base.models.ir_qweb: Found deprecated directive @t-esc='request.csrf_token(None)' in template 470. Replace by @t-out 
2025-11-01 15:19:54,786 19849 WARNING odoo16 odoo.addons.base.models.ir_qweb: Found deprecated directive @t-esc='debug' in template 470. Replace by @t-out 
2025-11-01 15:19:54,787 19849 WARNING odoo16 odoo.addons.base.models.ir_qweb: Found deprecated directive @t-esc="menu['name']" in template 470. Replace by @t-out 
2025-11-01 15:19:54,791 19849 WARNING odoo16 odoo.addons.base.models.ir_qweb: Found deprecated directive @t-esc="link['text']" in template 470. Replace by @t-out 
2025-11-01 15:19:54,794 19849 WARNING odoo16 odoo.addons.base.models.ir_qweb: Found deprecated directive @t-esc='website.google_analytics_key' in template 470. Replace by @t-out 
2025-11-01 15:19:54,921 19849 INFO odoo16 odoo.addons.base.models.assetsbundle: Failed to find attachment for assets /web/assets/%-45d4463/1/web.assets_frontend.min.css 
2025-11-01 15:19:55,476 19849 INFO odoo16 odoo.addons.base.models.assetsbundle: Failed to find attachment for assets /web/assets/%-8145f96/1/web.assets_frontend_minimal.min.js 
2025-11-01 15:19:55,561 19849 INFO odoo16 odoo.addons.base.models.assetsbundle: Failed to find attachment for assets /web/assets/%-cb4217d/1/web.assets_frontend_lazy.min.js 
2025-11-01 15:19:56,532 19849 WARNING odoo16 odoo.addons.base.models.ir_qweb: Found deprecated directive @t-esc='website_sale_cart_quantity' in template 1462. Replace by @t-out 
2025-11-01 15:19:56,549 19849 WARNING odoo16 odoo.addons.base.models.ir_qweb: Found deprecated directive @t-esc="user_id.name[:23] + '...' if user_id.name and len(user_id.name) > 25 else user_id.name" in template 399. Replace by @t-out 
2025-11-01 15:19:56,597 19849 WARNING odoo16 odoo.addons.base.models.ir_qweb: Found deprecated directive @t-esc="active_lang[2].split('/').pop()" in template 398. Replace by @t-out 
2025-11-01 15:19:56,597 19849 WARNING odoo16 odoo.addons.base.models.ir_qweb: Found deprecated directive @t-esc="lg[2].split('/').pop()" in template 398. Replace by @t-out 
2025-11-01 15:19:56,630 19849 INFO odoo16 werkzeug: 127.0.0.1 - - [01/Nov/2025 15:19:56] "GET /zh_CN/web/login HTTP/1.1" 200 - 243 0.161 1.943
2025-11-01 15:19:56,680 19849 INFO odoo16 werkzeug: 127.0.0.1 - - [01/Nov/2025 15:19:56] "GET /web/assets/1596-45d4463/1/web.assets_frontend.min.css HTTP/1.1" 200 - 4 0.002 0.014
2025-11-01 15:19:56,683 19849 INFO odoo16 werkzeug: 127.0.0.1 - - [01/Nov/2025 15:19:56] "GET /web/assets/1597-8145f96/1/web.assets_frontend_minimal.min.js HTTP/1.1" 200 - 4 0.005 0.015
2025-11-01 15:19:56,716 19849 ERROR odoo16 odoo.http: Exception during request handling. 
Traceback (most recent call last):
  File "/Users/shawnmacmini/code/odoo-16.0/odoo/http.py", line 2261, in __call__
    response = request._serve_db()
  File "/Users/shawnmacmini/code/odoo-16.0/odoo/http.py", line 1848, in _serve_db
    return service_model.retrying(self._serve_ir_http, self.env)
  File "/Users/shawnmacmini/code/odoo-16.0/odoo/service/model.py", line 152, in retrying
    result = func()
  File "/Users/shawnmacmini/code/odoo-16.0/odoo/http.py", line 1876, in _serve_ir_http
    response = self.dispatcher.dispatch(rule.endpoint, args)
  File "/Users/shawnmacmini/code/odoo-16.0/odoo/http.py", line 1990, in dispatch
    return self.request.registry['ir.http']._dispatch(endpoint)
  File "/Users/shawnmacmini/code/odoo-16.0/addons/website/models/ir_http.py", line 237, in _dispatch
    response = super()._dispatch(endpoint)
  File "/Users/shawnmacmini/code/odoo-16.0/odoo/addons/base/models/ir_http.py", line 154, in _dispatch
    result = endpoint(**request.params)
  File "/Users/shawnmacmini/code/odoo-16.0/odoo/http.py", line 763, in route_wrapper
    result = endpoint(self, *args, **params_ok)
  File "/Users/shawnmacmini/code/odoo-16.0/addons/web/controllers/binary.py", line 146, in content_image
    stream = request.env['ir.binary']._get_image_stream_from(
  File "/Users/shawnmacmini/code/odoo-16.0/odoo/addons/base/models/ir_binary.py", line 202, in _get_image_stream_from
    stream = self._get_stream_from(
  File "/Users/shawnmacmini/code/odoo-16.0/odoo/addons/base/models/ir_binary.py", line 126, in _get_stream_from
    stream = self._record_to_stream(record, field_name)
  File "/Users/shawnmacmini/code/odoo-16.0/addons/website/models/ir_binary.py", line 41, in _record_to_stream
    return super()._record_to_stream(record, field_name)
  File "/Users/shawnmacmini/code/odoo-16.0/odoo/addons/base/models/ir_binary.py", line 85, in _record_to_stream
    return Stream.from_attachment(field_attachment)
  File "/Users/shawnmacmini/code/odoo-16.0/odoo/http.py", line 505, in from_attachment
    stat = os.stat(self.path)
FileNotFoundError: [Errno 2] No such file or directory: '/Users/shawnmacmini/code/odoo-16.0/.odoo-data/filestore/odoo16/37/37db4d649b09ca55779e81bc4d6d7eebca017503'
2025-11-01 15:19:56,721 19849 INFO odoo16 werkzeug: 127.0.0.1 - - [01/Nov/2025 15:19:56] "GET /web/assets/1598-cb4217d/1/web.assets_frontend_lazy.min.js HTTP/1.1" 200 - 4 0.001 0.005
2025-11-01 15:19:56,722 19849 INFO odoo16 werkzeug: 127.0.0.1 - - [01/Nov/2025 15:19:56] "GET /web/image/website/1/logo/My%20Website?unique=1ba5bfc HTTP/1.1" 500 - 5 0.006 0.010
2025-11-01 15:19:56,797 19849 INFO odoo16 werkzeug: 127.0.0.1 - - [01/Nov/2025 15:19:56] "GET /website/translations/b925013c26d2c171b4a044972f11e1f9d30a6a25?lang=zh_CN HTTP/1.1" 303 - 1 0.001 0.002
2025-11-01 15:19:56,826 19849 INFO odoo16 werkzeug: 127.0.0.1 - - [01/Nov/2025 15:19:56] "GET /website/translations/b925013c26d2c171b4a044972f11e1f9d30a6a25?lang=zh_CN HTTP/1.1" 303 - 1 0.000 0.010
2025-11-01 15:20:01,909 19849 INFO odoo16 odoo.addons.base.models.res_users: Login successful for db:odoo16 login:admin from 127.0.0.1 
2025-11-01 15:20:01,923 19849 INFO odoo16 werkzeug: 127.0.0.1 - - [01/Nov/2025 15:20:01] "POST /web/login HTTP/1.1" 303 - 50 0.041 0.194
2025-11-01 15:20:02,852 19849 INFO odoo16 odoo.addons.base.models.assetsbundle: Failed to find attachment for assets /web/assets/%-74eb227/web.assets_common.min.css 
2025-11-01 15:20:03,088 19849 INFO odoo16 odoo.addons.base.models.assetsbundle: Failed to find attachment for assets /web/assets/%-640171b/web.assets_backend.min.css 
2025-11-01 15:20:03,725 19849 INFO odoo16 odoo.addons.base.models.assetsbundle: Failed to find attachment for assets /web/assets/%-74eb227/web.assets_common.min.js 
2025-11-01 15:20:04,066 19849 INFO odoo16 odoo.addons.base.models.assetsbundle: Failed to find attachment for assets /web/assets/%-640171b/web.assets_backend.min.js 
2025-11-01 15:20:05,701 19849 INFO odoo16 odoo.addons.base.models.assetsbundle: Failed to find attachment for assets /web/assets/%-de87312/web.assets_backend_prod_only.min.js 
2025-11-01 15:20:05,714 19849 WARNING odoo16 odoo.addons.base.models.ir_qweb: Found deprecated directive @t-esc="title or 'Odoo'" in template 180. Replace by @t-out 
2025-11-01 15:20:05,715 19849 WARNING odoo16 odoo.addons.base.models.ir_qweb: Found deprecated directive @t-esc='request.csrf_token(None)' in template 180. Replace by @t-out 
2025-11-01 15:20:05,715 19849 WARNING odoo16 odoo.addons.base.models.ir_qweb: Found deprecated directive @t-esc='debug' in template 180. Replace by @t-out 
2025-11-01 15:20:05,742 19849 INFO odoo16 werkzeug: 127.0.0.1 - - [01/Nov/2025 15:20:05] "GET /web HTTP/1.1" 200 - 126 0.144 3.670
2025-11-01 15:20:05,784 19849 INFO odoo16 werkzeug: 127.0.0.1 - - [01/Nov/2025 15:20:05] "GET /web/assets/1600-640171b/web.assets_backend.min.css HTTP/1.1" 200 - 4 0.003 0.020
2025-11-01 15:20:05,784 19849 INFO odoo16 werkzeug: 127.0.0.1 - - [01/Nov/2025 15:20:05] "GET /web/assets/1599-74eb227/web.assets_common.min.css HTTP/1.1" 200 - 4 0.002 0.021
2025-11-01 15:20:05,786 19849 INFO odoo16 werkzeug: 127.0.0.1 - - [01/Nov/2025 15:20:05] "GET /web/assets/1601-74eb227/web.assets_common.min.js HTTP/1.1" 200 - 4 0.004 0.020
2025-11-01 15:20:05,787 19849 INFO odoo16 werkzeug: 127.0.0.1 - - [01/Nov/2025 15:20:05] "GET /web/assets/1602-640171b/web.assets_backend.min.js HTTP/1.1" 200 - 4 0.004 0.021
2025-11-01 15:20:05,788 19849 INFO odoo16 werkzeug: 127.0.0.1 - - [01/Nov/2025 15:20:05] "GET /web/assets/1603-de87312/web.assets_backend_prod_only.min.js HTTP/1.1" 200 - 4 0.004 0.022
2025-11-01 15:20:06,077 19849 INFO odoo16 werkzeug: 127.0.0.1 - - [01/Nov/2025 15:20:06] "GET /websocket HTTP/1.1" 101 - 1 0.000 0.005
2025-11-01 15:20:06,096 19849 INFO odoo16 odoo.addons.base.models.ir_attachment: _read_file reading /Users/shawnmacmini/code/odoo-16.0/.odoo-data/filestore/odoo16/c2/c2e1616224ae96b9403a2cd8794e8e22ac9beff7 
Traceback (most recent call last):
  File "/Users/shawnmacmini/code/odoo-16.0/odoo/api.py", line 1013, in get
    cache_value = field_cache[record._ids[0]]
KeyError: 2

During handling of the above exception, another exception occurred:

Traceback (most recent call last):
  File "/Users/shawnmacmini/code/odoo-16.0/odoo/fields.py", line 1161, in __get__
    value = env.cache.get(record, self)
  File "/Users/shawnmacmini/code/odoo-16.0/odoo/api.py", line 1020, in get
    raise CacheMiss(record, field)
odoo.exceptions.CacheMiss: 'res.users(2,).avatar_128'

During handling of the above exception, another exception occurred:

Traceback (most recent call last):
  File "/Users/shawnmacmini/code/odoo-16.0/odoo/api.py", line 1013, in get
    cache_value = field_cache[record._ids[0]]
KeyError: 3

During handling of the above exception, another exception occurred:

Traceback (most recent call last):
  File "/Users/shawnmacmini/code/odoo-16.0/odoo/fields.py", line 1161, in __get__
    value = env.cache.get(record, self)
  File "/Users/shawnmacmini/code/odoo-16.0/odoo/api.py", line 1020, in get
    raise CacheMiss(record, field)
odoo.exceptions.CacheMiss: 'res.partner(3,).avatar_128'

During handling of the above exception, another exception occurred:

Traceback (most recent call last):
  File "/Users/shawnmacmini/code/odoo-16.0/odoo/api.py", line 1013, in get
    cache_value = field_cache[record._ids[0]]
KeyError: 3

During handling of the above exception, another exception occurred:

Traceback (most recent call last):
  File "/Users/shawnmacmini/code/odoo-16.0/odoo/fields.py", line 1161, in __get__
    value = env.cache.get(record, self)
  File "/Users/shawnmacmini/code/odoo-16.0/odoo/api.py", line 1020, in get
    raise CacheMiss(record, field)
odoo.exceptions.CacheMiss: 'res.partner(3,).image_128'

During handling of the above exception, another exception occurred:

Traceback (most recent call last):
  File "/Users/shawnmacmini/code/odoo-16.0/odoo/api.py", line 1013, in get
    cache_value = field_cache[record._ids[0]]
KeyError: 27

During handling of the above exception, another exception occurred:

Traceback (most recent call last):
  File "/Users/shawnmacmini/code/odoo-16.0/odoo/fields.py", line 1161, in __get__
    value = env.cache.get(record, self)
  File "/Users/shawnmacmini/code/odoo-16.0/odoo/api.py", line 1020, in get
    raise CacheMiss(record, field)
odoo.exceptions.CacheMiss: 'ir.attachment(27,).datas'

During handling of the above exception, another exception occurred:

Traceback (most recent call last):
  File "/Users/shawnmacmini/code/odoo-16.0/odoo/api.py", line 1013, in get
    cache_value = field_cache[record._ids[0]]
KeyError: 27

During handling of the above exception, another exception occurred:

Traceback (most recent call last):
  File "/Users/shawnmacmini/code/odoo-16.0/odoo/fields.py", line 1161, in __get__
    value = env.cache.get(record, self)
  File "/Users/shawnmacmini/code/odoo-16.0/odoo/api.py", line 1020, in get
    raise CacheMiss(record, field)
odoo.exceptions.CacheMiss: 'ir.attachment(27,).raw'

During handling of the above exception, another exception occurred:

Traceback (most recent call last):
  File "/Users/shawnmacmini/code/odoo-16.0/odoo/addons/base/models/ir_attachment.py", line 121, in _file_read
    with open(full_path, 'rb') as f:
FileNotFoundError: [Errno 2] No such file or directory: '/Users/shawnmacmini/code/odoo-16.0/.odoo-data/filestore/odoo16/c2/c2e1616224ae96b9403a2cd8794e8e22ac9beff7'
2025-11-01 15:20:06,096 19849 INFO odoo16 werkzeug: 127.0.0.1 - - [01/Nov/2025 15:20:06] "POST /web/action/load HTTP/1.1" 200 - 14 0.012 0.013
2025-11-01 15:20:06,099 19849 INFO odoo16 werkzeug: 127.0.0.1 - - [01/Nov/2025 15:20:06] "GET /web/image?model=res.users&field=avatar_128&id=2 HTTP/1.1" 304 - 7 0.004 0.009
2025-11-01 15:20:06,154 19849 INFO odoo16 werkzeug: 127.0.0.1 - - [01/Nov/2025 15:20:06] "GET /web/image/res.company/1/favicon HTTP/1.1" 304 - 8 0.007 0.017
2025-11-01 15:20:06,167 19849 INFO odoo16 werkzeug: 127.0.0.1 - - [01/Nov/2025 15:20:06] "GET /web/image/res.company/1/favicon HTTP/1.1" 304 - 8 0.005 0.004
2025-11-01 15:20:06,182 19849 INFO odoo16 werkzeug: 127.0.0.1 - - [01/Nov/2025 15:20:06] "POST /web/dataset/call_kw/ir.module.module/get_views HTTP/1.1" 200 - 58 0.046 0.033
2025-11-01 15:20:06,185 19849 INFO ? werkzeug: 127.0.0.1 - - [01/Nov/2025 15:20:06] "GET /mail/static/src/audio/ting.ogg HTTP/1.1" 206 - 0 0.000 0.001
2025-11-01 15:20:06,185 19849 INFO odoo16 werkzeug: 127.0.0.1 - - [01/Nov/2025 15:20:06] "POST /web/dataset/call_kw/res.users/systray_get_activities HTTP/1.1" 200 - 44 0.046 0.016
2025-11-01 15:20:06,197 19849 INFO odoo16 werkzeug: 127.0.0.1 - - [01/Nov/2025 15:20:06] "POST /mail/init_messaging HTTP/1.1" 200 - 70 0.062 0.012
2025-11-01 15:20:06,198 19849 INFO odoo16 werkzeug: 127.0.0.1 - - [01/Nov/2025 15:20:06] "POST /web/dataset/call_kw/ir.module.module/web_search_read HTTP/1.1" 200 - 7 0.003 0.003
2025-11-01 15:20:06,213 19849 INFO odoo16 werkzeug: 127.0.0.1 - - [01/Nov/2025 15:20:06] "POST /mail/load_message_failures HTTP/1.1" 200 - 10 0.005 0.003
2025-11-01 15:20:06,217 19849 INFO odoo16 werkzeug: 127.0.0.1 - - [01/Nov/2025 15:20:06] "POST /web/dataset/call_kw/ir.module.module/search_panel_select_range HTTP/1.1" 200 - 83 0.022 0.005
2025-11-01 15:20:11,964 19849 INFO odoo16 odoo.addons.base.models.ir_module: ALLOW access to module.button_immediate_install on ['门店吧台前台'] to user admin #2 via 127.0.0.1 
2025-11-01 15:20:11,965 19849 INFO odoo16 odoo.addons.base.models.ir_module: User #2 triggered module installation 
2025-11-01 15:20:11,966 19849 INFO odoo16 odoo.addons.base.models.ir_module: ALLOW access to module.button_install on ['门店吧台前台'] to user admin #2 via 127.0.0.1 
2025-11-01 15:20:12,287 19849 INFO odoo16 odoo.modules.loading: loading 1 modules... 
2025-11-01 15:20:12,290 19849 INFO odoo16 odoo.modules.loading: 1 modules loaded in 0.00s, 0 queries (+0 extra) 
2025-11-01 15:20:12,299 19849 INFO odoo16 odoo.modules.loading: updating modules list 
2025-11-01 15:20:12,300 19849 INFO odoo16 odoo.addons.base.models.ir_module: ALLOW access to module.update_list on [] to user __system__ #1 via 127.0.0.1 
2025-11-01 15:20:12,937 19849 INFO odoo16 odoo.modules.loading: loading 102 modules... 
2025-11-01 15:20:12,983 19849 INFO odoo16 odoo.modules.loading: 102 modules loaded in 0.05s, 0 queries (+0 extra) 
2025-11-01 15:20:12,985 19849 INFO odoo16 odoo.modules.loading: loading 103 modules... 
2025-11-01 15:20:12,986 19849 INFO odoo16 odoo.modules.loading: Loading module store_bar (79/103) 
2025-11-01 15:20:13,082 19849 INFO odoo16 odoo.modules.registry: module store_bar: creating or updating database tables 
2025-11-01 15:20:13,326 19849 WARNING odoo16 odoo.modules.registry: store.inventory.batch: inconsistent 'compute_sudo' for computed fields: picking_ids, picking_count, quant_count, operation_count, lot_count 
2025-11-01 15:20:13,332 19849 INFO odoo16 odoo.modules.registry: Models have no table: store.link.group, store.link.group.application. 
2025-11-01 15:20:13,332 19849 INFO odoo16 odoo.modules.registry: Recreate table of model store.link.group. 
2025-11-01 15:20:13,332 19849 INFO odoo16 odoo.modules.registry: Recreate table of model store.link.group.application. 
2025-11-01 15:20:13,333 19849 ERROR odoo16 odoo.modules.registry: Model store.link.group has no table. 
2025-11-01 15:20:13,333 19849 ERROR odoo16 odoo.modules.registry: Model store.link.group.application has no table. 
2025-11-01 15:20:13,375 19849 INFO odoo16 odoo.modules.loading: loading store_bar/data/store_bar_sequence.xml 
2025-11-01 15:20:13,379 19849 INFO odoo16 odoo.modules.loading: loading store_bar/security/store_bar_security.xml 
2025-11-01 15:20:13,404 19849 INFO odoo16 odoo.modules.loading: loading store_bar/security/store_bar_rule.xml 
2025-11-01 15:20:13,416 19849 INFO odoo16 odoo.modules.loading: loading store_bar/security/ir.model.access.csv 
2025-11-01 15:20:13,422 19849 INFO odoo16 odoo.modules.loading: loading store_bar/views/store_bar_actions.xml 
2025-11-01 15:20:13,425 19849 INFO odoo16 odoo.modules.loading: loading store_bar/views/store_bar_order_views.xml 
2025-11-01 15:20:13,436 19849 WARNING odoo16 odoo.modules.loading: Transient module states were reset 
2025-11-01 15:20:13,436 19849 ERROR odoo16 odoo.modules.registry: Failed to load registry 
Traceback (most recent call last):
  File "/Users/shawnmacmini/code/odoo-16.0/odoo/modules/registry.py", line 87, in new
    odoo.modules.load_modules(registry, force_demo, status, update_module)
  File "/Users/shawnmacmini/code/odoo-16.0/odoo/modules/loading.py", line 493, in load_modules
    processed_modules += load_marked_modules(cr, graph,
  File "/Users/shawnmacmini/code/odoo-16.0/odoo/modules/loading.py", line 374, in load_marked_modules
    loaded, processed = load_module_graph(
  File "/Users/shawnmacmini/code/odoo-16.0/odoo/modules/loading.py", line 233, in load_module_graph
    load_data(cr, idref, mode, kind='data', package=package)
  File "/Users/shawnmacmini/code/odoo-16.0/odoo/modules/loading.py", line 73, in load_data
    tools.convert_file(cr, package.name, filename, idref, mode, noupdate, kind)
  File "/Users/shawnmacmini/code/odoo-16.0/odoo/tools/convert.py", line 771, in convert_file
    convert_xml_import(cr, module, fp, idref, mode, noupdate)
  File "/Users/shawnmacmini/code/odoo-16.0/odoo/tools/convert.py", line 837, in convert_xml_import
    obj.parse(doc.getroot())
  File "/Users/shawnmacmini/code/odoo-16.0/odoo/tools/convert.py", line 757, in parse
    self._tag_root(de)
  File "/Users/shawnmacmini/code/odoo-16.0/odoo/tools/convert.py", line 717, in _tag_root
    raise ParseError(msg) from None  # Restart with "--log-handler odoo.tools.convert:DEBUG" for complete traceback
odoo.tools.convert.ParseError: while parsing /Users/shawnmacmini/code/odoo-16.0/addons-custom/store_bar/views/store_bar_order_views.xml:21
验证附近视图时出错:

<form string="吧台订单" __validate__="1">
                <header>
                    <button name="action_lock" string="锁定订单" type="object" class="oe_highlight" states="draft"/>

用于domain of field 'employee_id' ([('company_id', '=', company_id)])的字段'company_id'限于小组store_bar.group_bar_manager。

View error context:
{'file': '/Users/shawnmacmini/code/odoo-16.0/addons-custom/store_bar/views/store_bar_order_views.xml',
 'line': 1,
 'name': 'store.bar.order.form',
 'view': ir.ui.view(2321,),
 'view.model': 'store.bar.order',
 'view.parent': ir.ui.view(),
 'xmlid': 'view_store_bar_order_form'}

2025-11-01 15:20:13,440 19849 INFO odoo16 odoo.modules.loading: loading 1 modules... 
2025-11-01 15:20:13,442 19849 INFO odoo16 odoo.modules.loading: 1 modules loaded in 0.00s, 0 queries (+0 extra) 
2025-11-01 15:20:13,447 19849 INFO odoo16 odoo.modules.loading: loading 102 modules... 
2025-11-01 15:20:13,473 19849 INFO odoo16 odoo.modules.loading: 102 modules loaded in 0.03s, 0 queries (+0 extra) 
2025-11-01 15:20:13,559 19849 INFO odoo16 odoo.modules.loading: Modules loaded. 
2025-11-01 15:20:13,562 19849 INFO odoo16 odoo.modules.registry: Registry loaded in 0.124s 
2025-11-01 15:20:13,564 19849 ERROR odoo16 odoo.http: Exception during request handling. 
Traceback (most recent call last):
  File "/Users/shawnmacmini/code/odoo-16.0/odoo/http.py", line 2261, in __call__
    response = request._serve_db()
  File "/Users/shawnmacmini/code/odoo-16.0/odoo/http.py", line 1848, in _serve_db
    return service_model.retrying(self._serve_ir_http, self.env)
  File "/Users/shawnmacmini/code/odoo-16.0/odoo/service/model.py", line 152, in retrying
    result = func()
  File "/Users/shawnmacmini/code/odoo-16.0/odoo/http.py", line 1876, in _serve_ir_http
    response = self.dispatcher.dispatch(rule.endpoint, args)
  File "/Users/shawnmacmini/code/odoo-16.0/odoo/http.py", line 2080, in dispatch
    result = self.request.registry['ir.http']._dispatch(endpoint)
  File "/Users/shawnmacmini/code/odoo-16.0/addons/website/models/ir_http.py", line 237, in _dispatch
    response = super()._dispatch(endpoint)
  File "/Users/shawnmacmini/code/odoo-16.0/odoo/addons/base/models/ir_http.py", line 154, in _dispatch
    result = endpoint(**request.params)
  File "/Users/shawnmacmini/code/odoo-16.0/odoo/http.py", line 763, in route_wrapper
    result = endpoint(self, *args, **params_ok)
  File "/Users/shawnmacmini/code/odoo-16.0/addons/web/controllers/dataset.py", line 47, in call_button
    action = self._call_kw(model, method, args, kwargs)
  File "/Users/shawnmacmini/code/odoo-16.0/addons/web/controllers/dataset.py", line 34, in _call_kw
    return call_kw(Model, method, args, kwargs)
  File "/Users/shawnmacmini/code/odoo-16.0/odoo/api.py", line 484, in call_kw
    result = _call_kw_multi(method, model, args, kwargs)
  File "/Users/shawnmacmini/code/odoo-16.0/odoo/api.py", line 469, in _call_kw_multi
    result = method(recs, *args, **kwargs)
  File "<decorator-gen-72>", line 2, in button_immediate_install
  File "/Users/shawnmacmini/code/odoo-16.0/odoo/addons/base/models/ir_module.py", line 74, in check_and_log
    return method(self, *args, **kwargs)
  File "/Users/shawnmacmini/code/odoo-16.0/odoo/addons/base/models/ir_module.py", line 478, in button_immediate_install
    return self._button_immediate_function(self.env.registry[self._name].button_install)
  File "/Users/shawnmacmini/code/odoo-16.0/odoo/addons/base/models/ir_module.py", line 602, in _button_immediate_function
    registry = modules.registry.Registry.new(self._cr.dbname, update_module=True)
  File "<decorator-gen-16>", line 2, in new
  File "/Users/shawnmacmini/code/odoo-16.0/odoo/tools/func.py", line 87, in locked
    return func(inst, *args, **kwargs)
  File "/Users/shawnmacmini/code/odoo-16.0/odoo/modules/registry.py", line 87, in new
    odoo.modules.load_modules(registry, force_demo, status, update_module)
  File "/Users/shawnmacmini/code/odoo-16.0/odoo/modules/loading.py", line 493, in load_modules
    processed_modules += load_marked_modules(cr, graph,
  File "/Users/shawnmacmini/code/odoo-16.0/odoo/modules/loading.py", line 374, in load_marked_modules
    loaded, processed = load_module_graph(
  File "/Users/shawnmacmini/code/odoo-16.0/odoo/modules/loading.py", line 233, in load_module_graph
    load_data(cr, idref, mode, kind='data', package=package)
  File "/Users/shawnmacmini/code/odoo-16.0/odoo/modules/loading.py", line 73, in load_data
    tools.convert_file(cr, package.name, filename, idref, mode, noupdate, kind)
  File "/Users/shawnmacmini/code/odoo-16.0/odoo/tools/convert.py", line 771, in convert_file
    convert_xml_import(cr, module, fp, idref, mode, noupdate)
  File "/Users/shawnmacmini/code/odoo-16.0/odoo/tools/convert.py", line 837, in convert_xml_import
    obj.parse(doc.getroot())
  File "/Users/shawnmacmini/code/odoo-16.0/odoo/tools/convert.py", line 757, in parse
    self._tag_root(de)
  File "/Users/shawnmacmini/code/odoo-16.0/odoo/tools/convert.py", line 717, in _tag_root
    raise ParseError(msg) from None  # Restart with "--log-handler odoo.tools.convert:DEBUG" for complete traceback
odoo.tools.convert.ParseError: while parsing /Users/shawnmacmini/code/odoo-16.0/addons-custom/store_bar/views/store_bar_order_views.xml:21
验证附近视图时出错:

<form string="吧台订单" __validate__="1">
                <header>
                    <button name="action_lock" string="锁定订单" type="object" class="oe_highlight" states="draft"/>

用于domain of field 'employee_id' ([('company_id', '=', company_id)])的字段'company_id'限于小组store_bar.group_bar_manager。

View error context:
{'file': '/Users/shawnmacmini/code/odoo-16.0/addons-custom/store_bar/views/store_bar_order_views.xml',
 'line': 1,
 'name': 'store.bar.order.form',
 'view': ir.ui.view(2321,),
 'view.model': 'store.bar.order',
 'view.parent': ir.ui.view(),
 'xmlid': 'view_store_bar_order_form'}

2025-11-01 15:20:13,564 19849 INFO odoo16 werkzeug: 127.0.0.1 - - [01/Nov/2025 15:20:13] "POST /web/dataset/call_button HTTP/1.1" 200 - 1580 0.734 0.875
2025-11-01 15:20:42,042 19849 INFO odoo16 odoo.addons.base.models.ir_http: Generating routing map for key 1 
2025-11-01 15:20:42,199 19849 WARNING odoo16 odoo.modules.registry: store.inventory.batch: inconsistent 'compute_sudo' for computed fields: picking_ids, picking_count, quant_count, operation_count, lot_count 
2025-11-01 15:20:42,422 19849 INFO odoo16 werkzeug: 127.0.0.1 - - [01/Nov/2025 15:20:42] "POST /web/action/load HTTP/1.1" 200 - 40 0.052 0.347
2025-11-01 15:20:42,603 19849 INFO odoo16 werkzeug: 127.0.0.1 - - [01/Nov/2025 15:20:42] "POST /web/dataset/call_kw/res.partner/get_views HTTP/1.1" 200 - 135 0.091 0.081
2025-11-01 15:20:42,721 19849 INFO odoo16 odoo.addons.base.models.ir_attachment: _read_file reading /Users/shawnmacmini/code/odoo-16.0/.odoo-data/filestore/odoo16/c7/c7456b613cd14ae65b55c1042ab7dd02739bce2b 
Traceback (most recent call last):
  File "/Users/shawnmacmini/code/odoo-16.0/odoo/api.py", line 1013, in get
    cache_value = field_cache[record._ids[0]]
KeyError: 81

During handling of the above exception, another exception occurred:

Traceback (most recent call last):
  File "/Users/shawnmacmini/code/odoo-16.0/odoo/fields.py", line 1161, in __get__
    value = env.cache.get(record, self)
  File "/Users/shawnmacmini/code/odoo-16.0/odoo/api.py", line 1020, in get
    raise CacheMiss(record, field)
odoo.exceptions.CacheMiss: 'res.partner(81,).avatar_128'

During handling of the above exception, another exception occurred:

Traceback (most recent call last):
  File "/Users/shawnmacmini/code/odoo-16.0/odoo/api.py", line 1013, in get
    cache_value = field_cache[record._ids[0]]
KeyError: 7

During handling of the above exception, another exception occurred:

Traceback (most recent call last):
  File "/Users/shawnmacmini/code/odoo-16.0/odoo/fields.py", line 1161, in __get__
    value = env.cache.get(record, self)
  File "/Users/shawnmacmini/code/odoo-16.0/odoo/api.py", line 1020, in get
    raise CacheMiss(record, field)
odoo.exceptions.CacheMiss: 'res.partner(7,).image_128'

During handling of the above exception, another exception occurred:

Traceback (most recent call last):
  File "/Users/shawnmacmini/code/odoo-16.0/odoo/api.py", line 1013, in get
    cache_value = field_cache[record._ids[0]]
KeyError: 26

During handling of the above exception, another exception occurred:

Traceback (most recent call last):
  File "/Users/shawnmacmini/code/odoo-16.0/odoo/fields.py", line 1161, in __get__
    value = env.cache.get(record, self)
  File "/Users/shawnmacmini/code/odoo-16.0/odoo/api.py", line 1020, in get
    raise CacheMiss(record, field)
odoo.exceptions.CacheMiss: 'ir.attachment(26,).datas'

During handling of the above exception, another exception occurred:

Traceback (most recent call last):
  File "/Users/shawnmacmini/code/odoo-16.0/odoo/api.py", line 1013, in get
    cache_value = field_cache[record._ids[0]]
KeyError: 26

During handling of the above exception, another exception occurred:

Traceback (most recent call last):
  File "/Users/shawnmacmini/code/odoo-16.0/odoo/fields.py", line 1161, in __get__
    value = env.cache.get(record, self)
  File "/Users/shawnmacmini/code/odoo-16.0/odoo/api.py", line 1020, in get
    raise CacheMiss(record, field)
odoo.exceptions.CacheMiss: 'ir.attachment(26,).raw'

During handling of the above exception, another exception occurred:

Traceback (most recent call last):
  File "/Users/shawnmacmini/code/odoo-16.0/odoo/addons/base/models/ir_attachment.py", line 121, in _file_read
    with open(full_path, 'rb') as f:
FileNotFoundError: [Errno 2] No such file or directory: '/Users/shawnmacmini/code/odoo-16.0/.odoo-data/filestore/odoo16/c7/c7456b613cd14ae65b55c1042ab7dd02739bce2b'
2025-11-01 15:20:42,727 19849 INFO odoo16 odoo.addons.base.models.ir_attachment: _read_file reading /Users/shawnmacmini/code/odoo-16.0/.odoo-data/filestore/odoo16/e0/e0d4b5b2f41d6a523b47d17100558bf3084c67b1 
Traceback (most recent call last):
  File "/Users/shawnmacmini/code/odoo-16.0/odoo/api.py", line 1013, in get
    cache_value = field_cache[record._ids[0]]
KeyError: 81

During handling of the above exception, another exception occurred:

Traceback (most recent call last):
  File "/Users/shawnmacmini/code/odoo-16.0/odoo/fields.py", line 1161, in __get__
    value = env.cache.get(record, self)
  File "/Users/shawnmacmini/code/odoo-16.0/odoo/api.py", line 1020, in get
    raise CacheMiss(record, field)
odoo.exceptions.CacheMiss: 'res.partner(81,).avatar_128'

During handling of the above exception, another exception occurred:

Traceback (most recent call last):
  File "/Users/shawnmacmini/code/odoo-16.0/odoo/api.py", line 1013, in get
    cache_value = field_cache[record._ids[0]]
KeyError: 81

During handling of the above exception, another exception occurred:

Traceback (most recent call last):
  File "/Users/shawnmacmini/code/odoo-16.0/odoo/fields.py", line 1161, in __get__
    value = env.cache.get(record, self)
  File "/Users/shawnmacmini/code/odoo-16.0/odoo/api.py", line 1020, in get
    raise CacheMiss(record, field)
odoo.exceptions.CacheMiss: 'res.partner(81,).image_128'

During handling of the above exception, another exception occurred:

Traceback (most recent call last):
  File "/Users/shawnmacmini/code/odoo-16.0/odoo/api.py", line 1013, in get
    cache_value = field_cache[record._ids[0]]
KeyError: 1479

During handling of the above exception, another exception occurred:

Traceback (most recent call last):
  File "/Users/shawnmacmini/code/odoo-16.0/odoo/fields.py", line 1161, in __get__
    value = env.cache.get(record, self)
  File "/Users/shawnmacmini/code/odoo-16.0/odoo/api.py", line 1020, in get
    raise CacheMiss(record, field)
odoo.exceptions.CacheMiss: 'ir.attachment(1479,).datas'

During handling of the above exception, another exception occurred:

Traceback (most recent call last):
  File "/Users/shawnmacmini/code/odoo-16.0/odoo/api.py", line 1013, in get
    cache_value = field_cache[record._ids[0]]
KeyError: 1479

During handling of the above exception, another exception occurred:

Traceback (most recent call last):
  File "/Users/shawnmacmini/code/odoo-16.0/odoo/fields.py", line 1161, in __get__
    value = env.cache.get(record, self)
  File "/Users/shawnmacmini/code/odoo-16.0/odoo/api.py", line 1020, in get
    raise CacheMiss(record, field)
odoo.exceptions.CacheMiss: 'ir.attachment(1479,).raw'

During handling of the above exception, another exception occurred:

Traceback (most recent call last):
  File "/Users/shawnmacmini/code/odoo-16.0/odoo/addons/base/models/ir_attachment.py", line 121, in _file_read
    with open(full_path, 'rb') as f:
FileNotFoundError: [Errno 2] No such file or directory: '/Users/shawnmacmini/code/odoo-16.0/.odoo-data/filestore/odoo16/e0/e0d4b5b2f41d6a523b47d17100558bf3084c67b1'
2025-11-01 15:20:42,728 19849 INFO odoo16 odoo.addons.base.models.ir_attachment: _read_file reading /Users/shawnmacmini/code/odoo-16.0/.odoo-data/filestore/odoo16/54/54575654c82a52573e0cc247763e5612ba8ea54d 
Traceback (most recent call last):
  File "/Users/shawnmacmini/code/odoo-16.0/odoo/api.py", line 1013, in get
    cache_value = field_cache[record._ids[0]]
KeyError: 81

During handling of the above exception, another exception occurred:

Traceback (most recent call last):
  File "/Users/shawnmacmini/code/odoo-16.0/odoo/fields.py", line 1161, in __get__
    value = env.cache.get(record, self)
  File "/Users/shawnmacmini/code/odoo-16.0/odoo/api.py", line 1020, in get
    raise CacheMiss(record, field)
odoo.exceptions.CacheMiss: 'res.partner(81,).avatar_128'

During handling of the above exception, another exception occurred:

Traceback (most recent call last):
  File "/Users/shawnmacmini/code/odoo-16.0/odoo/api.py", line 1013, in get
    cache_value = field_cache[record._ids[0]]
KeyError: 81

During handling of the above exception, another exception occurred:

Traceback (most recent call last):
  File "/Users/shawnmacmini/code/odoo-16.0/odoo/fields.py", line 1161, in __get__
    value = env.cache.get(record, self)
  File "/Users/shawnmacmini/code/odoo-16.0/odoo/api.py", line 1020, in get
    raise CacheMiss(record, field)
odoo.exceptions.CacheMiss: 'res.partner(81,).image_128'

During handling of the above exception, another exception occurred:

Traceback (most recent call last):
  File "/Users/shawnmacmini/code/odoo-16.0/odoo/api.py", line 1013, in get
    cache_value = field_cache[record._ids[0]]
KeyError: 1479

During handling of the above exception, another exception occurred:

Traceback (most recent call last):
  File "/Users/shawnmacmini/code/odoo-16.0/odoo/fields.py", line 1161, in __get__
    value = env.cache.get(record, self)
  File "/Users/shawnmacmini/code/odoo-16.0/odoo/api.py", line 1020, in get
    raise CacheMiss(record, field)
odoo.exceptions.CacheMiss: 'ir.attachment(1479,).datas'

During handling of the above exception, another exception occurred:

Traceback (most recent call last):
  File "/Users/shawnmacmini/code/odoo-16.0/odoo/api.py", line 1013, in get
    cache_value = field_cache[record._ids[0]]
KeyError: 1479

During handling of the above exception, another exception occurred:

Traceback (most recent call last):
  File "/Users/shawnmacmini/code/odoo-16.0/odoo/fields.py", line 1161, in __get__
    value = env.cache.get(record, self)
  File "/Users/shawnmacmini/code/odoo-16.0/odoo/api.py", line 1020, in get
    raise CacheMiss(record, field)
odoo.exceptions.CacheMiss: 'ir.attachment(1479,).raw'

During handling of the above exception, another exception occurred:

Traceback (most recent call last):
  File "/Users/shawnmacmini/code/odoo-16.0/odoo/addons/base/models/ir_attachment.py", line 121, in _file_read
    with open(full_path, 'rb') as f:
FileNotFoundError: [Errno 2] No such file or directory: '/Users/shawnmacmini/code/odoo-16.0/.odoo-data/filestore/odoo16/54/54575654c82a52573e0cc247763e5612ba8ea54d'
2025-11-01 15:20:42,728 19849 INFO odoo16 odoo.addons.base.models.ir_attachment: _read_file reading /Users/shawnmacmini/code/odoo-16.0/.odoo-data/filestore/odoo16/a1/a1759aa83398a11a2cb64280d271d0c4ca0d57d9 
Traceback (most recent call last):
  File "/Users/shawnmacmini/code/odoo-16.0/odoo/api.py", line 1013, in get
    cache_value = field_cache[record._ids[0]]
KeyError: 81

During handling of the above exception, another exception occurred:

Traceback (most recent call last):
  File "/Users/shawnmacmini/code/odoo-16.0/odoo/fields.py", line 1161, in __get__
    value = env.cache.get(record, self)
  File "/Users/shawnmacmini/code/odoo-16.0/odoo/api.py", line 1020, in get
    raise CacheMiss(record, field)
odoo.exceptions.CacheMiss: 'res.partner(81,).avatar_128'

During handling of the above exception, another exception occurred:

Traceback (most recent call last):
  File "/Users/shawnmacmini/code/odoo-16.0/odoo/api.py", line 1013, in get
    cache_value = field_cache[record._ids[0]]
KeyError: 81

During handling of the above exception, another exception occurred:

Traceback (most recent call last):
  File "/Users/shawnmacmini/code/odoo-16.0/odoo/fields.py", line 1161, in __get__
    value = env.cache.get(record, self)
  File "/Users/shawnmacmini/code/odoo-16.0/odoo/api.py", line 1020, in get
    raise CacheMiss(record, field)
odoo.exceptions.CacheMiss: 'res.partner(81,).image_128'

During handling of the above exception, another exception occurred:

Traceback (most recent call last):
  File "/Users/shawnmacmini/code/odoo-16.0/odoo/api.py", line 1013, in get
    cache_value = field_cache[record._ids[0]]
KeyError: 1479

During handling of the above exception, another exception occurred:

Traceback (most recent call last):
  File "/Users/shawnmacmini/code/odoo-16.0/odoo/fields.py", line 1161, in __get__
    value = env.cache.get(record, self)
  File "/Users/shawnmacmini/code/odoo-16.0/odoo/api.py", line 1020, in get
    raise CacheMiss(record, field)
odoo.exceptions.CacheMiss: 'ir.attachment(1479,).datas'

During handling of the above exception, another exception occurred:

Traceback (most recent call last):
  File "/Users/shawnmacmini/code/odoo-16.0/odoo/api.py", line 1013, in get
    cache_value = field_cache[record._ids[0]]
KeyError: 1479

During handling of the above exception, another exception occurred:

Traceback (most recent call last):
  File "/Users/shawnmacmini/code/odoo-16.0/odoo/fields.py", line 1161, in __get__
    value = env.cache.get(record, self)
  File "/Users/shawnmacmini/code/odoo-16.0/odoo/api.py", line 1020, in get
    raise CacheMiss(record, field)
odoo.exceptions.CacheMiss: 'ir.attachment(1479,).raw'

During handling of the above exception, another exception occurred:

Traceback (most recent call last):
  File "/Users/shawnmacmini/code/odoo-16.0/odoo/addons/base/models/ir_attachment.py", line 121, in _file_read
    with open(full_path, 'rb') as f:
FileNotFoundError: [Errno 2] No such file or directory: '/Users/shawnmacmini/code/odoo-16.0/.odoo-data/filestore/odoo16/a1/a1759aa83398a11a2cb64280d271d0c4ca0d57d9'
2025-11-01 15:20:42,728 19849 INFO odoo16 odoo.addons.base.models.ir_attachment: _read_file reading /Users/shawnmacmini/code/odoo-16.0/.odoo-data/filestore/odoo16/e1/e18d7a00782c70aeae6496dbb11e569069082a2c 
Traceback (most recent call last):
  File "/Users/shawnmacmini/code/odoo-16.0/odoo/api.py", line 1013, in get
    cache_value = field_cache[record._ids[0]]
KeyError: 81

During handling of the above exception, another exception occurred:

Traceback (most recent call last):
  File "/Users/shawnmacmini/code/odoo-16.0/odoo/fields.py", line 1161, in __get__
    value = env.cache.get(record, self)
  File "/Users/shawnmacmini/code/odoo-16.0/odoo/api.py", line 1020, in get
    raise CacheMiss(record, field)
odoo.exceptions.CacheMiss: 'res.partner(81,).avatar_128'

During handling of the above exception, another exception occurred:

Traceback (most recent call last):
  File "/Users/shawnmacmini/code/odoo-16.0/odoo/api.py", line 1013, in get
    cache_value = field_cache[record._ids[0]]
KeyError: 81

During handling of the above exception, another exception occurred:

Traceback (most recent call last):
  File "/Users/shawnmacmini/code/odoo-16.0/odoo/fields.py", line 1161, in __get__
    value = env.cache.get(record, self)
  File "/Users/shawnmacmini/code/odoo-16.0/odoo/api.py", line 1020, in get
    raise CacheMiss(record, field)
odoo.exceptions.CacheMiss: 'res.partner(81,).image_128'

During handling of the above exception, another exception occurred:

Traceback (most recent call last):
  File "/Users/shawnmacmini/code/odoo-16.0/odoo/api.py", line 1013, in get
    cache_value = field_cache[record._ids[0]]
KeyError: 1479

During handling of the above exception, another exception occurred:

Traceback (most recent call last):
  File "/Users/shawnmacmini/code/odoo-16.0/odoo/fields.py", line 1161, in __get__
    value = env.cache.get(record, self)
  File "/Users/shawnmacmini/code/odoo-16.0/odoo/api.py", line 1020, in get
    raise CacheMiss(record, field)
odoo.exceptions.CacheMiss: 'ir.attachment(1479,).datas'

During handling of the above exception, another exception occurred:

Traceback (most recent call last):
  File "/Users/shawnmacmini/code/odoo-16.0/odoo/api.py", line 1013, in get
    cache_value = field_cache[record._ids[0]]
KeyError: 1479

During handling of the above exception, another exception occurred:

Traceback (most recent call last):
  File "/Users/shawnmacmini/code/odoo-16.0/odoo/fields.py", line 1161, in __get__
    value = env.cache.get(record, self)
  File "/Users/shawnmacmini/code/odoo-16.0/odoo/api.py", line 1020, in get
    raise CacheMiss(record, field)
odoo.exceptions.CacheMiss: 'ir.attachment(1479,).raw'

During handling of the above exception, another exception occurred:

Traceback (most recent call last):
  File "/Users/shawnmacmini/code/odoo-16.0/odoo/addons/base/models/ir_attachment.py", line 121, in _file_read
    with open(full_path, 'rb') as f:
FileNotFoundError: [Errno 2] No such file or directory: '/Users/shawnmacmini/code/odoo-16.0/.odoo-data/filestore/odoo16/e1/e18d7a00782c70aeae6496dbb11e569069082a2c'
2025-11-01 15:20:42,728 19849 INFO odoo16 odoo.addons.base.models.ir_attachment: _read_file reading /Users/shawnmacmini/code/odoo-16.0/.odoo-data/filestore/odoo16/51/51e25fab891c43dc53c6787cf6e68c6ff1cc8e6f 
Traceback (most recent call last):
  File "/Users/shawnmacmini/code/odoo-16.0/odoo/api.py", line 1013, in get
    cache_value = field_cache[record._ids[0]]
KeyError: 81

During handling of the above exception, another exception occurred:

Traceback (most recent call last):
  File "/Users/shawnmacmini/code/odoo-16.0/odoo/fields.py", line 1161, in __get__
    value = env.cache.get(record, self)
  File "/Users/shawnmacmini/code/odoo-16.0/odoo/api.py", line 1020, in get
    raise CacheMiss(record, field)
odoo.exceptions.CacheMiss: 'res.partner(81,).avatar_128'

During handling of the above exception, another exception occurred:

Traceback (most recent call last):
  File "/Users/shawnmacmini/code/odoo-16.0/odoo/api.py", line 1013, in get
    cache_value = field_cache[record._ids[0]]
KeyError: 81

During handling of the above exception, another exception occurred:

Traceback (most recent call last):
  File "/Users/shawnmacmini/code/odoo-16.0/odoo/fields.py", line 1161, in __get__
    value = env.cache.get(record, self)
  File "/Users/shawnmacmini/code/odoo-16.0/odoo/api.py", line 1020, in get
    raise CacheMiss(record, field)
odoo.exceptions.CacheMiss: 'res.partner(81,).image_128'

During handling of the above exception, another exception occurred:

Traceback (most recent call last):
  File "/Users/shawnmacmini/code/odoo-16.0/odoo/api.py", line 1013, in get
    cache_value = field_cache[record._ids[0]]
KeyError: 1479

During handling of the above exception, another exception occurred:

Traceback (most recent call last):
  File "/Users/shawnmacmini/code/odoo-16.0/odoo/fields.py", line 1161, in __get__
    value = env.cache.get(record, self)
  File "/Users/shawnmacmini/code/odoo-16.0/odoo/api.py", line 1020, in get
    raise CacheMiss(record, field)
odoo.exceptions.CacheMiss: 'ir.attachment(1479,).datas'

During handling of the above exception, another exception occurred:

Traceback (most recent call last):
  File "/Users/shawnmacmini/code/odoo-16.0/odoo/api.py", line 1013, in get
    cache_value = field_cache[record._ids[0]]
KeyError: 1479

During handling of the above exception, another exception occurred:

Traceback (most recent call last):
  File "/Users/shawnmacmini/code/odoo-16.0/odoo/fields.py", line 1161, in __get__
    value = env.cache.get(record, self)
  File "/Users/shawnmacmini/code/odoo-16.0/odoo/api.py", line 1020, in get
    raise CacheMiss(record, field)
odoo.exceptions.CacheMiss: 'ir.attachment(1479,).raw'

During handling of the above exception, another exception occurred:

Traceback (most recent call last):
  File "/Users/shawnmacmini/code/odoo-16.0/odoo/addons/base/models/ir_attachment.py", line 121, in _file_read
    with open(full_path, 'rb') as f:
FileNotFoundError: [Errno 2] No such file or directory: '/Users/shawnmacmini/code/odoo-16.0/.odoo-data/filestore/odoo16/51/51e25fab891c43dc53c6787cf6e68c6ff1cc8e6f'
2025-11-01 15:20:42,728 19849 INFO odoo16 odoo.addons.base.models.ir_attachment: _read_file reading /Users/shawnmacmini/code/odoo-16.0/.odoo-data/filestore/odoo16/ac/ac900d6b66f5e3bc27f562f54f251dd41a96cf42 
Traceback (most recent call last):
  File "/Users/shawnmacmini/code/odoo-16.0/odoo/api.py", line 1013, in get
    cache_value = field_cache[record._ids[0]]
KeyError: 81

During handling of the above exception, another exception occurred:

Traceback (most recent call last):
  File "/Users/shawnmacmini/code/odoo-16.0/odoo/fields.py", line 1161, in __get__
    value = env.cache.get(record, self)
  File "/Users/shawnmacmini/code/odoo-16.0/odoo/api.py", line 1020, in get
    raise CacheMiss(record, field)
odoo.exceptions.CacheMiss: 'res.partner(81,).avatar_128'

During handling of the above exception, another exception occurred:

Traceback (most recent call last):
  File "/Users/shawnmacmini/code/odoo-16.0/odoo/api.py", line 1013, in get
    cache_value = field_cache[record._ids[0]]
KeyError: 81

During handling of the above exception, another exception occurred:

Traceback (most recent call last):
  File "/Users/shawnmacmini/code/odoo-16.0/odoo/fields.py", line 1161, in __get__
    value = env.cache.get(record, self)
  File "/Users/shawnmacmini/code/odoo-16.0/odoo/api.py", line 1020, in get
    raise CacheMiss(record, field)
odoo.exceptions.CacheMiss: 'res.partner(81,).image_128'

During handling of the above exception, another exception occurred:

Traceback (most recent call last):
  File "/Users/shawnmacmini/code/odoo-16.0/odoo/api.py", line 1013, in get
    cache_value = field_cache[record._ids[0]]
KeyError: 1479

During handling of the above exception, another exception occurred:

Traceback (most recent call last):
  File "/Users/shawnmacmini/code/odoo-16.0/odoo/fields.py", line 1161, in __get__
    value = env.cache.get(record, self)
  File "/Users/shawnmacmini/code/odoo-16.0/odoo/api.py", line 1020, in get
    raise CacheMiss(record, field)
odoo.exceptions.CacheMiss: 'ir.attachment(1479,).datas'

During handling of the above exception, another exception occurred:

Traceback (most recent call last):
  File "/Users/shawnmacmini/code/odoo-16.0/odoo/api.py", line 1013, in get
    cache_value = field_cache[record._ids[0]]
KeyError: 1479

During handling of the above exception, another exception occurred:

Traceback (most recent call last):
  File "/Users/shawnmacmini/code/odoo-16.0/odoo/fields.py", line 1161, in __get__
    value = env.cache.get(record, self)
  File "/Users/shawnmacmini/code/odoo-16.0/odoo/api.py", line 1020, in get
    raise CacheMiss(record, field)
odoo.exceptions.CacheMiss: 'ir.attachment(1479,).raw'

During handling of the above exception, another exception occurred:

Traceback (most recent call last):
  File "/Users/shawnmacmini/code/odoo-16.0/odoo/addons/base/models/ir_attachment.py", line 121, in _file_read
    with open(full_path, 'rb') as f:
FileNotFoundError: [Errno 2] No such file or directory: '/Users/shawnmacmini/code/odoo-16.0/.odoo-data/filestore/odoo16/ac/ac900d6b66f5e3bc27f562f54f251dd41a96cf42'
2025-11-01 15:20:42,729 19849 INFO odoo16 odoo.addons.base.models.ir_attachment: _read_file reading /Users/shawnmacmini/code/odoo-16.0/.odoo-data/filestore/odoo16/e6/e67ea4f6d8fcd0f664a5fd7fa25d28198338f113 
Traceback (most recent call last):
  File "/Users/shawnmacmini/code/odoo-16.0/odoo/api.py", line 1013, in get
    cache_value = field_cache[record._ids[0]]
KeyError: 81

During handling of the above exception, another exception occurred:

Traceback (most recent call last):
  File "/Users/shawnmacmini/code/odoo-16.0/odoo/fields.py", line 1161, in __get__
    value = env.cache.get(record, self)
  File "/Users/shawnmacmini/code/odoo-16.0/odoo/api.py", line 1020, in get
    raise CacheMiss(record, field)
odoo.exceptions.CacheMiss: 'res.partner(81,).avatar_128'

During handling of the above exception, another exception occurred:

Traceback (most recent call last):
  File "/Users/shawnmacmini/code/odoo-16.0/odoo/api.py", line 1013, in get
    cache_value = field_cache[record._ids[0]]
KeyError: 81

During handling of the above exception, another exception occurred:

Traceback (most recent call last):
  File "/Users/shawnmacmini/code/odoo-16.0/odoo/fields.py", line 1161, in __get__
    value = env.cache.get(record, self)
  File "/Users/shawnmacmini/code/odoo-16.0/odoo/api.py", line 1020, in get
    raise CacheMiss(record, field)
odoo.exceptions.CacheMiss: 'res.partner(81,).image_128'

During handling of the above exception, another exception occurred:

Traceback (most recent call last):
  File "/Users/shawnmacmini/code/odoo-16.0/odoo/api.py", line 1013, in get
    cache_value = field_cache[record._ids[0]]
KeyError: 1479

During handling of the above exception, another exception occurred:

Traceback (most recent call last):
  File "/Users/shawnmacmini/code/odoo-16.0/odoo/fields.py", line 1161, in __get__
    value = env.cache.get(record, self)
  File "/Users/shawnmacmini/code/odoo-16.0/odoo/api.py", line 1020, in get
    raise CacheMiss(record, field)
odoo.exceptions.CacheMiss: 'ir.attachment(1479,).datas'

During handling of the above exception, another exception occurred:

Traceback (most recent call last):
  File "/Users/shawnmacmini/code/odoo-16.0/odoo/api.py", line 1013, in get
    cache_value = field_cache[record._ids[0]]
KeyError: 1479

During handling of the above exception, another exception occurred:

Traceback (most recent call last):
  File "/Users/shawnmacmini/code/odoo-16.0/odoo/fields.py", line 1161, in __get__
    value = env.cache.get(record, self)
  File "/Users/shawnmacmini/code/odoo-16.0/odoo/api.py", line 1020, in get
    raise CacheMiss(record, field)
odoo.exceptions.CacheMiss: 'ir.attachment(1479,).raw'

During handling of the above exception, another exception occurred:

Traceback (most recent call last):
  File "/Users/shawnmacmini/code/odoo-16.0/odoo/addons/base/models/ir_attachment.py", line 121, in _file_read
    with open(full_path, 'rb') as f:
FileNotFoundError: [Errno 2] No such file or directory: '/Users/shawnmacmini/code/odoo-16.0/.odoo-data/filestore/odoo16/e6/e67ea4f6d8fcd0f664a5fd7fa25d28198338f113'
2025-11-01 15:20:42,729 19849 INFO odoo16 odoo.addons.base.models.ir_attachment: _read_file reading /Users/shawnmacmini/code/odoo-16.0/.odoo-data/filestore/odoo16/8f/8f240a29fffb0839abc4b0012a1d0fbf72f01174 
Traceback (most recent call last):
  File "/Users/shawnmacmini/code/odoo-16.0/odoo/api.py", line 1013, in get
    cache_value = field_cache[record._ids[0]]
KeyError: 81

During handling of the above exception, another exception occurred:

Traceback (most recent call last):
  File "/Users/shawnmacmini/code/odoo-16.0/odoo/fields.py", line 1161, in __get__
    value = env.cache.get(record, self)
  File "/Users/shawnmacmini/code/odoo-16.0/odoo/api.py", line 1020, in get
    raise CacheMiss(record, field)
odoo.exceptions.CacheMiss: 'res.partner(81,).avatar_128'

During handling of the above exception, another exception occurred:

Traceback (most recent call last):
  File "/Users/shawnmacmini/code/odoo-16.0/odoo/api.py", line 1013, in get
    cache_value = field_cache[record._ids[0]]
KeyError: 81

During handling of the above exception, another exception occurred:

Traceback (most recent call last):
  File "/Users/shawnmacmini/code/odoo-16.0/odoo/fields.py", line 1161, in __get__
    value = env.cache.get(record, self)
  File "/Users/shawnmacmini/code/odoo-16.0/odoo/api.py", line 1020, in get
    raise CacheMiss(record, field)
odoo.exceptions.CacheMiss: 'res.partner(81,).image_128'

During handling of the above exception, another exception occurred:

Traceback (most recent call last):
  File "/Users/shawnmacmini/code/odoo-16.0/odoo/api.py", line 1013, in get
    cache_value = field_cache[record._ids[0]]
KeyError: 1479

During handling of the above exception, another exception occurred:

Traceback (most recent call last):
  File "/Users/shawnmacmini/code/odoo-16.0/odoo/fields.py", line 1161, in __get__
    value = env.cache.get(record, self)
  File "/Users/shawnmacmini/code/odoo-16.0/odoo/api.py", line 1020, in get
    raise CacheMiss(record, field)
odoo.exceptions.CacheMiss: 'ir.attachment(1479,).datas'

During handling of the above exception, another exception occurred:

Traceback (most recent call last):
  File "/Users/shawnmacmini/code/odoo-16.0/odoo/api.py", line 1013, in get
    cache_value = field_cache[record._ids[0]]
KeyError: 1479

During handling of the above exception, another exception occurred:

Traceback (most recent call last):
  File "/Users/shawnmacmini/code/odoo-16.0/odoo/fields.py", line 1161, in __get__
    value = env.cache.get(record, self)
  File "/Users/shawnmacmini/code/odoo-16.0/odoo/api.py", line 1020, in get
    raise CacheMiss(record, field)
odoo.exceptions.CacheMiss: 'ir.attachment(1479,).raw'

During handling of the above exception, another exception occurred:

Traceback (most recent call last):
  File "/Users/shawnmacmini/code/odoo-16.0/odoo/addons/base/models/ir_attachment.py", line 121, in _file_read
    with open(full_path, 'rb') as f:
FileNotFoundError: [Errno 2] No such file or directory: '/Users/shawnmacmini/code/odoo-16.0/.odoo-data/filestore/odoo16/8f/8f240a29fffb0839abc4b0012a1d0fbf72f01174'
2025-11-01 15:20:42,729 19849 INFO odoo16 odoo.addons.base.models.ir_attachment: _read_file reading /Users/shawnmacmini/code/odoo-16.0/.odoo-data/filestore/odoo16/63/63599c7e58cbd5e0ea2250f978ea4bf357adcdee 
Traceback (most recent call last):
  File "/Users/shawnmacmini/code/odoo-16.0/odoo/api.py", line 1013, in get
    cache_value = field_cache[record._ids[0]]
KeyError: 81

During handling of the above exception, another exception occurred:

Traceback (most recent call last):
  File "/Users/shawnmacmini/code/odoo-16.0/odoo/fields.py", line 1161, in __get__
    value = env.cache.get(record, self)
  File "/Users/shawnmacmini/code/odoo-16.0/odoo/api.py", line 1020, in get
    raise CacheMiss(record, field)
odoo.exceptions.CacheMiss: 'res.partner(81,).avatar_128'

During handling of the above exception, another exception occurred:

Traceback (most recent call last):
  File "/Users/shawnmacmini/code/odoo-16.0/odoo/api.py", line 1013, in get
    cache_value = field_cache[record._ids[0]]
KeyError: 81

During handling of the above exception, another exception occurred:

Traceback (most recent call last):
  File "/Users/shawnmacmini/code/odoo-16.0/odoo/fields.py", line 1161, in __get__
    value = env.cache.get(record, self)
  File "/Users/shawnmacmini/code/odoo-16.0/odoo/api.py", line 1020, in get
    raise CacheMiss(record, field)
odoo.exceptions.CacheMiss: 'res.partner(81,).image_128'

During handling of the above exception, another exception occurred:

Traceback (most recent call last):
  File "/Users/shawnmacmini/code/odoo-16.0/odoo/api.py", line 1013, in get
    cache_value = field_cache[record._ids[0]]
KeyError: 1479

During handling of the above exception, another exception occurred:

Traceback (most recent call last):
  File "/Users/shawnmacmini/code/odoo-16.0/odoo/fields.py", line 1161, in __get__
    value = env.cache.get(record, self)
  File "/Users/shawnmacmini/code/odoo-16.0/odoo/api.py", line 1020, in get
    raise CacheMiss(record, field)
odoo.exceptions.CacheMiss: 'ir.attachment(1479,).datas'

During handling of the above exception, another exception occurred:

Traceback (most recent call last):
  File "/Users/shawnmacmini/code/odoo-16.0/odoo/api.py", line 1013, in get
    cache_value = field_cache[record._ids[0]]
KeyError: 1479

During handling of the above exception, another exception occurred:

Traceback (most recent call last):
  File "/Users/shawnmacmini/code/odoo-16.0/odoo/fields.py", line 1161, in __get__
    value = env.cache.get(record, self)
  File "/Users/shawnmacmini/code/odoo-16.0/odoo/api.py", line 1020, in get
    raise CacheMiss(record, field)
odoo.exceptions.CacheMiss: 'ir.attachment(1479,).raw'

During handling of the above exception, another exception occurred:

Traceback (most recent call last):
  File "/Users/shawnmacmini/code/odoo-16.0/odoo/addons/base/models/ir_attachment.py", line 121, in _file_read
    with open(full_path, 'rb') as f:
FileNotFoundError: [Errno 2] No such file or directory: '/Users/shawnmacmini/code/odoo-16.0/.odoo-data/filestore/odoo16/63/63599c7e58cbd5e0ea2250f978ea4bf357adcdee'
2025-11-01 15:20:42,729 19849 INFO odoo16 odoo.addons.base.models.ir_attachment: _read_file reading /Users/shawnmacmini/code/odoo-16.0/.odoo-data/filestore/odoo16/dd/ddd46a08c47ac8cde114eabd6648cbc6dd7afc9e 
Traceback (most recent call last):
  File "/Users/shawnmacmini/code/odoo-16.0/odoo/api.py", line 1013, in get
    cache_value = field_cache[record._ids[0]]
KeyError: 81

During handling of the above exception, another exception occurred:

Traceback (most recent call last):
  File "/Users/shawnmacmini/code/odoo-16.0/odoo/fields.py", line 1161, in __get__
    value = env.cache.get(record, self)
  File "/Users/shawnmacmini/code/odoo-16.0/odoo/api.py", line 1020, in get
    raise CacheMiss(record, field)
odoo.exceptions.CacheMiss: 'res.partner(81,).avatar_128'

During handling of the above exception, another exception occurred:

Traceback (most recent call last):
  File "/Users/shawnmacmini/code/odoo-16.0/odoo/api.py", line 1013, in get
    cache_value = field_cache[record._ids[0]]
KeyError: 81

During handling of the above exception, another exception occurred:

Traceback (most recent call last):
  File "/Users/shawnmacmini/code/odoo-16.0/odoo/fields.py", line 1161, in __get__
    value = env.cache.get(record, self)
  File "/Users/shawnmacmini/code/odoo-16.0/odoo/api.py", line 1020, in get
    raise CacheMiss(record, field)
odoo.exceptions.CacheMiss: 'res.partner(81,).image_128'

During handling of the above exception, another exception occurred:

Traceback (most recent call last):
  File "/Users/shawnmacmini/code/odoo-16.0/odoo/api.py", line 1013, in get
    cache_value = field_cache[record._ids[0]]
KeyError: 1479

During handling of the above exception, another exception occurred:

Traceback (most recent call last):
  File "/Users/shawnmacmini/code/odoo-16.0/odoo/fields.py", line 1161, in __get__
    value = env.cache.get(record, self)
  File "/Users/shawnmacmini/code/odoo-16.0/odoo/api.py", line 1020, in get
    raise CacheMiss(record, field)
odoo.exceptions.CacheMiss: 'ir.attachment(1479,).datas'

During handling of the above exception, another exception occurred:

Traceback (most recent call last):
  File "/Users/shawnmacmini/code/odoo-16.0/odoo/api.py", line 1013, in get
    cache_value = field_cache[record._ids[0]]
KeyError: 1479

During handling of the above exception, another exception occurred:

Traceback (most recent call last):
  File "/Users/shawnmacmini/code/odoo-16.0/odoo/fields.py", line 1161, in __get__
    value = env.cache.get(record, self)
  File "/Users/shawnmacmini/code/odoo-16.0/odoo/api.py", line 1020, in get
    raise CacheMiss(record, field)
odoo.exceptions.CacheMiss: 'ir.attachment(1479,).raw'

During handling of the above exception, another exception occurred:

Traceback (most recent call last):
  File "/Users/shawnmacmini/code/odoo-16.0/odoo/addons/base/models/ir_attachment.py", line 121, in _file_read
    with open(full_path, 'rb') as f:
FileNotFoundError: [Errno 2] No such file or directory: '/Users/shawnmacmini/code/odoo-16.0/.odoo-data/filestore/odoo16/dd/ddd46a08c47ac8cde114eabd6648cbc6dd7afc9e'
2025-11-01 15:20:42,729 19849 INFO odoo16 odoo.addons.base.models.ir_attachment: _read_file reading /Users/shawnmacmini/code/odoo-16.0/.odoo-data/filestore/odoo16/91/915f9bcef0bb9e19c6789f5f90cfc2ace8717618 
Traceback (most recent call last):
  File "/Users/shawnmacmini/code/odoo-16.0/odoo/api.py", line 1013, in get
    cache_value = field_cache[record._ids[0]]
KeyError: 81

During handling of the above exception, another exception occurred:

Traceback (most recent call last):
  File "/Users/shawnmacmini/code/odoo-16.0/odoo/fields.py", line 1161, in __get__
    value = env.cache.get(record, self)
  File "/Users/shawnmacmini/code/odoo-16.0/odoo/api.py", line 1020, in get
    raise CacheMiss(record, field)
odoo.exceptions.CacheMiss: 'res.partner(81,).avatar_128'

During handling of the above exception, another exception occurred:

Traceback (most recent call last):
  File "/Users/shawnmacmini/code/odoo-16.0/odoo/api.py", line 1013, in get
    cache_value = field_cache[record._ids[0]]
KeyError: 81

During handling of the above exception, another exception occurred:

Traceback (most recent call last):
  File "/Users/shawnmacmini/code/odoo-16.0/odoo/fields.py", line 1161, in __get__
    value = env.cache.get(record, self)
  File "/Users/shawnmacmini/code/odoo-16.0/odoo/api.py", line 1020, in get
    raise CacheMiss(record, field)
odoo.exceptions.CacheMiss: 'res.partner(81,).image_128'

During handling of the above exception, another exception occurred:

Traceback (most recent call last):
  File "/Users/shawnmacmini/code/odoo-16.0/odoo/api.py", line 1013, in get
    cache_value = field_cache[record._ids[0]]
KeyError: 1479

During handling of the above exception, another exception occurred:

Traceback (most recent call last):
  File "/Users/shawnmacmini/code/odoo-16.0/odoo/fields.py", line 1161, in __get__
    value = env.cache.get(record, self)
  File "/Users/shawnmacmini/code/odoo-16.0/odoo/api.py", line 1020, in get
    raise CacheMiss(record, field)
odoo.exceptions.CacheMiss: 'ir.attachment(1479,).datas'

During handling of the above exception, another exception occurred:

Traceback (most recent call last):
  File "/Users/shawnmacmini/code/odoo-16.0/odoo/api.py", line 1013, in get
    cache_value = field_cache[record._ids[0]]
KeyError: 1479

During handling of the above exception, another exception occurred:

Traceback (most recent call last):
  File "/Users/shawnmacmini/code/odoo-16.0/odoo/fields.py", line 1161, in __get__
    value = env.cache.get(record, self)
  File "/Users/shawnmacmini/code/odoo-16.0/odoo/api.py", line 1020, in get
    raise CacheMiss(record, field)
odoo.exceptions.CacheMiss: 'ir.attachment(1479,).raw'

During handling of the above exception, another exception occurred:

Traceback (most recent call last):
  File "/Users/shawnmacmini/code/odoo-16.0/odoo/addons/base/models/ir_attachment.py", line 121, in _file_read
    with open(full_path, 'rb') as f:
FileNotFoundError: [Errno 2] No such file or directory: '/Users/shawnmacmini/code/odoo-16.0/.odoo-data/filestore/odoo16/91/915f9bcef0bb9e19c6789f5f90cfc2ace8717618'
2025-11-01 15:20:42,729 19849 INFO odoo16 odoo.addons.base.models.ir_attachment: _read_file reading /Users/shawnmacmini/code/odoo-16.0/.odoo-data/filestore/odoo16/91/912addf41a52dd65e5c239eadac0dd58423fd6e6 
Traceback (most recent call last):
  File "/Users/shawnmacmini/code/odoo-16.0/odoo/api.py", line 1013, in get
    cache_value = field_cache[record._ids[0]]
KeyError: 81

During handling of the above exception, another exception occurred:

Traceback (most recent call last):
  File "/Users/shawnmacmini/code/odoo-16.0/odoo/fields.py", line 1161, in __get__
    value = env.cache.get(record, self)
  File "/Users/shawnmacmini/code/odoo-16.0/odoo/api.py", line 1020, in get
    raise CacheMiss(record, field)
odoo.exceptions.CacheMiss: 'res.partner(81,).avatar_128'

During handling of the above exception, another exception occurred:

Traceback (most recent call last):
  File "/Users/shawnmacmini/code/odoo-16.0/odoo/api.py", line 1013, in get
    cache_value = field_cache[record._ids[0]]
KeyError: 81

During handling of the above exception, another exception occurred:

Traceback (most recent call last):
  File "/Users/shawnmacmini/code/odoo-16.0/odoo/fields.py", line 1161, in __get__
    value = env.cache.get(record, self)
  File "/Users/shawnmacmini/code/odoo-16.0/odoo/api.py", line 1020, in get
    raise CacheMiss(record, field)
odoo.exceptions.CacheMiss: 'res.partner(81,).image_128'

During handling of the above exception, another exception occurred:

Traceback (most recent call last):
  File "/Users/shawnmacmini/code/odoo-16.0/odoo/api.py", line 1013, in get
    cache_value = field_cache[record._ids[0]]
KeyError: 1479

During handling of the above exception, another exception occurred:

Traceback (most recent call last):
  File "/Users/shawnmacmini/code/odoo-16.0/odoo/fields.py", line 1161, in __get__
    value = env.cache.get(record, self)
  File "/Users/shawnmacmini/code/odoo-16.0/odoo/api.py", line 1020, in get
    raise CacheMiss(record, field)
odoo.exceptions.CacheMiss: 'ir.attachment(1479,).datas'

During handling of the above exception, another exception occurred:

Traceback (most recent call last):
  File "/Users/shawnmacmini/code/odoo-16.0/odoo/api.py", line 1013, in get
    cache_value = field_cache[record._ids[0]]
KeyError: 1479

During handling of the above exception, another exception occurred:

Traceback (most recent call last):
  File "/Users/shawnmacmini/code/odoo-16.0/odoo/fields.py", line 1161, in __get__
    value = env.cache.get(record, self)
  File "/Users/shawnmacmini/code/odoo-16.0/odoo/api.py", line 1020, in get
    raise CacheMiss(record, field)
odoo.exceptions.CacheMiss: 'ir.attachment(1479,).raw'

During handling of the above exception, another exception occurred:

Traceback (most recent call last):
  File "/Users/shawnmacmini/code/odoo-16.0/odoo/addons/base/models/ir_attachment.py", line 121, in _file_read
    with open(full_path, 'rb') as f:
FileNotFoundError: [Errno 2] No such file or directory: '/Users/shawnmacmini/code/odoo-16.0/.odoo-data/filestore/odoo16/91/912addf41a52dd65e5c239eadac0dd58423fd6e6'
2025-11-01 15:20:42,729 19849 INFO odoo16 odoo.addons.base.models.ir_attachment: _read_file reading /Users/shawnmacmini/code/odoo-16.0/.odoo-data/filestore/odoo16/88/88bae33eba5a1879ca860c9d8af9dab8ee8619a1 
Traceback (most recent call last):
  File "/Users/shawnmacmini/code/odoo-16.0/odoo/api.py", line 1013, in get
    cache_value = field_cache[record._ids[0]]
KeyError: 81

During handling of the above exception, another exception occurred:

Traceback (most recent call last):
  File "/Users/shawnmacmini/code/odoo-16.0/odoo/fields.py", line 1161, in __get__
    value = env.cache.get(record, self)
  File "/Users/shawnmacmini/code/odoo-16.0/odoo/api.py", line 1020, in get
    raise CacheMiss(record, field)
odoo.exceptions.CacheMiss: 'res.partner(81,).avatar_128'

During handling of the above exception, another exception occurred:

Traceback (most recent call last):
  File "/Users/shawnmacmini/code/odoo-16.0/odoo/api.py", line 1013, in get
    cache_value = field_cache[record._ids[0]]
KeyError: 81

During handling of the above exception, another exception occurred:

Traceback (most recent call last):
  File "/Users/shawnmacmini/code/odoo-16.0/odoo/fields.py", line 1161, in __get__
    value = env.cache.get(record, self)
  File "/Users/shawnmacmini/code/odoo-16.0/odoo/api.py", line 1020, in get
    raise CacheMiss(record, field)
odoo.exceptions.CacheMiss: 'res.partner(81,).image_128'

During handling of the above exception, another exception occurred:

Traceback (most recent call last):
  File "/Users/shawnmacmini/code/odoo-16.0/odoo/api.py", line 1013, in get
    cache_value = field_cache[record._ids[0]]
KeyError: 1479

During handling of the above exception, another exception occurred:

Traceback (most recent call last):
  File "/Users/shawnmacmini/code/odoo-16.0/odoo/fields.py", line 1161, in __get__
    value = env.cache.get(record, self)
  File "/Users/shawnmacmini/code/odoo-16.0/odoo/api.py", line 1020, in get
    raise CacheMiss(record, field)
odoo.exceptions.CacheMiss: 'ir.attachment(1479,).datas'

During handling of the above exception, another exception occurred:

Traceback (most recent call last):
  File "/Users/shawnmacmini/code/odoo-16.0/odoo/api.py", line 1013, in get
    cache_value = field_cache[record._ids[0]]
KeyError: 1479

During handling of the above exception, another exception occurred:

Traceback (most recent call last):
  File "/Users/shawnmacmini/code/odoo-16.0/odoo/fields.py", line 1161, in __get__
    value = env.cache.get(record, self)
  File "/Users/shawnmacmini/code/odoo-16.0/odoo/api.py", line 1020, in get
    raise CacheMiss(record, field)
odoo.exceptions.CacheMiss: 'ir.attachment(1479,).raw'

During handling of the above exception, another exception occurred:

Traceback (most recent call last):
  File "/Users/shawnmacmini/code/odoo-16.0/odoo/addons/base/models/ir_attachment.py", line 121, in _file_read
    with open(full_path, 'rb') as f:
FileNotFoundError: [Errno 2] No such file or directory: '/Users/shawnmacmini/code/odoo-16.0/.odoo-data/filestore/odoo16/88/88bae33eba5a1879ca860c9d8af9dab8ee8619a1'
2025-11-01 15:20:42,730 19849 INFO odoo16 odoo.addons.base.models.ir_attachment: _read_file reading /Users/shawnmacmini/code/odoo-16.0/.odoo-data/filestore/odoo16/17/1790498adf3a53872405642e1e8aec0b51611697 
Traceback (most recent call last):
  File "/Users/shawnmacmini/code/odoo-16.0/odoo/api.py", line 1013, in get
    cache_value = field_cache[record._ids[0]]
KeyError: 81

During handling of the above exception, another exception occurred:

Traceback (most recent call last):
  File "/Users/shawnmacmini/code/odoo-16.0/odoo/fields.py", line 1161, in __get__
    value = env.cache.get(record, self)
  File "/Users/shawnmacmini/code/odoo-16.0/odoo/api.py", line 1020, in get
    raise CacheMiss(record, field)
odoo.exceptions.CacheMiss: 'res.partner(81,).avatar_128'

During handling of the above exception, another exception occurred:

Traceback (most recent call last):
  File "/Users/shawnmacmini/code/odoo-16.0/odoo/api.py", line 1013, in get
    cache_value = field_cache[record._ids[0]]
KeyError: 81

During handling of the above exception, another exception occurred:

Traceback (most recent call last):
  File "/Users/shawnmacmini/code/odoo-16.0/odoo/fields.py", line 1161, in __get__
    value = env.cache.get(record, self)
  File "/Users/shawnmacmini/code/odoo-16.0/odoo/api.py", line 1020, in get
    raise CacheMiss(record, field)
odoo.exceptions.CacheMiss: 'res.partner(81,).image_128'

During handling of the above exception, another exception occurred:

Traceback (most recent call last):
  File "/Users/shawnmacmini/code/odoo-16.0/odoo/api.py", line 1013, in get
    cache_value = field_cache[record._ids[0]]
KeyError: 1479

During handling of the above exception, another exception occurred:

Traceback (most recent call last):
  File "/Users/shawnmacmini/code/odoo-16.0/odoo/fields.py", line 1161, in __get__
    value = env.cache.get(record, self)
  File "/Users/shawnmacmini/code/odoo-16.0/odoo/api.py", line 1020, in get
    raise CacheMiss(record, field)
odoo.exceptions.CacheMiss: 'ir.attachment(1479,).datas'

During handling of the above exception, another exception occurred:

Traceback (most recent call last):
  File "/Users/shawnmacmini/code/odoo-16.0/odoo/api.py", line 1013, in get
    cache_value = field_cache[record._ids[0]]
KeyError: 1479

During handling of the above exception, another exception occurred:

Traceback (most recent call last):
  File "/Users/shawnmacmini/code/odoo-16.0/odoo/fields.py", line 1161, in __get__
    value = env.cache.get(record, self)
  File "/Users/shawnmacmini/code/odoo-16.0/odoo/api.py", line 1020, in get
    raise CacheMiss(record, field)
odoo.exceptions.CacheMiss: 'ir.attachment(1479,).raw'

During handling of the above exception, another exception occurred:

Traceback (most recent call last):
  File "/Users/shawnmacmini/code/odoo-16.0/odoo/addons/base/models/ir_attachment.py", line 121, in _file_read
    with open(full_path, 'rb') as f:
FileNotFoundError: [Errno 2] No such file or directory: '/Users/shawnmacmini/code/odoo-16.0/.odoo-data/filestore/odoo16/17/1790498adf3a53872405642e1e8aec0b51611697'
2025-11-01 15:20:42,730 19849 INFO odoo16 odoo.addons.base.models.ir_attachment: _read_file reading /Users/shawnmacmini/code/odoo-16.0/.odoo-data/filestore/odoo16/31/315d9b5ebb155bd8cbc91f77901e5425e000cdea 
Traceback (most recent call last):
  File "/Users/shawnmacmini/code/odoo-16.0/odoo/api.py", line 1013, in get
    cache_value = field_cache[record._ids[0]]
KeyError: 81

During handling of the above exception, another exception occurred:

Traceback (most recent call last):
  File "/Users/shawnmacmini/code/odoo-16.0/odoo/fields.py", line 1161, in __get__
    value = env.cache.get(record, self)
  File "/Users/shawnmacmini/code/odoo-16.0/odoo/api.py", line 1020, in get
    raise CacheMiss(record, field)
odoo.exceptions.CacheMiss: 'res.partner(81,).avatar_128'

During handling of the above exception, another exception occurred:

Traceback (most recent call last):
  File "/Users/shawnmacmini/code/odoo-16.0/odoo/api.py", line 1013, in get
    cache_value = field_cache[record._ids[0]]
KeyError: 81

During handling of the above exception, another exception occurred:

Traceback (most recent call last):
  File "/Users/shawnmacmini/code/odoo-16.0/odoo/fields.py", line 1161, in __get__
    value = env.cache.get(record, self)
  File "/Users/shawnmacmini/code/odoo-16.0/odoo/api.py", line 1020, in get
    raise CacheMiss(record, field)
odoo.exceptions.CacheMiss: 'res.partner(81,).image_128'

During handling of the above exception, another exception occurred:

Traceback (most recent call last):
  File "/Users/shawnmacmini/code/odoo-16.0/odoo/api.py", line 1013, in get
    cache_value = field_cache[record._ids[0]]
KeyError: 1479

During handling of the above exception, another exception occurred:

Traceback (most recent call last):
  File "/Users/shawnmacmini/code/odoo-16.0/odoo/fields.py", line 1161, in __get__
    value = env.cache.get(record, self)
  File "/Users/shawnmacmini/code/odoo-16.0/odoo/api.py", line 1020, in get
    raise CacheMiss(record, field)
odoo.exceptions.CacheMiss: 'ir.attachment(1479,).datas'

During handling of the above exception, another exception occurred:

Traceback (most recent call last):
  File "/Users/shawnmacmini/code/odoo-16.0/odoo/api.py", line 1013, in get
    cache_value = field_cache[record._ids[0]]
KeyError: 1479

During handling of the above exception, another exception occurred:

Traceback (most recent call last):
  File "/Users/shawnmacmini/code/odoo-16.0/odoo/fields.py", line 1161, in __get__
    value = env.cache.get(record, self)
  File "/Users/shawnmacmini/code/odoo-16.0/odoo/api.py", line 1020, in get
    raise CacheMiss(record, field)
odoo.exceptions.CacheMiss: 'ir.attachment(1479,).raw'

During handling of the above exception, another exception occurred:

Traceback (most recent call last):
  File "/Users/shawnmacmini/code/odoo-16.0/odoo/addons/base/models/ir_attachment.py", line 121, in _file_read
    with open(full_path, 'rb') as f:
FileNotFoundError: [Errno 2] No such file or directory: '/Users/shawnmacmini/code/odoo-16.0/.odoo-data/filestore/odoo16/31/315d9b5ebb155bd8cbc91f77901e5425e000cdea'
2025-11-01 15:20:42,730 19849 INFO odoo16 odoo.addons.base.models.ir_attachment: _read_file reading /Users/shawnmacmini/code/odoo-16.0/.odoo-data/filestore/odoo16/40/408c347002e5d3c7a119c65184b1959dac40f3d7 
Traceback (most recent call last):
  File "/Users/shawnmacmini/code/odoo-16.0/odoo/api.py", line 1013, in get
    cache_value = field_cache[record._ids[0]]
KeyError: 81

During handling of the above exception, another exception occurred:

Traceback (most recent call last):
  File "/Users/shawnmacmini/code/odoo-16.0/odoo/fields.py", line 1161, in __get__
    value = env.cache.get(record, self)
  File "/Users/shawnmacmini/code/odoo-16.0/odoo/api.py", line 1020, in get
    raise CacheMiss(record, field)
odoo.exceptions.CacheMiss: 'res.partner(81,).avatar_128'

During handling of the above exception, another exception occurred:

Traceback (most recent call last):
  File "/Users/shawnmacmini/code/odoo-16.0/odoo/api.py", line 1013, in get
    cache_value = field_cache[record._ids[0]]
KeyError: 81

During handling of the above exception, another exception occurred:

Traceback (most recent call last):
  File "/Users/shawnmacmini/code/odoo-16.0/odoo/fields.py", line 1161, in __get__
    value = env.cache.get(record, self)
  File "/Users/shawnmacmini/code/odoo-16.0/odoo/api.py", line 1020, in get
    raise CacheMiss(record, field)
odoo.exceptions.CacheMiss: 'res.partner(81,).image_128'

During handling of the above exception, another exception occurred:

Traceback (most recent call last):
  File "/Users/shawnmacmini/code/odoo-16.0/odoo/api.py", line 1013, in get
    cache_value = field_cache[record._ids[0]]
KeyError: 1479

During handling of the above exception, another exception occurred:

Traceback (most recent call last):
  File "/Users/shawnmacmini/code/odoo-16.0/odoo/fields.py", line 1161, in __get__
    value = env.cache.get(record, self)
  File "/Users/shawnmacmini/code/odoo-16.0/odoo/api.py", line 1020, in get
    raise CacheMiss(record, field)
odoo.exceptions.CacheMiss: 'ir.attachment(1479,).datas'

During handling of the above exception, another exception occurred:

Traceback (most recent call last):
  File "/Users/shawnmacmini/code/odoo-16.0/odoo/api.py", line 1013, in get
    cache_value = field_cache[record._ids[0]]
KeyError: 1479

During handling of the above exception, another exception occurred:

Traceback (most recent call last):
  File "/Users/shawnmacmini/code/odoo-16.0/odoo/fields.py", line 1161, in __get__
    value = env.cache.get(record, self)
  File "/Users/shawnmacmini/code/odoo-16.0/odoo/api.py", line 1020, in get
    raise CacheMiss(record, field)
odoo.exceptions.CacheMiss: 'ir.attachment(1479,).raw'

During handling of the above exception, another exception occurred:

Traceback (most recent call last):
  File "/Users/shawnmacmini/code/odoo-16.0/odoo/addons/base/models/ir_attachment.py", line 121, in _file_read
    with open(full_path, 'rb') as f:
FileNotFoundError: [Errno 2] No such file or directory: '/Users/shawnmacmini/code/odoo-16.0/.odoo-data/filestore/odoo16/40/408c347002e5d3c7a119c65184b1959dac40f3d7'
2025-11-01 15:20:42,730 19849 INFO odoo16 odoo.addons.base.models.ir_attachment: _read_file reading /Users/shawnmacmini/code/odoo-16.0/.odoo-data/filestore/odoo16/1b/1b70ce890ed30e8b1c07b47bc7410cc955033d3e 
Traceback (most recent call last):
  File "/Users/shawnmacmini/code/odoo-16.0/odoo/api.py", line 1013, in get
    cache_value = field_cache[record._ids[0]]
KeyError: 81

During handling of the above exception, another exception occurred:

Traceback (most recent call last):
  File "/Users/shawnmacmini/code/odoo-16.0/odoo/fields.py", line 1161, in __get__
    value = env.cache.get(record, self)
  File "/Users/shawnmacmini/code/odoo-16.0/odoo/api.py", line 1020, in get
    raise CacheMiss(record, field)
odoo.exceptions.CacheMiss: 'res.partner(81,).avatar_128'

During handling of the above exception, another exception occurred:

Traceback (most recent call last):
  File "/Users/shawnmacmini/code/odoo-16.0/odoo/api.py", line 1013, in get
    cache_value = field_cache[record._ids[0]]
KeyError: 81

During handling of the above exception, another exception occurred:

Traceback (most recent call last):
  File "/Users/shawnmacmini/code/odoo-16.0/odoo/fields.py", line 1161, in __get__
    value = env.cache.get(record, self)
  File "/Users/shawnmacmini/code/odoo-16.0/odoo/api.py", line 1020, in get
    raise CacheMiss(record, field)
odoo.exceptions.CacheMiss: 'res.partner(81,).image_128'

During handling of the above exception, another exception occurred:

Traceback (most recent call last):
  File "/Users/shawnmacmini/code/odoo-16.0/odoo/api.py", line 1013, in get
    cache_value = field_cache[record._ids[0]]
KeyError: 1479

During handling of the above exception, another exception occurred:

Traceback (most recent call last):
  File "/Users/shawnmacmini/code/odoo-16.0/odoo/fields.py", line 1161, in __get__
    value = env.cache.get(record, self)
  File "/Users/shawnmacmini/code/odoo-16.0/odoo/api.py", line 1020, in get
    raise CacheMiss(record, field)
odoo.exceptions.CacheMiss: 'ir.attachment(1479,).datas'

During handling of the above exception, another exception occurred:

Traceback (most recent call last):
  File "/Users/shawnmacmini/code/odoo-16.0/odoo/api.py", line 1013, in get
    cache_value = field_cache[record._ids[0]]
KeyError: 1479

During handling of the above exception, another exception occurred:

Traceback (most recent call last):
  File "/Users/shawnmacmini/code/odoo-16.0/odoo/fields.py", line 1161, in __get__
    value = env.cache.get(record, self)
  File "/Users/shawnmacmini/code/odoo-16.0/odoo/api.py", line 1020, in get
    raise CacheMiss(record, field)
odoo.exceptions.CacheMiss: 'ir.attachment(1479,).raw'

During handling of the above exception, another exception occurred:

Traceback (most recent call last):
  File "/Users/shawnmacmini/code/odoo-16.0/odoo/addons/base/models/ir_attachment.py", line 121, in _file_read
    with open(full_path, 'rb') as f:
FileNotFoundError: [Errno 2] No such file or directory: '/Users/shawnmacmini/code/odoo-16.0/.odoo-data/filestore/odoo16/1b/1b70ce890ed30e8b1c07b47bc7410cc955033d3e'
2025-11-01 15:20:42,730 19849 INFO odoo16 odoo.addons.base.models.ir_attachment: _read_file reading /Users/shawnmacmini/code/odoo-16.0/.odoo-data/filestore/odoo16/a8/a8f32356a22420ab63cb28b346e4b86e3c765bc6 
Traceback (most recent call last):
  File "/Users/shawnmacmini/code/odoo-16.0/odoo/api.py", line 1013, in get
    cache_value = field_cache[record._ids[0]]
KeyError: 81

During handling of the above exception, another exception occurred:

Traceback (most recent call last):
  File "/Users/shawnmacmini/code/odoo-16.0/odoo/fields.py", line 1161, in __get__
    value = env.cache.get(record, self)
  File "/Users/shawnmacmini/code/odoo-16.0/odoo/api.py", line 1020, in get
    raise CacheMiss(record, field)
odoo.exceptions.CacheMiss: 'res.partner(81,).avatar_128'

During handling of the above exception, another exception occurred:

Traceback (most recent call last):
  File "/Users/shawnmacmini/code/odoo-16.0/odoo/api.py", line 1013, in get
    cache_value = field_cache[record._ids[0]]
KeyError: 81

During handling of the above exception, another exception occurred:

Traceback (most recent call last):
  File "/Users/shawnmacmini/code/odoo-16.0/odoo/fields.py", line 1161, in __get__
    value = env.cache.get(record, self)
  File "/Users/shawnmacmini/code/odoo-16.0/odoo/api.py", line 1020, in get
    raise CacheMiss(record, field)
odoo.exceptions.CacheMiss: 'res.partner(81,).image_128'

During handling of the above exception, another exception occurred:

Traceback (most recent call last):
  File "/Users/shawnmacmini/code/odoo-16.0/odoo/api.py", line 1013, in get
    cache_value = field_cache[record._ids[0]]
KeyError: 1479

During handling of the above exception, another exception occurred:

Traceback (most recent call last):
  File "/Users/shawnmacmini/code/odoo-16.0/odoo/fields.py", line 1161, in __get__
    value = env.cache.get(record, self)
  File "/Users/shawnmacmini/code/odoo-16.0/odoo/api.py", line 1020, in get
    raise CacheMiss(record, field)
odoo.exceptions.CacheMiss: 'ir.attachment(1479,).datas'

During handling of the above exception, another exception occurred:

Traceback (most recent call last):
  File "/Users/shawnmacmini/code/odoo-16.0/odoo/api.py", line 1013, in get
    cache_value = field_cache[record._ids[0]]
KeyError: 1479

During handling of the above exception, another exception occurred:

Traceback (most recent call last):
  File "/Users/shawnmacmini/code/odoo-16.0/odoo/fields.py", line 1161, in __get__
    value = env.cache.get(record, self)
  File "/Users/shawnmacmini/code/odoo-16.0/odoo/api.py", line 1020, in get
    raise CacheMiss(record, field)
odoo.exceptions.CacheMiss: 'ir.attachment(1479,).raw'

During handling of the above exception, another exception occurred:

Traceback (most recent call last):
  File "/Users/shawnmacmini/code/odoo-16.0/odoo/addons/base/models/ir_attachment.py", line 121, in _file_read
    with open(full_path, 'rb') as f:
FileNotFoundError: [Errno 2] No such file or directory: '/Users/shawnmacmini/code/odoo-16.0/.odoo-data/filestore/odoo16/a8/a8f32356a22420ab63cb28b346e4b86e3c765bc6'
2025-11-01 15:20:42,730 19849 INFO odoo16 odoo.addons.base.models.ir_attachment: _read_file reading /Users/shawnmacmini/code/odoo-16.0/.odoo-data/filestore/odoo16/39/395009794393b7ec5f8c3faaf9823b0a3692032b 
Traceback (most recent call last):
  File "/Users/shawnmacmini/code/odoo-16.0/odoo/api.py", line 1013, in get
    cache_value = field_cache[record._ids[0]]
KeyError: 81

During handling of the above exception, another exception occurred:

Traceback (most recent call last):
  File "/Users/shawnmacmini/code/odoo-16.0/odoo/fields.py", line 1161, in __get__
    value = env.cache.get(record, self)
  File "/Users/shawnmacmini/code/odoo-16.0/odoo/api.py", line 1020, in get
    raise CacheMiss(record, field)
odoo.exceptions.CacheMiss: 'res.partner(81,).avatar_128'

During handling of the above exception, another exception occurred:

Traceback (most recent call last):
  File "/Users/shawnmacmini/code/odoo-16.0/odoo/api.py", line 1013, in get
    cache_value = field_cache[record._ids[0]]
KeyError: 81

During handling of the above exception, another exception occurred:

Traceback (most recent call last):
  File "/Users/shawnmacmini/code/odoo-16.0/odoo/fields.py", line 1161, in __get__
    value = env.cache.get(record, self)
  File "/Users/shawnmacmini/code/odoo-16.0/odoo/api.py", line 1020, in get
    raise CacheMiss(record, field)
odoo.exceptions.CacheMiss: 'res.partner(81,).image_128'

During handling of the above exception, another exception occurred:

Traceback (most recent call last):
  File "/Users/shawnmacmini/code/odoo-16.0/odoo/api.py", line 1013, in get
    cache_value = field_cache[record._ids[0]]
KeyError: 1479

During handling of the above exception, another exception occurred:

Traceback (most recent call last):
  File "/Users/shawnmacmini/code/odoo-16.0/odoo/fields.py", line 1161, in __get__
    value = env.cache.get(record, self)
  File "/Users/shawnmacmini/code/odoo-16.0/odoo/api.py", line 1020, in get
    raise CacheMiss(record, field)
odoo.exceptions.CacheMiss: 'ir.attachment(1479,).datas'

During handling of the above exception, another exception occurred:

Traceback (most recent call last):
  File "/Users/shawnmacmini/code/odoo-16.0/odoo/api.py", line 1013, in get
    cache_value = field_cache[record._ids[0]]
KeyError: 1479

During handling of the above exception, another exception occurred:

Traceback (most recent call last):
  File "/Users/shawnmacmini/code/odoo-16.0/odoo/fields.py", line 1161, in __get__
    value = env.cache.get(record, self)
  File "/Users/shawnmacmini/code/odoo-16.0/odoo/api.py", line 1020, in get
    raise CacheMiss(record, field)
odoo.exceptions.CacheMiss: 'ir.attachment(1479,).raw'

During handling of the above exception, another exception occurred:

Traceback (most recent call last):
  File "/Users/shawnmacmini/code/odoo-16.0/odoo/addons/base/models/ir_attachment.py", line 121, in _file_read
    with open(full_path, 'rb') as f:
FileNotFoundError: [Errno 2] No such file or directory: '/Users/shawnmacmini/code/odoo-16.0/.odoo-data/filestore/odoo16/39/395009794393b7ec5f8c3faaf9823b0a3692032b'
2025-11-01 15:20:42,730 19849 INFO odoo16 odoo.addons.base.models.ir_attachment: _read_file reading /Users/shawnmacmini/code/odoo-16.0/.odoo-data/filestore/odoo16/09/09edbc1c2ea2f60897be8368f54cc9d55bbefd21 
Traceback (most recent call last):
  File "/Users/shawnmacmini/code/odoo-16.0/odoo/api.py", line 1013, in get
    cache_value = field_cache[record._ids[0]]
KeyError: 81

During handling of the above exception, another exception occurred:

Traceback (most recent call last):
  File "/Users/shawnmacmini/code/odoo-16.0/odoo/fields.py", line 1161, in __get__
    value = env.cache.get(record, self)
  File "/Users/shawnmacmini/code/odoo-16.0/odoo/api.py", line 1020, in get
    raise CacheMiss(record, field)
odoo.exceptions.CacheMiss: 'res.partner(81,).avatar_128'

During handling of the above exception, another exception occurred:

Traceback (most recent call last):
  File "/Users/shawnmacmini/code/odoo-16.0/odoo/api.py", line 1013, in get
    cache_value = field_cache[record._ids[0]]
KeyError: 81

During handling of the above exception, another exception occurred:

Traceback (most recent call last):
  File "/Users/shawnmacmini/code/odoo-16.0/odoo/fields.py", line 1161, in __get__
    value = env.cache.get(record, self)
  File "/Users/shawnmacmini/code/odoo-16.0/odoo/api.py", line 1020, in get
    raise CacheMiss(record, field)
odoo.exceptions.CacheMiss: 'res.partner(81,).image_128'

During handling of the above exception, another exception occurred:

Traceback (most recent call last):
  File "/Users/shawnmacmini/code/odoo-16.0/odoo/api.py", line 1013, in get
    cache_value = field_cache[record._ids[0]]
KeyError: 1479

During handling of the above exception, another exception occurred:

Traceback (most recent call last):
  File "/Users/shawnmacmini/code/odoo-16.0/odoo/fields.py", line 1161, in __get__
    value = env.cache.get(record, self)
  File "/Users/shawnmacmini/code/odoo-16.0/odoo/api.py", line 1020, in get
    raise CacheMiss(record, field)
odoo.exceptions.CacheMiss: 'ir.attachment(1479,).datas'

During handling of the above exception, another exception occurred:

Traceback (most recent call last):
  File "/Users/shawnmacmini/code/odoo-16.0/odoo/api.py", line 1013, in get
    cache_value = field_cache[record._ids[0]]
KeyError: 1479

During handling of the above exception, another exception occurred:

Traceback (most recent call last):
  File "/Users/shawnmacmini/code/odoo-16.0/odoo/fields.py", line 1161, in __get__
    value = env.cache.get(record, self)
  File "/Users/shawnmacmini/code/odoo-16.0/odoo/api.py", line 1020, in get
    raise CacheMiss(record, field)
odoo.exceptions.CacheMiss: 'ir.attachment(1479,).raw'

During handling of the above exception, another exception occurred:

Traceback (most recent call last):
  File "/Users/shawnmacmini/code/odoo-16.0/odoo/addons/base/models/ir_attachment.py", line 121, in _file_read
    with open(full_path, 'rb') as f:
FileNotFoundError: [Errno 2] No such file or directory: '/Users/shawnmacmini/code/odoo-16.0/.odoo-data/filestore/odoo16/09/09edbc1c2ea2f60897be8368f54cc9d55bbefd21'
2025-11-01 15:20:42,731 19849 INFO odoo16 odoo.addons.base.models.ir_attachment: _read_file reading /Users/shawnmacmini/code/odoo-16.0/.odoo-data/filestore/odoo16/e0/e0d4b5b2f41d6a523b47d17100558bf3084c67b1 
Traceback (most recent call last):
  File "/Users/shawnmacmini/code/odoo-16.0/odoo/api.py", line 1013, in get
    cache_value = field_cache[record._ids[0]]
KeyError: 81

During handling of the above exception, another exception occurred:

Traceback (most recent call last):
  File "/Users/shawnmacmini/code/odoo-16.0/odoo/fields.py", line 1161, in __get__
    value = env.cache.get(record, self)
  File "/Users/shawnmacmini/code/odoo-16.0/odoo/api.py", line 1020, in get
    raise CacheMiss(record, field)
odoo.exceptions.CacheMiss: 'res.partner(81,).avatar_128'

During handling of the above exception, another exception occurred:

Traceback (most recent call last):
  File "/Users/shawnmacmini/code/odoo-16.0/odoo/api.py", line 1013, in get
    cache_value = field_cache[record._ids[0]]
KeyError: 81

During handling of the above exception, another exception occurred:

Traceback (most recent call last):
  File "/Users/shawnmacmini/code/odoo-16.0/odoo/fields.py", line 1161, in __get__
    value = env.cache.get(record, self)
  File "/Users/shawnmacmini/code/odoo-16.0/odoo/api.py", line 1020, in get
    raise CacheMiss(record, field)
odoo.exceptions.CacheMiss: 'res.partner(81,).image_128'

During handling of the above exception, another exception occurred:

Traceback (most recent call last):
  File "/Users/shawnmacmini/code/odoo-16.0/odoo/api.py", line 1013, in get
    cache_value = field_cache[record._ids[0]]
KeyError: 1479

During handling of the above exception, another exception occurred:

Traceback (most recent call last):
  File "/Users/shawnmacmini/code/odoo-16.0/odoo/fields.py", line 1161, in __get__
    value = env.cache.get(record, self)
  File "/Users/shawnmacmini/code/odoo-16.0/odoo/api.py", line 1020, in get
    raise CacheMiss(record, field)
odoo.exceptions.CacheMiss: 'ir.attachment(1479,).datas'

During handling of the above exception, another exception occurred:

Traceback (most recent call last):
  File "/Users/shawnmacmini/code/odoo-16.0/odoo/api.py", line 1013, in get
    cache_value = field_cache[record._ids[0]]
KeyError: 1479

During handling of the above exception, another exception occurred:

Traceback (most recent call last):
  File "/Users/shawnmacmini/code/odoo-16.0/odoo/fields.py", line 1161, in __get__
    value = env.cache.get(record, self)
  File "/Users/shawnmacmini/code/odoo-16.0/odoo/api.py", line 1020, in get
    raise CacheMiss(record, field)
odoo.exceptions.CacheMiss: 'ir.attachment(1479,).raw'

During handling of the above exception, another exception occurred:

Traceback (most recent call last):
  File "/Users/shawnmacmini/code/odoo-16.0/odoo/addons/base/models/ir_attachment.py", line 121, in _file_read
    with open(full_path, 'rb') as f:
FileNotFoundError: [Errno 2] No such file or directory: '/Users/shawnmacmini/code/odoo-16.0/.odoo-data/filestore/odoo16/e0/e0d4b5b2f41d6a523b47d17100558bf3084c67b1'
2025-11-01 15:20:42,731 19849 INFO odoo16 odoo.addons.base.models.ir_attachment: _read_file reading /Users/shawnmacmini/code/odoo-16.0/.odoo-data/filestore/odoo16/e0/e0d4b5b2f41d6a523b47d17100558bf3084c67b1 
Traceback (most recent call last):
  File "/Users/shawnmacmini/code/odoo-16.0/odoo/api.py", line 1013, in get
    cache_value = field_cache[record._ids[0]]
KeyError: 81

During handling of the above exception, another exception occurred:

Traceback (most recent call last):
  File "/Users/shawnmacmini/code/odoo-16.0/odoo/fields.py", line 1161, in __get__
    value = env.cache.get(record, self)
  File "/Users/shawnmacmini/code/odoo-16.0/odoo/api.py", line 1020, in get
    raise CacheMiss(record, field)
odoo.exceptions.CacheMiss: 'res.partner(81,).avatar_128'

During handling of the above exception, another exception occurred:

Traceback (most recent call last):
  File "/Users/shawnmacmini/code/odoo-16.0/odoo/api.py", line 1013, in get
    cache_value = field_cache[record._ids[0]]
KeyError: 81

During handling of the above exception, another exception occurred:

Traceback (most recent call last):
  File "/Users/shawnmacmini/code/odoo-16.0/odoo/fields.py", line 1161, in __get__
    value = env.cache.get(record, self)
  File "/Users/shawnmacmini/code/odoo-16.0/odoo/api.py", line 1020, in get
    raise CacheMiss(record, field)
odoo.exceptions.CacheMiss: 'res.partner(81,).image_128'

During handling of the above exception, another exception occurred:

Traceback (most recent call last):
  File "/Users/shawnmacmini/code/odoo-16.0/odoo/api.py", line 1013, in get
    cache_value = field_cache[record._ids[0]]
KeyError: 1479

During handling of the above exception, another exception occurred:

Traceback (most recent call last):
  File "/Users/shawnmacmini/code/odoo-16.0/odoo/fields.py", line 1161, in __get__
    value = env.cache.get(record, self)
  File "/Users/shawnmacmini/code/odoo-16.0/odoo/api.py", line 1020, in get
    raise CacheMiss(record, field)
odoo.exceptions.CacheMiss: 'ir.attachment(1479,).datas'

During handling of the above exception, another exception occurred:

Traceback (most recent call last):
  File "/Users/shawnmacmini/code/odoo-16.0/odoo/api.py", line 1013, in get
    cache_value = field_cache[record._ids[0]]
KeyError: 1479

During handling of the above exception, another exception occurred:

Traceback (most recent call last):
  File "/Users/shawnmacmini/code/odoo-16.0/odoo/fields.py", line 1161, in __get__
    value = env.cache.get(record, self)
  File "/Users/shawnmacmini/code/odoo-16.0/odoo/api.py", line 1020, in get
    raise CacheMiss(record, field)
odoo.exceptions.CacheMiss: 'ir.attachment(1479,).raw'

During handling of the above exception, another exception occurred:

Traceback (most recent call last):
  File "/Users/shawnmacmini/code/odoo-16.0/odoo/addons/base/models/ir_attachment.py", line 121, in _file_read
    with open(full_path, 'rb') as f:
FileNotFoundError: [Errno 2] No such file or directory: '/Users/shawnmacmini/code/odoo-16.0/.odoo-data/filestore/odoo16/e0/e0d4b5b2f41d6a523b47d17100558bf3084c67b1'
2025-11-01 15:20:42,731 19849 INFO odoo16 odoo.addons.base.models.ir_attachment: _read_file reading /Users/shawnmacmini/code/odoo-16.0/.odoo-data/filestore/odoo16/c3/c3c6a26666f191fc49eefbaeaebc8e9dc7c66a9f 
Traceback (most recent call last):
  File "/Users/shawnmacmini/code/odoo-16.0/odoo/api.py", line 1013, in get
    cache_value = field_cache[record._ids[0]]
KeyError: 81

During handling of the above exception, another exception occurred:

Traceback (most recent call last):
  File "/Users/shawnmacmini/code/odoo-16.0/odoo/fields.py", line 1161, in __get__
    value = env.cache.get(record, self)
  File "/Users/shawnmacmini/code/odoo-16.0/odoo/api.py", line 1020, in get
    raise CacheMiss(record, field)
odoo.exceptions.CacheMiss: 'res.partner(81,).avatar_128'

During handling of the above exception, another exception occurred:

Traceback (most recent call last):
  File "/Users/shawnmacmini/code/odoo-16.0/odoo/api.py", line 1013, in get
    cache_value = field_cache[record._ids[0]]
KeyError: 81

During handling of the above exception, another exception occurred:

Traceback (most recent call last):
  File "/Users/shawnmacmini/code/odoo-16.0/odoo/fields.py", line 1161, in __get__
    value = env.cache.get(record, self)
  File "/Users/shawnmacmini/code/odoo-16.0/odoo/api.py", line 1020, in get
    raise CacheMiss(record, field)
odoo.exceptions.CacheMiss: 'res.partner(81,).image_128'

During handling of the above exception, another exception occurred:

Traceback (most recent call last):
  File "/Users/shawnmacmini/code/odoo-16.0/odoo/api.py", line 1013, in get
    cache_value = field_cache[record._ids[0]]
KeyError: 1479

During handling of the above exception, another exception occurred:

Traceback (most recent call last):
  File "/Users/shawnmacmini/code/odoo-16.0/odoo/fields.py", line 1161, in __get__
    value = env.cache.get(record, self)
  File "/Users/shawnmacmini/code/odoo-16.0/odoo/api.py", line 1020, in get
    raise CacheMiss(record, field)
odoo.exceptions.CacheMiss: 'ir.attachment(1479,).datas'

During handling of the above exception, another exception occurred:

Traceback (most recent call last):
  File "/Users/shawnmacmini/code/odoo-16.0/odoo/api.py", line 1013, in get
    cache_value = field_cache[record._ids[0]]
KeyError: 1479

During handling of the above exception, another exception occurred:

Traceback (most recent call last):
  File "/Users/shawnmacmini/code/odoo-16.0/odoo/fields.py", line 1161, in __get__
    value = env.cache.get(record, self)
  File "/Users/shawnmacmini/code/odoo-16.0/odoo/api.py", line 1020, in get
    raise CacheMiss(record, field)
odoo.exceptions.CacheMiss: 'ir.attachment(1479,).raw'

During handling of the above exception, another exception occurred:

Traceback (most recent call last):
  File "/Users/shawnmacmini/code/odoo-16.0/odoo/addons/base/models/ir_attachment.py", line 121, in _file_read
    with open(full_path, 'rb') as f:
FileNotFoundError: [Errno 2] No such file or directory: '/Users/shawnmacmini/code/odoo-16.0/.odoo-data/filestore/odoo16/c3/c3c6a26666f191fc49eefbaeaebc8e9dc7c66a9f'
2025-11-01 15:20:42,731 19849 INFO odoo16 odoo.addons.base.models.ir_attachment: _read_file reading /Users/shawnmacmini/code/odoo-16.0/.odoo-data/filestore/odoo16/e0/e0d4b5b2f41d6a523b47d17100558bf3084c67b1 
Traceback (most recent call last):
  File "/Users/shawnmacmini/code/odoo-16.0/odoo/api.py", line 1013, in get
    cache_value = field_cache[record._ids[0]]
KeyError: 81

During handling of the above exception, another exception occurred:

Traceback (most recent call last):
  File "/Users/shawnmacmini/code/odoo-16.0/odoo/fields.py", line 1161, in __get__
    value = env.cache.get(record, self)
  File "/Users/shawnmacmini/code/odoo-16.0/odoo/api.py", line 1020, in get
    raise CacheMiss(record, field)
odoo.exceptions.CacheMiss: 'res.partner(81,).avatar_128'

During handling of the above exception, another exception occurred:

Traceback (most recent call last):
  File "/Users/shawnmacmini/code/odoo-16.0/odoo/api.py", line 1013, in get
    cache_value = field_cache[record._ids[0]]
KeyError: 81

During handling of the above exception, another exception occurred:

Traceback (most recent call last):
  File "/Users/shawnmacmini/code/odoo-16.0/odoo/fields.py", line 1161, in __get__
    value = env.cache.get(record, self)
  File "/Users/shawnmacmini/code/odoo-16.0/odoo/api.py", line 1020, in get
    raise CacheMiss(record, field)
odoo.exceptions.CacheMiss: 'res.partner(81,).image_128'

During handling of the above exception, another exception occurred:

Traceback (most recent call last):
  File "/Users/shawnmacmini/code/odoo-16.0/odoo/api.py", line 1013, in get
    cache_value = field_cache[record._ids[0]]
KeyError: 1479

During handling of the above exception, another exception occurred:

Traceback (most recent call last):
  File "/Users/shawnmacmini/code/odoo-16.0/odoo/fields.py", line 1161, in __get__
    value = env.cache.get(record, self)
  File "/Users/shawnmacmini/code/odoo-16.0/odoo/api.py", line 1020, in get
    raise CacheMiss(record, field)
odoo.exceptions.CacheMiss: 'ir.attachment(1479,).datas'

During handling of the above exception, another exception occurred:

Traceback (most recent call last):
  File "/Users/shawnmacmini/code/odoo-16.0/odoo/api.py", line 1013, in get
    cache_value = field_cache[record._ids[0]]
KeyError: 1479

During handling of the above exception, another exception occurred:

Traceback (most recent call last):
  File "/Users/shawnmacmini/code/odoo-16.0/odoo/fields.py", line 1161, in __get__
    value = env.cache.get(record, self)
  File "/Users/shawnmacmini/code/odoo-16.0/odoo/api.py", line 1020, in get
    raise CacheMiss(record, field)
odoo.exceptions.CacheMiss: 'ir.attachment(1479,).raw'

During handling of the above exception, another exception occurred:

Traceback (most recent call last):
  File "/Users/shawnmacmini/code/odoo-16.0/odoo/addons/base/models/ir_attachment.py", line 121, in _file_read
    with open(full_path, 'rb') as f:
FileNotFoundError: [Errno 2] No such file or directory: '/Users/shawnmacmini/code/odoo-16.0/.odoo-data/filestore/odoo16/e0/e0d4b5b2f41d6a523b47d17100558bf3084c67b1'
2025-11-01 15:20:42,731 19849 INFO odoo16 odoo.addons.base.models.ir_attachment: _read_file reading /Users/shawnmacmini/code/odoo-16.0/.odoo-data/filestore/odoo16/83/83d688f0f4cc8f099cf2cb350a4fa0dbd34e85e0 
Traceback (most recent call last):
  File "/Users/shawnmacmini/code/odoo-16.0/odoo/api.py", line 1013, in get
    cache_value = field_cache[record._ids[0]]
KeyError: 81

During handling of the above exception, another exception occurred:

Traceback (most recent call last):
  File "/Users/shawnmacmini/code/odoo-16.0/odoo/fields.py", line 1161, in __get__
    value = env.cache.get(record, self)
  File "/Users/shawnmacmini/code/odoo-16.0/odoo/api.py", line 1020, in get
    raise CacheMiss(record, field)
odoo.exceptions.CacheMiss: 'res.partner(81,).avatar_128'

During handling of the above exception, another exception occurred:

Traceback (most recent call last):
  File "/Users/shawnmacmini/code/odoo-16.0/odoo/api.py", line 1013, in get
    cache_value = field_cache[record._ids[0]]
KeyError: 81

During handling of the above exception, another exception occurred:

Traceback (most recent call last):
  File "/Users/shawnmacmini/code/odoo-16.0/odoo/fields.py", line 1161, in __get__
    value = env.cache.get(record, self)
  File "/Users/shawnmacmini/code/odoo-16.0/odoo/api.py", line 1020, in get
    raise CacheMiss(record, field)
odoo.exceptions.CacheMiss: 'res.partner(81,).image_128'

During handling of the above exception, another exception occurred:

Traceback (most recent call last):
  File "/Users/shawnmacmini/code/odoo-16.0/odoo/api.py", line 1013, in get
    cache_value = field_cache[record._ids[0]]
KeyError: 1479

During handling of the above exception, another exception occurred:

Traceback (most recent call last):
  File "/Users/shawnmacmini/code/odoo-16.0/odoo/fields.py", line 1161, in __get__
    value = env.cache.get(record, self)
  File "/Users/shawnmacmini/code/odoo-16.0/odoo/api.py", line 1020, in get
    raise CacheMiss(record, field)
odoo.exceptions.CacheMiss: 'ir.attachment(1479,).datas'

During handling of the above exception, another exception occurred:

Traceback (most recent call last):
  File "/Users/shawnmacmini/code/odoo-16.0/odoo/api.py", line 1013, in get
    cache_value = field_cache[record._ids[0]]
KeyError: 1479

During handling of the above exception, another exception occurred:

Traceback (most recent call last):
  File "/Users/shawnmacmini/code/odoo-16.0/odoo/fields.py", line 1161, in __get__
    value = env.cache.get(record, self)
  File "/Users/shawnmacmini/code/odoo-16.0/odoo/api.py", line 1020, in get
    raise CacheMiss(record, field)
odoo.exceptions.CacheMiss: 'ir.attachment(1479,).raw'

During handling of the above exception, another exception occurred:

Traceback (most recent call last):
  File "/Users/shawnmacmini/code/odoo-16.0/odoo/addons/base/models/ir_attachment.py", line 121, in _file_read
    with open(full_path, 'rb') as f:
FileNotFoundError: [Errno 2] No such file or directory: '/Users/shawnmacmini/code/odoo-16.0/.odoo-data/filestore/odoo16/83/83d688f0f4cc8f099cf2cb350a4fa0dbd34e85e0'
2025-11-01 15:20:42,731 19849 INFO odoo16 odoo.addons.base.models.ir_attachment: _read_file reading /Users/shawnmacmini/code/odoo-16.0/.odoo-data/filestore/odoo16/3e/3e2a2717eec2840abbbe0e325934bcb36d887409 
Traceback (most recent call last):
  File "/Users/shawnmacmini/code/odoo-16.0/odoo/api.py", line 1013, in get
    cache_value = field_cache[record._ids[0]]
KeyError: 81

During handling of the above exception, another exception occurred:

Traceback (most recent call last):
  File "/Users/shawnmacmini/code/odoo-16.0/odoo/fields.py", line 1161, in __get__
    value = env.cache.get(record, self)
  File "/Users/shawnmacmini/code/odoo-16.0/odoo/api.py", line 1020, in get
    raise CacheMiss(record, field)
odoo.exceptions.CacheMiss: 'res.partner(81,).avatar_128'

During handling of the above exception, another exception occurred:

Traceback (most recent call last):
  File "/Users/shawnmacmini/code/odoo-16.0/odoo/api.py", line 1013, in get
    cache_value = field_cache[record._ids[0]]
KeyError: 81

During handling of the above exception, another exception occurred:

Traceback (most recent call last):
  File "/Users/shawnmacmini/code/odoo-16.0/odoo/fields.py", line 1161, in __get__
    value = env.cache.get(record, self)
  File "/Users/shawnmacmini/code/odoo-16.0/odoo/api.py", line 1020, in get
    raise CacheMiss(record, field)
odoo.exceptions.CacheMiss: 'res.partner(81,).image_128'

During handling of the above exception, another exception occurred:

Traceback (most recent call last):
  File "/Users/shawnmacmini/code/odoo-16.0/odoo/api.py", line 1013, in get
    cache_value = field_cache[record._ids[0]]
KeyError: 1479

During handling of the above exception, another exception occurred:

Traceback (most recent call last):
  File "/Users/shawnmacmini/code/odoo-16.0/odoo/fields.py", line 1161, in __get__
    value = env.cache.get(record, self)
  File "/Users/shawnmacmini/code/odoo-16.0/odoo/api.py", line 1020, in get
    raise CacheMiss(record, field)
odoo.exceptions.CacheMiss: 'ir.attachment(1479,).datas'

During handling of the above exception, another exception occurred:

Traceback (most recent call last):
  File "/Users/shawnmacmini/code/odoo-16.0/odoo/api.py", line 1013, in get
    cache_value = field_cache[record._ids[0]]
KeyError: 1479

During handling of the above exception, another exception occurred:

Traceback (most recent call last):
  File "/Users/shawnmacmini/code/odoo-16.0/odoo/fields.py", line 1161, in __get__
    value = env.cache.get(record, self)
  File "/Users/shawnmacmini/code/odoo-16.0/odoo/api.py", line 1020, in get
    raise CacheMiss(record, field)
odoo.exceptions.CacheMiss: 'ir.attachment(1479,).raw'

During handling of the above exception, another exception occurred:

Traceback (most recent call last):
  File "/Users/shawnmacmini/code/odoo-16.0/odoo/addons/base/models/ir_attachment.py", line 121, in _file_read
    with open(full_path, 'rb') as f:
FileNotFoundError: [Errno 2] No such file or directory: '/Users/shawnmacmini/code/odoo-16.0/.odoo-data/filestore/odoo16/3e/3e2a2717eec2840abbbe0e325934bcb36d887409'
2025-11-01 15:20:42,731 19849 INFO odoo16 odoo.addons.base.models.ir_attachment: _read_file reading /Users/shawnmacmini/code/odoo-16.0/.odoo-data/filestore/odoo16/a1/a1600097a74b7d4407c60f4ae1f5fa425c521e52 
Traceback (most recent call last):
  File "/Users/shawnmacmini/code/odoo-16.0/odoo/api.py", line 1013, in get
    cache_value = field_cache[record._ids[0]]
KeyError: 81

During handling of the above exception, another exception occurred:

Traceback (most recent call last):
  File "/Users/shawnmacmini/code/odoo-16.0/odoo/fields.py", line 1161, in __get__
    value = env.cache.get(record, self)
  File "/Users/shawnmacmini/code/odoo-16.0/odoo/api.py", line 1020, in get
    raise CacheMiss(record, field)
odoo.exceptions.CacheMiss: 'res.partner(81,).avatar_128'

During handling of the above exception, another exception occurred:

Traceback (most recent call last):
  File "/Users/shawnmacmini/code/odoo-16.0/odoo/api.py", line 1013, in get
    cache_value = field_cache[record._ids[0]]
KeyError: 81

During handling of the above exception, another exception occurred:

Traceback (most recent call last):
  File "/Users/shawnmacmini/code/odoo-16.0/odoo/fields.py", line 1161, in __get__
    value = env.cache.get(record, self)
  File "/Users/shawnmacmini/code/odoo-16.0/odoo/api.py", line 1020, in get
    raise CacheMiss(record, field)
odoo.exceptions.CacheMiss: 'res.partner(81,).image_128'

During handling of the above exception, another exception occurred:

Traceback (most recent call last):
  File "/Users/shawnmacmini/code/odoo-16.0/odoo/api.py", line 1013, in get
    cache_value = field_cache[record._ids[0]]
KeyError: 1479

During handling of the above exception, another exception occurred:

Traceback (most recent call last):
  File "/Users/shawnmacmini/code/odoo-16.0/odoo/fields.py", line 1161, in __get__
    value = env.cache.get(record, self)
  File "/Users/shawnmacmini/code/odoo-16.0/odoo/api.py", line 1020, in get
    raise CacheMiss(record, field)
odoo.exceptions.CacheMiss: 'ir.attachment(1479,).datas'

During handling of the above exception, another exception occurred:

Traceback (most recent call last):
  File "/Users/shawnmacmini/code/odoo-16.0/odoo/api.py", line 1013, in get
    cache_value = field_cache[record._ids[0]]
KeyError: 1479

During handling of the above exception, another exception occurred:

Traceback (most recent call last):
  File "/Users/shawnmacmini/code/odoo-16.0/odoo/fields.py", line 1161, in __get__
    value = env.cache.get(record, self)
  File "/Users/shawnmacmini/code/odoo-16.0/odoo/api.py", line 1020, in get
    raise CacheMiss(record, field)
odoo.exceptions.CacheMiss: 'ir.attachment(1479,).raw'

During handling of the above exception, another exception occurred:

Traceback (most recent call last):
  File "/Users/shawnmacmini/code/odoo-16.0/odoo/addons/base/models/ir_attachment.py", line 121, in _file_read
    with open(full_path, 'rb') as f:
FileNotFoundError: [Errno 2] No such file or directory: '/Users/shawnmacmini/code/odoo-16.0/.odoo-data/filestore/odoo16/a1/a1600097a74b7d4407c60f4ae1f5fa425c521e52'
2025-11-01 15:20:42,732 19849 INFO odoo16 odoo.addons.base.models.ir_attachment: _read_file reading /Users/shawnmacmini/code/odoo-16.0/.odoo-data/filestore/odoo16/c1/c1340aab02061837c0c3c94bfacace3534d4ffc7 
Traceback (most recent call last):
  File "/Users/shawnmacmini/code/odoo-16.0/odoo/api.py", line 1013, in get
    cache_value = field_cache[record._ids[0]]
KeyError: 81

During handling of the above exception, another exception occurred:

Traceback (most recent call last):
  File "/Users/shawnmacmini/code/odoo-16.0/odoo/fields.py", line 1161, in __get__
    value = env.cache.get(record, self)
  File "/Users/shawnmacmini/code/odoo-16.0/odoo/api.py", line 1020, in get
    raise CacheMiss(record, field)
odoo.exceptions.CacheMiss: 'res.partner(81,).avatar_128'

During handling of the above exception, another exception occurred:

Traceback (most recent call last):
  File "/Users/shawnmacmini/code/odoo-16.0/odoo/api.py", line 1013, in get
    cache_value = field_cache[record._ids[0]]
KeyError: 81

During handling of the above exception, another exception occurred:

Traceback (most recent call last):
  File "/Users/shawnmacmini/code/odoo-16.0/odoo/fields.py", line 1161, in __get__
    value = env.cache.get(record, self)
  File "/Users/shawnmacmini/code/odoo-16.0/odoo/api.py", line 1020, in get
    raise CacheMiss(record, field)
odoo.exceptions.CacheMiss: 'res.partner(81,).image_128'

During handling of the above exception, another exception occurred:

Traceback (most recent call last):
  File "/Users/shawnmacmini/code/odoo-16.0/odoo/api.py", line 1013, in get
    cache_value = field_cache[record._ids[0]]
KeyError: 1479

During handling of the above exception, another exception occurred:

Traceback (most recent call last):
  File "/Users/shawnmacmini/code/odoo-16.0/odoo/fields.py", line 1161, in __get__
    value = env.cache.get(record, self)
  File "/Users/shawnmacmini/code/odoo-16.0/odoo/api.py", line 1020, in get
    raise CacheMiss(record, field)
odoo.exceptions.CacheMiss: 'ir.attachment(1479,).datas'

During handling of the above exception, another exception occurred:

Traceback (most recent call last):
  File "/Users/shawnmacmini/code/odoo-16.0/odoo/api.py", line 1013, in get
    cache_value = field_cache[record._ids[0]]
KeyError: 1479

During handling of the above exception, another exception occurred:

Traceback (most recent call last):
  File "/Users/shawnmacmini/code/odoo-16.0/odoo/fields.py", line 1161, in __get__
    value = env.cache.get(record, self)
  File "/Users/shawnmacmini/code/odoo-16.0/odoo/api.py", line 1020, in get
    raise CacheMiss(record, field)
odoo.exceptions.CacheMiss: 'ir.attachment(1479,).raw'

During handling of the above exception, another exception occurred:

Traceback (most recent call last):
  File "/Users/shawnmacmini/code/odoo-16.0/odoo/addons/base/models/ir_attachment.py", line 121, in _file_read
    with open(full_path, 'rb') as f:
FileNotFoundError: [Errno 2] No such file or directory: '/Users/shawnmacmini/code/odoo-16.0/.odoo-data/filestore/odoo16/c1/c1340aab02061837c0c3c94bfacace3534d4ffc7'
2025-11-01 15:20:42,732 19849 INFO odoo16 odoo.addons.base.models.ir_attachment: _read_file reading /Users/shawnmacmini/code/odoo-16.0/.odoo-data/filestore/odoo16/8a/8ab946e90d0263f19993389417ff2b0779c34b32 
Traceback (most recent call last):
  File "/Users/shawnmacmini/code/odoo-16.0/odoo/api.py", line 1013, in get
    cache_value = field_cache[record._ids[0]]
KeyError: 81

During handling of the above exception, another exception occurred:

Traceback (most recent call last):
  File "/Users/shawnmacmini/code/odoo-16.0/odoo/fields.py", line 1161, in __get__
    value = env.cache.get(record, self)
  File "/Users/shawnmacmini/code/odoo-16.0/odoo/api.py", line 1020, in get
    raise CacheMiss(record, field)
odoo.exceptions.CacheMiss: 'res.partner(81,).avatar_128'

During handling of the above exception, another exception occurred:

Traceback (most recent call last):
  File "/Users/shawnmacmini/code/odoo-16.0/odoo/api.py", line 1013, in get
    cache_value = field_cache[record._ids[0]]
KeyError: 81

During handling of the above exception, another exception occurred:

Traceback (most recent call last):
  File "/Users/shawnmacmini/code/odoo-16.0/odoo/fields.py", line 1161, in __get__
    value = env.cache.get(record, self)
  File "/Users/shawnmacmini/code/odoo-16.0/odoo/api.py", line 1020, in get
    raise CacheMiss(record, field)
odoo.exceptions.CacheMiss: 'res.partner(81,).image_128'

During handling of the above exception, another exception occurred:

Traceback (most recent call last):
  File "/Users/shawnmacmini/code/odoo-16.0/odoo/api.py", line 1013, in get
    cache_value = field_cache[record._ids[0]]
KeyError: 1479

During handling of the above exception, another exception occurred:

Traceback (most recent call last):
  File "/Users/shawnmacmini/code/odoo-16.0/odoo/fields.py", line 1161, in __get__
    value = env.cache.get(record, self)
  File "/Users/shawnmacmini/code/odoo-16.0/odoo/api.py", line 1020, in get
    raise CacheMiss(record, field)
odoo.exceptions.CacheMiss: 'ir.attachment(1479,).datas'

During handling of the above exception, another exception occurred:

Traceback (most recent call last):
  File "/Users/shawnmacmini/code/odoo-16.0/odoo/api.py", line 1013, in get
    cache_value = field_cache[record._ids[0]]
KeyError: 1479

During handling of the above exception, another exception occurred:

Traceback (most recent call last):
  File "/Users/shawnmacmini/code/odoo-16.0/odoo/fields.py", line 1161, in __get__
    value = env.cache.get(record, self)
  File "/Users/shawnmacmini/code/odoo-16.0/odoo/api.py", line 1020, in get
    raise CacheMiss(record, field)
odoo.exceptions.CacheMiss: 'ir.attachment(1479,).raw'

During handling of the above exception, another exception occurred:

Traceback (most recent call last):
  File "/Users/shawnmacmini/code/odoo-16.0/odoo/addons/base/models/ir_attachment.py", line 121, in _file_read
    with open(full_path, 'rb') as f:
FileNotFoundError: [Errno 2] No such file or directory: '/Users/shawnmacmini/code/odoo-16.0/.odoo-data/filestore/odoo16/8a/8ab946e90d0263f19993389417ff2b0779c34b32'
2025-11-01 15:20:42,732 19849 INFO odoo16 odoo.addons.base.models.ir_attachment: _read_file reading /Users/shawnmacmini/code/odoo-16.0/.odoo-data/filestore/odoo16/d5/d5a76a0e9e771e444c01717e50b65e667040330a 
Traceback (most recent call last):
  File "/Users/shawnmacmini/code/odoo-16.0/odoo/api.py", line 1013, in get
    cache_value = field_cache[record._ids[0]]
KeyError: 81

During handling of the above exception, another exception occurred:

Traceback (most recent call last):
  File "/Users/shawnmacmini/code/odoo-16.0/odoo/fields.py", line 1161, in __get__
    value = env.cache.get(record, self)
  File "/Users/shawnmacmini/code/odoo-16.0/odoo/api.py", line 1020, in get
    raise CacheMiss(record, field)
odoo.exceptions.CacheMiss: 'res.partner(81,).avatar_128'

During handling of the above exception, another exception occurred:

Traceback (most recent call last):
  File "/Users/shawnmacmini/code/odoo-16.0/odoo/api.py", line 1013, in get
    cache_value = field_cache[record._ids[0]]
KeyError: 81

During handling of the above exception, another exception occurred:

Traceback (most recent call last):
  File "/Users/shawnmacmini/code/odoo-16.0/odoo/fields.py", line 1161, in __get__
    value = env.cache.get(record, self)
  File "/Users/shawnmacmini/code/odoo-16.0/odoo/api.py", line 1020, in get
    raise CacheMiss(record, field)
odoo.exceptions.CacheMiss: 'res.partner(81,).image_128'

During handling of the above exception, another exception occurred:

Traceback (most recent call last):
  File "/Users/shawnmacmini/code/odoo-16.0/odoo/api.py", line 1013, in get
    cache_value = field_cache[record._ids[0]]
KeyError: 1479

During handling of the above exception, another exception occurred:

Traceback (most recent call last):
  File "/Users/shawnmacmini/code/odoo-16.0/odoo/fields.py", line 1161, in __get__
    value = env.cache.get(record, self)
  File "/Users/shawnmacmini/code/odoo-16.0/odoo/api.py", line 1020, in get
    raise CacheMiss(record, field)
odoo.exceptions.CacheMiss: 'ir.attachment(1479,).datas'

During handling of the above exception, another exception occurred:

Traceback (most recent call last):
  File "/Users/shawnmacmini/code/odoo-16.0/odoo/api.py", line 1013, in get
    cache_value = field_cache[record._ids[0]]
KeyError: 1479

During handling of the above exception, another exception occurred:

Traceback (most recent call last):
  File "/Users/shawnmacmini/code/odoo-16.0/odoo/fields.py", line 1161, in __get__
    value = env.cache.get(record, self)
  File "/Users/shawnmacmini/code/odoo-16.0/odoo/api.py", line 1020, in get
    raise CacheMiss(record, field)
odoo.exceptions.CacheMiss: 'ir.attachment(1479,).raw'

During handling of the above exception, another exception occurred:

Traceback (most recent call last):
  File "/Users/shawnmacmini/code/odoo-16.0/odoo/addons/base/models/ir_attachment.py", line 121, in _file_read
    with open(full_path, 'rb') as f:
FileNotFoundError: [Errno 2] No such file or directory: '/Users/shawnmacmini/code/odoo-16.0/.odoo-data/filestore/odoo16/d5/d5a76a0e9e771e444c01717e50b65e667040330a'
2025-11-01 15:20:42,732 19849 INFO odoo16 odoo.addons.base.models.ir_attachment: _read_file reading /Users/shawnmacmini/code/odoo-16.0/.odoo-data/filestore/odoo16/7d/7d2eb6cad924d15a60cf92bad5f00a6685dd29ac 
Traceback (most recent call last):
  File "/Users/shawnmacmini/code/odoo-16.0/odoo/api.py", line 1013, in get
    cache_value = field_cache[record._ids[0]]
KeyError: 81

During handling of the above exception, another exception occurred:

Traceback (most recent call last):
  File "/Users/shawnmacmini/code/odoo-16.0/odoo/fields.py", line 1161, in __get__
    value = env.cache.get(record, self)
  File "/Users/shawnmacmini/code/odoo-16.0/odoo/api.py", line 1020, in get
    raise CacheMiss(record, field)
odoo.exceptions.CacheMiss: 'res.partner(81,).avatar_128'

During handling of the above exception, another exception occurred:

Traceback (most recent call last):
  File "/Users/shawnmacmini/code/odoo-16.0/odoo/api.py", line 1013, in get
    cache_value = field_cache[record._ids[0]]
KeyError: 81

During handling of the above exception, another exception occurred:

Traceback (most recent call last):
  File "/Users/shawnmacmini/code/odoo-16.0/odoo/fields.py", line 1161, in __get__
    value = env.cache.get(record, self)
  File "/Users/shawnmacmini/code/odoo-16.0/odoo/api.py", line 1020, in get
    raise CacheMiss(record, field)
odoo.exceptions.CacheMiss: 'res.partner(81,).image_128'

During handling of the above exception, another exception occurred:

Traceback (most recent call last):
  File "/Users/shawnmacmini/code/odoo-16.0/odoo/api.py", line 1013, in get
    cache_value = field_cache[record._ids[0]]
KeyError: 1479

During handling of the above exception, another exception occurred:

Traceback (most recent call last):
  File "/Users/shawnmacmini/code/odoo-16.0/odoo/fields.py", line 1161, in __get__
    value = env.cache.get(record, self)
  File "/Users/shawnmacmini/code/odoo-16.0/odoo/api.py", line 1020, in get
    raise CacheMiss(record, field)
odoo.exceptions.CacheMiss: 'ir.attachment(1479,).datas'

During handling of the above exception, another exception occurred:

Traceback (most recent call last):
  File "/Users/shawnmacmini/code/odoo-16.0/odoo/api.py", line 1013, in get
    cache_value = field_cache[record._ids[0]]
KeyError: 1479

During handling of the above exception, another exception occurred:

Traceback (most recent call last):
  File "/Users/shawnmacmini/code/odoo-16.0/odoo/fields.py", line 1161, in __get__
    value = env.cache.get(record, self)
  File "/Users/shawnmacmini/code/odoo-16.0/odoo/api.py", line 1020, in get
    raise CacheMiss(record, field)
odoo.exceptions.CacheMiss: 'ir.attachment(1479,).raw'

During handling of the above exception, another exception occurred:

Traceback (most recent call last):
  File "/Users/shawnmacmini/code/odoo-16.0/odoo/addons/base/models/ir_attachment.py", line 121, in _file_read
    with open(full_path, 'rb') as f:
FileNotFoundError: [Errno 2] No such file or directory: '/Users/shawnmacmini/code/odoo-16.0/.odoo-data/filestore/odoo16/7d/7d2eb6cad924d15a60cf92bad5f00a6685dd29ac'
2025-11-01 15:20:42,732 19849 INFO odoo16 odoo.addons.base.models.ir_attachment: _read_file reading /Users/shawnmacmini/code/odoo-16.0/.odoo-data/filestore/odoo16/06/06a538b8b393cede62a0c00a4e683e54b1268441 
Traceback (most recent call last):
  File "/Users/shawnmacmini/code/odoo-16.0/odoo/api.py", line 1013, in get
    cache_value = field_cache[record._ids[0]]
KeyError: 81

During handling of the above exception, another exception occurred:

Traceback (most recent call last):
  File "/Users/shawnmacmini/code/odoo-16.0/odoo/fields.py", line 1161, in __get__
    value = env.cache.get(record, self)
  File "/Users/shawnmacmini/code/odoo-16.0/odoo/api.py", line 1020, in get
    raise CacheMiss(record, field)
odoo.exceptions.CacheMiss: 'res.partner(81,).avatar_128'

During handling of the above exception, another exception occurred:

Traceback (most recent call last):
  File "/Users/shawnmacmini/code/odoo-16.0/odoo/api.py", line 1013, in get
    cache_value = field_cache[record._ids[0]]
KeyError: 81

During handling of the above exception, another exception occurred:

Traceback (most recent call last):
  File "/Users/shawnmacmini/code/odoo-16.0/odoo/fields.py", line 1161, in __get__
    value = env.cache.get(record, self)
  File "/Users/shawnmacmini/code/odoo-16.0/odoo/api.py", line 1020, in get
    raise CacheMiss(record, field)
odoo.exceptions.CacheMiss: 'res.partner(81,).image_128'

During handling of the above exception, another exception occurred:

Traceback (most recent call last):
  File "/Users/shawnmacmini/code/odoo-16.0/odoo/api.py", line 1013, in get
    cache_value = field_cache[record._ids[0]]
KeyError: 1479

During handling of the above exception, another exception occurred:

Traceback (most recent call last):
  File "/Users/shawnmacmini/code/odoo-16.0/odoo/fields.py", line 1161, in __get__
    value = env.cache.get(record, self)
  File "/Users/shawnmacmini/code/odoo-16.0/odoo/api.py", line 1020, in get
    raise CacheMiss(record, field)
odoo.exceptions.CacheMiss: 'ir.attachment(1479,).datas'

During handling of the above exception, another exception occurred:

Traceback (most recent call last):
  File "/Users/shawnmacmini/code/odoo-16.0/odoo/api.py", line 1013, in get
    cache_value = field_cache[record._ids[0]]
KeyError: 1479

During handling of the above exception, another exception occurred:

Traceback (most recent call last):
  File "/Users/shawnmacmini/code/odoo-16.0/odoo/fields.py", line 1161, in __get__
    value = env.cache.get(record, self)
  File "/Users/shawnmacmini/code/odoo-16.0/odoo/api.py", line 1020, in get
    raise CacheMiss(record, field)
odoo.exceptions.CacheMiss: 'ir.attachment(1479,).raw'

During handling of the above exception, another exception occurred:

Traceback (most recent call last):
  File "/Users/shawnmacmini/code/odoo-16.0/odoo/addons/base/models/ir_attachment.py", line 121, in _file_read
    with open(full_path, 'rb') as f:
FileNotFoundError: [Errno 2] No such file or directory: '/Users/shawnmacmini/code/odoo-16.0/.odoo-data/filestore/odoo16/06/06a538b8b393cede62a0c00a4e683e54b1268441'
2025-11-01 15:20:42,732 19849 INFO odoo16 odoo.addons.base.models.ir_attachment: _read_file reading /Users/shawnmacmini/code/odoo-16.0/.odoo-data/filestore/odoo16/7d/7dbfe519d334d518b6f8c8e3afcafec5e758112e 
Traceback (most recent call last):
  File "/Users/shawnmacmini/code/odoo-16.0/odoo/api.py", line 1013, in get
    cache_value = field_cache[record._ids[0]]
KeyError: 81

During handling of the above exception, another exception occurred:

Traceback (most recent call last):
  File "/Users/shawnmacmini/code/odoo-16.0/odoo/fields.py", line 1161, in __get__
    value = env.cache.get(record, self)
  File "/Users/shawnmacmini/code/odoo-16.0/odoo/api.py", line 1020, in get
    raise CacheMiss(record, field)
odoo.exceptions.CacheMiss: 'res.partner(81,).avatar_128'

During handling of the above exception, another exception occurred:

Traceback (most recent call last):
  File "/Users/shawnmacmini/code/odoo-16.0/odoo/api.py", line 1013, in get
    cache_value = field_cache[record._ids[0]]
KeyError: 81

During handling of the above exception, another exception occurred:

Traceback (most recent call last):
  File "/Users/shawnmacmini/code/odoo-16.0/odoo/fields.py", line 1161, in __get__
    value = env.cache.get(record, self)
  File "/Users/shawnmacmini/code/odoo-16.0/odoo/api.py", line 1020, in get
    raise CacheMiss(record, field)
odoo.exceptions.CacheMiss: 'res.partner(81,).image_128'

During handling of the above exception, another exception occurred:

Traceback (most recent call last):
  File "/Users/shawnmacmini/code/odoo-16.0/odoo/api.py", line 1013, in get
    cache_value = field_cache[record._ids[0]]
KeyError: 1479

During handling of the above exception, another exception occurred:

Traceback (most recent call last):
  File "/Users/shawnmacmini/code/odoo-16.0/odoo/fields.py", line 1161, in __get__
    value = env.cache.get(record, self)
  File "/Users/shawnmacmini/code/odoo-16.0/odoo/api.py", line 1020, in get
    raise CacheMiss(record, field)
odoo.exceptions.CacheMiss: 'ir.attachment(1479,).datas'

During handling of the above exception, another exception occurred:

Traceback (most recent call last):
  File "/Users/shawnmacmini/code/odoo-16.0/odoo/api.py", line 1013, in get
    cache_value = field_cache[record._ids[0]]
KeyError: 1479

During handling of the above exception, another exception occurred:

Traceback (most recent call last):
  File "/Users/shawnmacmini/code/odoo-16.0/odoo/fields.py", line 1161, in __get__
    value = env.cache.get(record, self)
  File "/Users/shawnmacmini/code/odoo-16.0/odoo/api.py", line 1020, in get
    raise CacheMiss(record, field)
odoo.exceptions.CacheMiss: 'ir.attachment(1479,).raw'

During handling of the above exception, another exception occurred:

Traceback (most recent call last):
  File "/Users/shawnmacmini/code/odoo-16.0/odoo/addons/base/models/ir_attachment.py", line 121, in _file_read
    with open(full_path, 'rb') as f:
FileNotFoundError: [Errno 2] No such file or directory: '/Users/shawnmacmini/code/odoo-16.0/.odoo-data/filestore/odoo16/7d/7dbfe519d334d518b6f8c8e3afcafec5e758112e'
2025-11-01 15:20:42,732 19849 INFO odoo16 odoo.addons.base.models.ir_attachment: _read_file reading /Users/shawnmacmini/code/odoo-16.0/.odoo-data/filestore/odoo16/58/58a54b94f7ed9dcb9f1d2baa8a5e385f3abe0597 
Traceback (most recent call last):
  File "/Users/shawnmacmini/code/odoo-16.0/odoo/api.py", line 1013, in get
    cache_value = field_cache[record._ids[0]]
KeyError: 81

During handling of the above exception, another exception occurred:

Traceback (most recent call last):
  File "/Users/shawnmacmini/code/odoo-16.0/odoo/fields.py", line 1161, in __get__
    value = env.cache.get(record, self)
  File "/Users/shawnmacmini/code/odoo-16.0/odoo/api.py", line 1020, in get
    raise CacheMiss(record, field)
odoo.exceptions.CacheMiss: 'res.partner(81,).avatar_128'

During handling of the above exception, another exception occurred:

Traceback (most recent call last):
  File "/Users/shawnmacmini/code/odoo-16.0/odoo/api.py", line 1013, in get
    cache_value = field_cache[record._ids[0]]
KeyError: 81

During handling of the above exception, another exception occurred:

Traceback (most recent call last):
  File "/Users/shawnmacmini/code/odoo-16.0/odoo/fields.py", line 1161, in __get__
    value = env.cache.get(record, self)
  File "/Users/shawnmacmini/code/odoo-16.0/odoo/api.py", line 1020, in get
    raise CacheMiss(record, field)
odoo.exceptions.CacheMiss: 'res.partner(81,).image_128'

During handling of the above exception, another exception occurred:

Traceback (most recent call last):
  File "/Users/shawnmacmini/code/odoo-16.0/odoo/api.py", line 1013, in get
    cache_value = field_cache[record._ids[0]]
KeyError: 1479

During handling of the above exception, another exception occurred:

Traceback (most recent call last):
  File "/Users/shawnmacmini/code/odoo-16.0/odoo/fields.py", line 1161, in __get__
    value = env.cache.get(record, self)
  File "/Users/shawnmacmini/code/odoo-16.0/odoo/api.py", line 1020, in get
    raise CacheMiss(record, field)
odoo.exceptions.CacheMiss: 'ir.attachment(1479,).datas'

During handling of the above exception, another exception occurred:

Traceback (most recent call last):
  File "/Users/shawnmacmini/code/odoo-16.0/odoo/api.py", line 1013, in get
    cache_value = field_cache[record._ids[0]]
KeyError: 1479

During handling of the above exception, another exception occurred:

Traceback (most recent call last):
  File "/Users/shawnmacmini/code/odoo-16.0/odoo/fields.py", line 1161, in __get__
    value = env.cache.get(record, self)
  File "/Users/shawnmacmini/code/odoo-16.0/odoo/api.py", line 1020, in get
    raise CacheMiss(record, field)
odoo.exceptions.CacheMiss: 'ir.attachment(1479,).raw'

During handling of the above exception, another exception occurred:

Traceback (most recent call last):
  File "/Users/shawnmacmini/code/odoo-16.0/odoo/addons/base/models/ir_attachment.py", line 121, in _file_read
    with open(full_path, 'rb') as f:
FileNotFoundError: [Errno 2] No such file or directory: '/Users/shawnmacmini/code/odoo-16.0/.odoo-data/filestore/odoo16/58/58a54b94f7ed9dcb9f1d2baa8a5e385f3abe0597'
2025-11-01 15:20:42,733 19849 INFO odoo16 odoo.addons.base.models.ir_attachment: _read_file reading /Users/shawnmacmini/code/odoo-16.0/.odoo-data/filestore/odoo16/52/52430a11dd26a23a0ce513777909d4fcfb9c395a 
Traceback (most recent call last):
  File "/Users/shawnmacmini/code/odoo-16.0/odoo/api.py", line 1013, in get
    cache_value = field_cache[record._ids[0]]
KeyError: 81

During handling of the above exception, another exception occurred:

Traceback (most recent call last):
  File "/Users/shawnmacmini/code/odoo-16.0/odoo/fields.py", line 1161, in __get__
    value = env.cache.get(record, self)
  File "/Users/shawnmacmini/code/odoo-16.0/odoo/api.py", line 1020, in get
    raise CacheMiss(record, field)
odoo.exceptions.CacheMiss: 'res.partner(81,).avatar_128'

During handling of the above exception, another exception occurred:

Traceback (most recent call last):
  File "/Users/shawnmacmini/code/odoo-16.0/odoo/api.py", line 1013, in get
    cache_value = field_cache[record._ids[0]]
KeyError: 81

During handling of the above exception, another exception occurred:

Traceback (most recent call last):
  File "/Users/shawnmacmini/code/odoo-16.0/odoo/fields.py", line 1161, in __get__
    value = env.cache.get(record, self)
  File "/Users/shawnmacmini/code/odoo-16.0/odoo/api.py", line 1020, in get
    raise CacheMiss(record, field)
odoo.exceptions.CacheMiss: 'res.partner(81,).image_128'

During handling of the above exception, another exception occurred:

Traceback (most recent call last):
  File "/Users/shawnmacmini/code/odoo-16.0/odoo/api.py", line 1013, in get
    cache_value = field_cache[record._ids[0]]
KeyError: 1479

During handling of the above exception, another exception occurred:

Traceback (most recent call last):
  File "/Users/shawnmacmini/code/odoo-16.0/odoo/fields.py", line 1161, in __get__
    value = env.cache.get(record, self)
  File "/Users/shawnmacmini/code/odoo-16.0/odoo/api.py", line 1020, in get
    raise CacheMiss(record, field)
odoo.exceptions.CacheMiss: 'ir.attachment(1479,).datas'

During handling of the above exception, another exception occurred:

Traceback (most recent call last):
  File "/Users/shawnmacmini/code/odoo-16.0/odoo/api.py", line 1013, in get
    cache_value = field_cache[record._ids[0]]
KeyError: 1479

During handling of the above exception, another exception occurred:

Traceback (most recent call last):
  File "/Users/shawnmacmini/code/odoo-16.0/odoo/fields.py", line 1161, in __get__
    value = env.cache.get(record, self)
  File "/Users/shawnmacmini/code/odoo-16.0/odoo/api.py", line 1020, in get
    raise CacheMiss(record, field)
odoo.exceptions.CacheMiss: 'ir.attachment(1479,).raw'

During handling of the above exception, another exception occurred:

Traceback (most recent call last):
  File "/Users/shawnmacmini/code/odoo-16.0/odoo/addons/base/models/ir_attachment.py", line 121, in _file_read
    with open(full_path, 'rb') as f:
FileNotFoundError: [Errno 2] No such file or directory: '/Users/shawnmacmini/code/odoo-16.0/.odoo-data/filestore/odoo16/52/52430a11dd26a23a0ce513777909d4fcfb9c395a'
2025-11-01 15:20:42,733 19849 INFO odoo16 odoo.addons.base.models.ir_attachment: _read_file reading /Users/shawnmacmini/code/odoo-16.0/.odoo-data/filestore/odoo16/63/63d4ba80def55da294e5ecc6a94b9d450860cb65 
Traceback (most recent call last):
  File "/Users/shawnmacmini/code/odoo-16.0/odoo/api.py", line 1013, in get
    cache_value = field_cache[record._ids[0]]
KeyError: 81

During handling of the above exception, another exception occurred:

Traceback (most recent call last):
  File "/Users/shawnmacmini/code/odoo-16.0/odoo/fields.py", line 1161, in __get__
    value = env.cache.get(record, self)
  File "/Users/shawnmacmini/code/odoo-16.0/odoo/api.py", line 1020, in get
    raise CacheMiss(record, field)
odoo.exceptions.CacheMiss: 'res.partner(81,).avatar_128'

During handling of the above exception, another exception occurred:

Traceback (most recent call last):
  File "/Users/shawnmacmini/code/odoo-16.0/odoo/api.py", line 1013, in get
    cache_value = field_cache[record._ids[0]]
KeyError: 81

During handling of the above exception, another exception occurred:

Traceback (most recent call last):
  File "/Users/shawnmacmini/code/odoo-16.0/odoo/fields.py", line 1161, in __get__
    value = env.cache.get(record, self)
  File "/Users/shawnmacmini/code/odoo-16.0/odoo/api.py", line 1020, in get
    raise CacheMiss(record, field)
odoo.exceptions.CacheMiss: 'res.partner(81,).image_128'

During handling of the above exception, another exception occurred:

Traceback (most recent call last):
  File "/Users/shawnmacmini/code/odoo-16.0/odoo/api.py", line 1013, in get
    cache_value = field_cache[record._ids[0]]
KeyError: 1479

During handling of the above exception, another exception occurred:

Traceback (most recent call last):
  File "/Users/shawnmacmini/code/odoo-16.0/odoo/fields.py", line 1161, in __get__
    value = env.cache.get(record, self)
  File "/Users/shawnmacmini/code/odoo-16.0/odoo/api.py", line 1020, in get
    raise CacheMiss(record, field)
odoo.exceptions.CacheMiss: 'ir.attachment(1479,).datas'

During handling of the above exception, another exception occurred:

Traceback (most recent call last):
  File "/Users/shawnmacmini/code/odoo-16.0/odoo/api.py", line 1013, in get
    cache_value = field_cache[record._ids[0]]
KeyError: 1479

During handling of the above exception, another exception occurred:

Traceback (most recent call last):
  File "/Users/shawnmacmini/code/odoo-16.0/odoo/fields.py", line 1161, in __get__
    value = env.cache.get(record, self)
  File "/Users/shawnmacmini/code/odoo-16.0/odoo/api.py", line 1020, in get
    raise CacheMiss(record, field)
odoo.exceptions.CacheMiss: 'ir.attachment(1479,).raw'

During handling of the above exception, another exception occurred:

Traceback (most recent call last):
  File "/Users/shawnmacmini/code/odoo-16.0/odoo/addons/base/models/ir_attachment.py", line 121, in _file_read
    with open(full_path, 'rb') as f:
FileNotFoundError: [Errno 2] No such file or directory: '/Users/shawnmacmini/code/odoo-16.0/.odoo-data/filestore/odoo16/63/63d4ba80def55da294e5ecc6a94b9d450860cb65'
2025-11-01 15:20:42,733 19849 INFO odoo16 odoo.addons.base.models.ir_attachment: _read_file reading /Users/shawnmacmini/code/odoo-16.0/.odoo-data/filestore/odoo16/18/180ea12a2fb2289fcfcedea56049c17a840a0736 
Traceback (most recent call last):
  File "/Users/shawnmacmini/code/odoo-16.0/odoo/api.py", line 1013, in get
    cache_value = field_cache[record._ids[0]]
KeyError: 81

During handling of the above exception, another exception occurred:

Traceback (most recent call last):
  File "/Users/shawnmacmini/code/odoo-16.0/odoo/fields.py", line 1161, in __get__
    value = env.cache.get(record, self)
  File "/Users/shawnmacmini/code/odoo-16.0/odoo/api.py", line 1020, in get
    raise CacheMiss(record, field)
odoo.exceptions.CacheMiss: 'res.partner(81,).avatar_128'

During handling of the above exception, another exception occurred:

Traceback (most recent call last):
  File "/Users/shawnmacmini/code/odoo-16.0/odoo/api.py", line 1013, in get
    cache_value = field_cache[record._ids[0]]
KeyError: 81

During handling of the above exception, another exception occurred:

Traceback (most recent call last):
  File "/Users/shawnmacmini/code/odoo-16.0/odoo/fields.py", line 1161, in __get__
    value = env.cache.get(record, self)
  File "/Users/shawnmacmini/code/odoo-16.0/odoo/api.py", line 1020, in get
    raise CacheMiss(record, field)
odoo.exceptions.CacheMiss: 'res.partner(81,).image_128'

During handling of the above exception, another exception occurred:

Traceback (most recent call last):
  File "/Users/shawnmacmini/code/odoo-16.0/odoo/api.py", line 1013, in get
    cache_value = field_cache[record._ids[0]]
KeyError: 1479

During handling of the above exception, another exception occurred:

Traceback (most recent call last):
  File "/Users/shawnmacmini/code/odoo-16.0/odoo/fields.py", line 1161, in __get__
    value = env.cache.get(record, self)
  File "/Users/shawnmacmini/code/odoo-16.0/odoo/api.py", line 1020, in get
    raise CacheMiss(record, field)
odoo.exceptions.CacheMiss: 'ir.attachment(1479,).datas'

During handling of the above exception, another exception occurred:

Traceback (most recent call last):
  File "/Users/shawnmacmini/code/odoo-16.0/odoo/api.py", line 1013, in get
    cache_value = field_cache[record._ids[0]]
KeyError: 1479

During handling of the above exception, another exception occurred:

Traceback (most recent call last):
  File "/Users/shawnmacmini/code/odoo-16.0/odoo/fields.py", line 1161, in __get__
    value = env.cache.get(record, self)
  File "/Users/shawnmacmini/code/odoo-16.0/odoo/api.py", line 1020, in get
    raise CacheMiss(record, field)
odoo.exceptions.CacheMiss: 'ir.attachment(1479,).raw'

During handling of the above exception, another exception occurred:

Traceback (most recent call last):
  File "/Users/shawnmacmini/code/odoo-16.0/odoo/addons/base/models/ir_attachment.py", line 121, in _file_read
    with open(full_path, 'rb') as f:
FileNotFoundError: [Errno 2] No such file or directory: '/Users/shawnmacmini/code/odoo-16.0/.odoo-data/filestore/odoo16/18/180ea12a2fb2289fcfcedea56049c17a840a0736'
2025-11-01 15:20:42,733 19849 INFO odoo16 odoo.addons.base.models.ir_attachment: _read_file reading /Users/shawnmacmini/code/odoo-16.0/.odoo-data/filestore/odoo16/ce/cebcd6a1510ed163049e1ac0b81e3eec738ee7de 
Traceback (most recent call last):
  File "/Users/shawnmacmini/code/odoo-16.0/odoo/api.py", line 1013, in get
    cache_value = field_cache[record._ids[0]]
KeyError: 81

During handling of the above exception, another exception occurred:

Traceback (most recent call last):
  File "/Users/shawnmacmini/code/odoo-16.0/odoo/fields.py", line 1161, in __get__
    value = env.cache.get(record, self)
  File "/Users/shawnmacmini/code/odoo-16.0/odoo/api.py", line 1020, in get
    raise CacheMiss(record, field)
odoo.exceptions.CacheMiss: 'res.partner(81,).avatar_128'

During handling of the above exception, another exception occurred:

Traceback (most recent call last):
  File "/Users/shawnmacmini/code/odoo-16.0/odoo/api.py", line 1013, in get
    cache_value = field_cache[record._ids[0]]
KeyError: 81

During handling of the above exception, another exception occurred:

Traceback (most recent call last):
  File "/Users/shawnmacmini/code/odoo-16.0/odoo/fields.py", line 1161, in __get__
    value = env.cache.get(record, self)
  File "/Users/shawnmacmini/code/odoo-16.0/odoo/api.py", line 1020, in get
    raise CacheMiss(record, field)
odoo.exceptions.CacheMiss: 'res.partner(81,).image_128'

During handling of the above exception, another exception occurred:

Traceback (most recent call last):
  File "/Users/shawnmacmini/code/odoo-16.0/odoo/api.py", line 1013, in get
    cache_value = field_cache[record._ids[0]]
KeyError: 1479

During handling of the above exception, another exception occurred:

Traceback (most recent call last):
  File "/Users/shawnmacmini/code/odoo-16.0/odoo/fields.py", line 1161, in __get__
    value = env.cache.get(record, self)
  File "/Users/shawnmacmini/code/odoo-16.0/odoo/api.py", line 1020, in get
    raise CacheMiss(record, field)
odoo.exceptions.CacheMiss: 'ir.attachment(1479,).datas'

During handling of the above exception, another exception occurred:

Traceback (most recent call last):
  File "/Users/shawnmacmini/code/odoo-16.0/odoo/api.py", line 1013, in get
    cache_value = field_cache[record._ids[0]]
KeyError: 1479

During handling of the above exception, another exception occurred:

Traceback (most recent call last):
  File "/Users/shawnmacmini/code/odoo-16.0/odoo/fields.py", line 1161, in __get__
    value = env.cache.get(record, self)
  File "/Users/shawnmacmini/code/odoo-16.0/odoo/api.py", line 1020, in get
    raise CacheMiss(record, field)
odoo.exceptions.CacheMiss: 'ir.attachment(1479,).raw'

During handling of the above exception, another exception occurred:

Traceback (most recent call last):
  File "/Users/shawnmacmini/code/odoo-16.0/odoo/addons/base/models/ir_attachment.py", line 121, in _file_read
    with open(full_path, 'rb') as f:
FileNotFoundError: [Errno 2] No such file or directory: '/Users/shawnmacmini/code/odoo-16.0/.odoo-data/filestore/odoo16/ce/cebcd6a1510ed163049e1ac0b81e3eec738ee7de'
2025-11-01 15:20:42,733 19849 INFO odoo16 odoo.addons.base.models.ir_attachment: _read_file reading /Users/shawnmacmini/code/odoo-16.0/.odoo-data/filestore/odoo16/f0/f0068698d805597da85a9b9a5e24888373dc2168 
Traceback (most recent call last):
  File "/Users/shawnmacmini/code/odoo-16.0/odoo/api.py", line 1013, in get
    cache_value = field_cache[record._ids[0]]
KeyError: 81

During handling of the above exception, another exception occurred:

Traceback (most recent call last):
  File "/Users/shawnmacmini/code/odoo-16.0/odoo/fields.py", line 1161, in __get__
    value = env.cache.get(record, self)
  File "/Users/shawnmacmini/code/odoo-16.0/odoo/api.py", line 1020, in get
    raise CacheMiss(record, field)
odoo.exceptions.CacheMiss: 'res.partner(81,).avatar_128'

During handling of the above exception, another exception occurred:

Traceback (most recent call last):
  File "/Users/shawnmacmini/code/odoo-16.0/odoo/api.py", line 1013, in get
    cache_value = field_cache[record._ids[0]]
KeyError: 81

During handling of the above exception, another exception occurred:

Traceback (most recent call last):
  File "/Users/shawnmacmini/code/odoo-16.0/odoo/fields.py", line 1161, in __get__
    value = env.cache.get(record, self)
  File "/Users/shawnmacmini/code/odoo-16.0/odoo/api.py", line 1020, in get
    raise CacheMiss(record, field)
odoo.exceptions.CacheMiss: 'res.partner(81,).image_128'

During handling of the above exception, another exception occurred:

Traceback (most recent call last):
  File "/Users/shawnmacmini/code/odoo-16.0/odoo/api.py", line 1013, in get
    cache_value = field_cache[record._ids[0]]
KeyError: 1479

During handling of the above exception, another exception occurred:

Traceback (most recent call last):
  File "/Users/shawnmacmini/code/odoo-16.0/odoo/fields.py", line 1161, in __get__
    value = env.cache.get(record, self)
  File "/Users/shawnmacmini/code/odoo-16.0/odoo/api.py", line 1020, in get
    raise CacheMiss(record, field)
odoo.exceptions.CacheMiss: 'ir.attachment(1479,).datas'

During handling of the above exception, another exception occurred:

Traceback (most recent call last):
  File "/Users/shawnmacmini/code/odoo-16.0/odoo/api.py", line 1013, in get
    cache_value = field_cache[record._ids[0]]
KeyError: 1479

During handling of the above exception, another exception occurred:

Traceback (most recent call last):
  File "/Users/shawnmacmini/code/odoo-16.0/odoo/fields.py", line 1161, in __get__
    value = env.cache.get(record, self)
  File "/Users/shawnmacmini/code/odoo-16.0/odoo/api.py", line 1020, in get
    raise CacheMiss(record, field)
odoo.exceptions.CacheMiss: 'ir.attachment(1479,).raw'

During handling of the above exception, another exception occurred:

Traceback (most recent call last):
  File "/Users/shawnmacmini/code/odoo-16.0/odoo/addons/base/models/ir_attachment.py", line 121, in _file_read
    with open(full_path, 'rb') as f:
FileNotFoundError: [Errno 2] No such file or directory: '/Users/shawnmacmini/code/odoo-16.0/.odoo-data/filestore/odoo16/f0/f0068698d805597da85a9b9a5e24888373dc2168'
2025-11-01 15:20:42,733 19849 INFO odoo16 odoo.addons.base.models.ir_attachment: _read_file reading /Users/shawnmacmini/code/odoo-16.0/.odoo-data/filestore/odoo16/c8/c8fd583925c09ec326a3b997cd044a0ad7636db7 
Traceback (most recent call last):
  File "/Users/shawnmacmini/code/odoo-16.0/odoo/api.py", line 1013, in get
    cache_value = field_cache[record._ids[0]]
KeyError: 81

During handling of the above exception, another exception occurred:

Traceback (most recent call last):
  File "/Users/shawnmacmini/code/odoo-16.0/odoo/fields.py", line 1161, in __get__
    value = env.cache.get(record, self)
  File "/Users/shawnmacmini/code/odoo-16.0/odoo/api.py", line 1020, in get
    raise CacheMiss(record, field)
odoo.exceptions.CacheMiss: 'res.partner(81,).avatar_128'

During handling of the above exception, another exception occurred:

Traceback (most recent call last):
  File "/Users/shawnmacmini/code/odoo-16.0/odoo/api.py", line 1013, in get
    cache_value = field_cache[record._ids[0]]
KeyError: 81

During handling of the above exception, another exception occurred:

Traceback (most recent call last):
  File "/Users/shawnmacmini/code/odoo-16.0/odoo/fields.py", line 1161, in __get__
    value = env.cache.get(record, self)
  File "/Users/shawnmacmini/code/odoo-16.0/odoo/api.py", line 1020, in get
    raise CacheMiss(record, field)
odoo.exceptions.CacheMiss: 'res.partner(81,).image_128'

During handling of the above exception, another exception occurred:

Traceback (most recent call last):
  File "/Users/shawnmacmini/code/odoo-16.0/odoo/api.py", line 1013, in get
    cache_value = field_cache[record._ids[0]]
KeyError: 1479

During handling of the above exception, another exception occurred:

Traceback (most recent call last):
  File "/Users/shawnmacmini/code/odoo-16.0/odoo/fields.py", line 1161, in __get__
    value = env.cache.get(record, self)
  File "/Users/shawnmacmini/code/odoo-16.0/odoo/api.py", line 1020, in get
    raise CacheMiss(record, field)
odoo.exceptions.CacheMiss: 'ir.attachment(1479,).datas'

During handling of the above exception, another exception occurred:

Traceback (most recent call last):
  File "/Users/shawnmacmini/code/odoo-16.0/odoo/api.py", line 1013, in get
    cache_value = field_cache[record._ids[0]]
KeyError: 1479

During handling of the above exception, another exception occurred:

Traceback (most recent call last):
  File "/Users/shawnmacmini/code/odoo-16.0/odoo/fields.py", line 1161, in __get__
    value = env.cache.get(record, self)
  File "/Users/shawnmacmini/code/odoo-16.0/odoo/api.py", line 1020, in get
    raise CacheMiss(record, field)
odoo.exceptions.CacheMiss: 'ir.attachment(1479,).raw'

During handling of the above exception, another exception occurred:

Traceback (most recent call last):
  File "/Users/shawnmacmini/code/odoo-16.0/odoo/addons/base/models/ir_attachment.py", line 121, in _file_read
    with open(full_path, 'rb') as f:
FileNotFoundError: [Errno 2] No such file or directory: '/Users/shawnmacmini/code/odoo-16.0/.odoo-data/filestore/odoo16/c8/c8fd583925c09ec326a3b997cd044a0ad7636db7'
2025-11-01 15:20:42,734 19849 INFO odoo16 odoo.addons.base.models.ir_attachment: _read_file reading /Users/shawnmacmini/code/odoo-16.0/.odoo-data/filestore/odoo16/d6/d694aedb3fd293b0ad70a7ee7cbc4c0918d51d21 
Traceback (most recent call last):
  File "/Users/shawnmacmini/code/odoo-16.0/odoo/api.py", line 1013, in get
    cache_value = field_cache[record._ids[0]]
KeyError: 81

During handling of the above exception, another exception occurred:

Traceback (most recent call last):
  File "/Users/shawnmacmini/code/odoo-16.0/odoo/fields.py", line 1161, in __get__
    value = env.cache.get(record, self)
  File "/Users/shawnmacmini/code/odoo-16.0/odoo/api.py", line 1020, in get
    raise CacheMiss(record, field)
odoo.exceptions.CacheMiss: 'res.partner(81,).avatar_128'

During handling of the above exception, another exception occurred:

Traceback (most recent call last):
  File "/Users/shawnmacmini/code/odoo-16.0/odoo/api.py", line 1013, in get
    cache_value = field_cache[record._ids[0]]
KeyError: 81

During handling of the above exception, another exception occurred:

Traceback (most recent call last):
  File "/Users/shawnmacmini/code/odoo-16.0/odoo/fields.py", line 1161, in __get__
    value = env.cache.get(record, self)
  File "/Users/shawnmacmini/code/odoo-16.0/odoo/api.py", line 1020, in get
    raise CacheMiss(record, field)
odoo.exceptions.CacheMiss: 'res.partner(81,).image_128'

During handling of the above exception, another exception occurred:

Traceback (most recent call last):
  File "/Users/shawnmacmini/code/odoo-16.0/odoo/api.py", line 1013, in get
    cache_value = field_cache[record._ids[0]]
KeyError: 1479

During handling of the above exception, another exception occurred:

Traceback (most recent call last):
  File "/Users/shawnmacmini/code/odoo-16.0/odoo/fields.py", line 1161, in __get__
    value = env.cache.get(record, self)
  File "/Users/shawnmacmini/code/odoo-16.0/odoo/api.py", line 1020, in get
    raise CacheMiss(record, field)
odoo.exceptions.CacheMiss: 'ir.attachment(1479,).datas'

During handling of the above exception, another exception occurred:

Traceback (most recent call last):
  File "/Users/shawnmacmini/code/odoo-16.0/odoo/api.py", line 1013, in get
    cache_value = field_cache[record._ids[0]]
KeyError: 1479

During handling of the above exception, another exception occurred:

Traceback (most recent call last):
  File "/Users/shawnmacmini/code/odoo-16.0/odoo/fields.py", line 1161, in __get__
    value = env.cache.get(record, self)
  File "/Users/shawnmacmini/code/odoo-16.0/odoo/api.py", line 1020, in get
    raise CacheMiss(record, field)
odoo.exceptions.CacheMiss: 'ir.attachment(1479,).raw'

During handling of the above exception, another exception occurred:

Traceback (most recent call last):
  File "/Users/shawnmacmini/code/odoo-16.0/odoo/addons/base/models/ir_attachment.py", line 121, in _file_read
    with open(full_path, 'rb') as f:
FileNotFoundError: [Errno 2] No such file or directory: '/Users/shawnmacmini/code/odoo-16.0/.odoo-data/filestore/odoo16/d6/d694aedb3fd293b0ad70a7ee7cbc4c0918d51d21'
2025-11-01 15:20:42,734 19849 INFO odoo16 odoo.addons.base.models.ir_attachment: _read_file reading /Users/shawnmacmini/code/odoo-16.0/.odoo-data/filestore/odoo16/b2/b29e8936556376421844858012fc6c634f96752d 
Traceback (most recent call last):
  File "/Users/shawnmacmini/code/odoo-16.0/odoo/api.py", line 1013, in get
    cache_value = field_cache[record._ids[0]]
KeyError: 81

During handling of the above exception, another exception occurred:

Traceback (most recent call last):
  File "/Users/shawnmacmini/code/odoo-16.0/odoo/fields.py", line 1161, in __get__
    value = env.cache.get(record, self)
  File "/Users/shawnmacmini/code/odoo-16.0/odoo/api.py", line 1020, in get
    raise CacheMiss(record, field)
odoo.exceptions.CacheMiss: 'res.partner(81,).avatar_128'

During handling of the above exception, another exception occurred:

Traceback (most recent call last):
  File "/Users/shawnmacmini/code/odoo-16.0/odoo/api.py", line 1013, in get
    cache_value = field_cache[record._ids[0]]
KeyError: 81

During handling of the above exception, another exception occurred:

Traceback (most recent call last):
  File "/Users/shawnmacmini/code/odoo-16.0/odoo/fields.py", line 1161, in __get__
    value = env.cache.get(record, self)
  File "/Users/shawnmacmini/code/odoo-16.0/odoo/api.py", line 1020, in get
    raise CacheMiss(record, field)
odoo.exceptions.CacheMiss: 'res.partner(81,).image_128'

During handling of the above exception, another exception occurred:

Traceback (most recent call last):
  File "/Users/shawnmacmini/code/odoo-16.0/odoo/api.py", line 1013, in get
    cache_value = field_cache[record._ids[0]]
KeyError: 1479

During handling of the above exception, another exception occurred:

Traceback (most recent call last):
  File "/Users/shawnmacmini/code/odoo-16.0/odoo/fields.py", line 1161, in __get__
    value = env.cache.get(record, self)
  File "/Users/shawnmacmini/code/odoo-16.0/odoo/api.py", line 1020, in get
    raise CacheMiss(record, field)
odoo.exceptions.CacheMiss: 'ir.attachment(1479,).datas'

During handling of the above exception, another exception occurred:

Traceback (most recent call last):
  File "/Users/shawnmacmini/code/odoo-16.0/odoo/api.py", line 1013, in get
    cache_value = field_cache[record._ids[0]]
KeyError: 1479

During handling of the above exception, another exception occurred:

Traceback (most recent call last):
  File "/Users/shawnmacmini/code/odoo-16.0/odoo/fields.py", line 1161, in __get__
    value = env.cache.get(record, self)
  File "/Users/shawnmacmini/code/odoo-16.0/odoo/api.py", line 1020, in get
    raise CacheMiss(record, field)
odoo.exceptions.CacheMiss: 'ir.attachment(1479,).raw'

During handling of the above exception, another exception occurred:

Traceback (most recent call last):
  File "/Users/shawnmacmini/code/odoo-16.0/odoo/addons/base/models/ir_attachment.py", line 121, in _file_read
    with open(full_path, 'rb') as f:
FileNotFoundError: [Errno 2] No such file or directory: '/Users/shawnmacmini/code/odoo-16.0/.odoo-data/filestore/odoo16/b2/b29e8936556376421844858012fc6c634f96752d'
2025-11-01 15:20:42,734 19849 INFO odoo16 odoo.addons.base.models.ir_attachment: _read_file reading /Users/shawnmacmini/code/odoo-16.0/.odoo-data/filestore/odoo16/8b/8bcd1ed212fb444a25a01a0316c702e121384935 
Traceback (most recent call last):
  File "/Users/shawnmacmini/code/odoo-16.0/odoo/api.py", line 1013, in get
    cache_value = field_cache[record._ids[0]]
KeyError: 81

During handling of the above exception, another exception occurred:

Traceback (most recent call last):
  File "/Users/shawnmacmini/code/odoo-16.0/odoo/fields.py", line 1161, in __get__
    value = env.cache.get(record, self)
  File "/Users/shawnmacmini/code/odoo-16.0/odoo/api.py", line 1020, in get
    raise CacheMiss(record, field)
odoo.exceptions.CacheMiss: 'res.partner(81,).avatar_128'

During handling of the above exception, another exception occurred:

Traceback (most recent call last):
  File "/Users/shawnmacmini/code/odoo-16.0/odoo/api.py", line 1013, in get
    cache_value = field_cache[record._ids[0]]
KeyError: 81

During handling of the above exception, another exception occurred:

Traceback (most recent call last):
  File "/Users/shawnmacmini/code/odoo-16.0/odoo/fields.py", line 1161, in __get__
    value = env.cache.get(record, self)
  File "/Users/shawnmacmini/code/odoo-16.0/odoo/api.py", line 1020, in get
    raise CacheMiss(record, field)
odoo.exceptions.CacheMiss: 'res.partner(81,).image_128'

During handling of the above exception, another exception occurred:

Traceback (most recent call last):
  File "/Users/shawnmacmini/code/odoo-16.0/odoo/api.py", line 1013, in get
    cache_value = field_cache[record._ids[0]]
KeyError: 1479

During handling of the above exception, another exception occurred:

Traceback (most recent call last):
  File "/Users/shawnmacmini/code/odoo-16.0/odoo/fields.py", line 1161, in __get__
    value = env.cache.get(record, self)
  File "/Users/shawnmacmini/code/odoo-16.0/odoo/api.py", line 1020, in get
    raise CacheMiss(record, field)
odoo.exceptions.CacheMiss: 'ir.attachment(1479,).datas'

During handling of the above exception, another exception occurred:

Traceback (most recent call last):
  File "/Users/shawnmacmini/code/odoo-16.0/odoo/api.py", line 1013, in get
    cache_value = field_cache[record._ids[0]]
KeyError: 1479

During handling of the above exception, another exception occurred:

Traceback (most recent call last):
  File "/Users/shawnmacmini/code/odoo-16.0/odoo/fields.py", line 1161, in __get__
    value = env.cache.get(record, self)
  File "/Users/shawnmacmini/code/odoo-16.0/odoo/api.py", line 1020, in get
    raise CacheMiss(record, field)
odoo.exceptions.CacheMiss: 'ir.attachment(1479,).raw'

During handling of the above exception, another exception occurred:

Traceback (most recent call last):
  File "/Users/shawnmacmini/code/odoo-16.0/odoo/addons/base/models/ir_attachment.py", line 121, in _file_read
    with open(full_path, 'rb') as f:
FileNotFoundError: [Errno 2] No such file or directory: '/Users/shawnmacmini/code/odoo-16.0/.odoo-data/filestore/odoo16/8b/8bcd1ed212fb444a25a01a0316c702e121384935'
2025-11-01 15:20:42,734 19849 INFO odoo16 odoo.addons.base.models.ir_attachment: _read_file reading /Users/shawnmacmini/code/odoo-16.0/.odoo-data/filestore/odoo16/6c/6c9541e39119d72b2a5707076f90f7f3eab3ea32 
Traceback (most recent call last):
  File "/Users/shawnmacmini/code/odoo-16.0/odoo/api.py", line 1013, in get
    cache_value = field_cache[record._ids[0]]
KeyError: 81

During handling of the above exception, another exception occurred:

Traceback (most recent call last):
  File "/Users/shawnmacmini/code/odoo-16.0/odoo/fields.py", line 1161, in __get__
    value = env.cache.get(record, self)
  File "/Users/shawnmacmini/code/odoo-16.0/odoo/api.py", line 1020, in get
    raise CacheMiss(record, field)
odoo.exceptions.CacheMiss: 'res.partner(81,).avatar_128'

During handling of the above exception, another exception occurred:

Traceback (most recent call last):
  File "/Users/shawnmacmini/code/odoo-16.0/odoo/api.py", line 1013, in get
    cache_value = field_cache[record._ids[0]]
KeyError: 81

During handling of the above exception, another exception occurred:

Traceback (most recent call last):
  File "/Users/shawnmacmini/code/odoo-16.0/odoo/fields.py", line 1161, in __get__
    value = env.cache.get(record, self)
  File "/Users/shawnmacmini/code/odoo-16.0/odoo/api.py", line 1020, in get
    raise CacheMiss(record, field)
odoo.exceptions.CacheMiss: 'res.partner(81,).image_128'

During handling of the above exception, another exception occurred:

Traceback (most recent call last):
  File "/Users/shawnmacmini/code/odoo-16.0/odoo/api.py", line 1013, in get
    cache_value = field_cache[record._ids[0]]
KeyError: 1479

During handling of the above exception, another exception occurred:

Traceback (most recent call last):
  File "/Users/shawnmacmini/code/odoo-16.0/odoo/fields.py", line 1161, in __get__
    value = env.cache.get(record, self)
  File "/Users/shawnmacmini/code/odoo-16.0/odoo/api.py", line 1020, in get
    raise CacheMiss(record, field)
odoo.exceptions.CacheMiss: 'ir.attachment(1479,).datas'

During handling of the above exception, another exception occurred:

Traceback (most recent call last):
  File "/Users/shawnmacmini/code/odoo-16.0/odoo/api.py", line 1013, in get
    cache_value = field_cache[record._ids[0]]
KeyError: 1479

During handling of the above exception, another exception occurred:

Traceback (most recent call last):
  File "/Users/shawnmacmini/code/odoo-16.0/odoo/fields.py", line 1161, in __get__
    value = env.cache.get(record, self)
  File "/Users/shawnmacmini/code/odoo-16.0/odoo/api.py", line 1020, in get
    raise CacheMiss(record, field)
odoo.exceptions.CacheMiss: 'ir.attachment(1479,).raw'

During handling of the above exception, another exception occurred:

Traceback (most recent call last):
  File "/Users/shawnmacmini/code/odoo-16.0/odoo/addons/base/models/ir_attachment.py", line 121, in _file_read
    with open(full_path, 'rb') as f:
FileNotFoundError: [Errno 2] No such file or directory: '/Users/shawnmacmini/code/odoo-16.0/.odoo-data/filestore/odoo16/6c/6c9541e39119d72b2a5707076f90f7f3eab3ea32'
2025-11-01 15:20:42,734 19849 INFO odoo16 odoo.addons.base.models.ir_attachment: _read_file reading /Users/shawnmacmini/code/odoo-16.0/.odoo-data/filestore/odoo16/0c/0c78f98ea899bf4e50afdbc01263fcc9fd0a3206 
Traceback (most recent call last):
  File "/Users/shawnmacmini/code/odoo-16.0/odoo/api.py", line 1013, in get
    cache_value = field_cache[record._ids[0]]
KeyError: 81

During handling of the above exception, another exception occurred:

Traceback (most recent call last):
  File "/Users/shawnmacmini/code/odoo-16.0/odoo/fields.py", line 1161, in __get__
    value = env.cache.get(record, self)
  File "/Users/shawnmacmini/code/odoo-16.0/odoo/api.py", line 1020, in get
    raise CacheMiss(record, field)
odoo.exceptions.CacheMiss: 'res.partner(81,).avatar_128'

During handling of the above exception, another exception occurred:

Traceback (most recent call last):
  File "/Users/shawnmacmini/code/odoo-16.0/odoo/api.py", line 1013, in get
    cache_value = field_cache[record._ids[0]]
KeyError: 81

During handling of the above exception, another exception occurred:

Traceback (most recent call last):
  File "/Users/shawnmacmini/code/odoo-16.0/odoo/fields.py", line 1161, in __get__
    value = env.cache.get(record, self)
  File "/Users/shawnmacmini/code/odoo-16.0/odoo/api.py", line 1020, in get
    raise CacheMiss(record, field)
odoo.exceptions.CacheMiss: 'res.partner(81,).image_128'

During handling of the above exception, another exception occurred:

Traceback (most recent call last):
  File "/Users/shawnmacmini/code/odoo-16.0/odoo/api.py", line 1013, in get
    cache_value = field_cache[record._ids[0]]
KeyError: 1479

During handling of the above exception, another exception occurred:

Traceback (most recent call last):
  File "/Users/shawnmacmini/code/odoo-16.0/odoo/fields.py", line 1161, in __get__
    value = env.cache.get(record, self)
  File "/Users/shawnmacmini/code/odoo-16.0/odoo/api.py", line 1020, in get
    raise CacheMiss(record, field)
odoo.exceptions.CacheMiss: 'ir.attachment(1479,).datas'

During handling of the above exception, another exception occurred:

Traceback (most recent call last):
  File "/Users/shawnmacmini/code/odoo-16.0/odoo/api.py", line 1013, in get
    cache_value = field_cache[record._ids[0]]
KeyError: 1479

During handling of the above exception, another exception occurred:

Traceback (most recent call last):
  File "/Users/shawnmacmini/code/odoo-16.0/odoo/fields.py", line 1161, in __get__
    value = env.cache.get(record, self)
  File "/Users/shawnmacmini/code/odoo-16.0/odoo/api.py", line 1020, in get
    raise CacheMiss(record, field)
odoo.exceptions.CacheMiss: 'ir.attachment(1479,).raw'

During handling of the above exception, another exception occurred:

Traceback (most recent call last):
  File "/Users/shawnmacmini/code/odoo-16.0/odoo/addons/base/models/ir_attachment.py", line 121, in _file_read
    with open(full_path, 'rb') as f:
FileNotFoundError: [Errno 2] No such file or directory: '/Users/shawnmacmini/code/odoo-16.0/.odoo-data/filestore/odoo16/0c/0c78f98ea899bf4e50afdbc01263fcc9fd0a3206'
2025-11-01 15:20:42,735 19849 INFO odoo16 odoo.addons.base.models.ir_attachment: _read_file reading /Users/shawnmacmini/code/odoo-16.0/.odoo-data/filestore/odoo16/88/88a7693befb72024fccf723230df1eaa90a35658 
Traceback (most recent call last):
  File "/Users/shawnmacmini/code/odoo-16.0/odoo/api.py", line 1013, in get
    cache_value = field_cache[record._ids[0]]
KeyError: 81

During handling of the above exception, another exception occurred:

Traceback (most recent call last):
  File "/Users/shawnmacmini/code/odoo-16.0/odoo/fields.py", line 1161, in __get__
    value = env.cache.get(record, self)
  File "/Users/shawnmacmini/code/odoo-16.0/odoo/api.py", line 1020, in get
    raise CacheMiss(record, field)
odoo.exceptions.CacheMiss: 'res.partner(81,).avatar_128'

During handling of the above exception, another exception occurred:

Traceback (most recent call last):
  File "/Users/shawnmacmini/code/odoo-16.0/odoo/api.py", line 1013, in get
    cache_value = field_cache[record._ids[0]]
KeyError: 81

During handling of the above exception, another exception occurred:

Traceback (most recent call last):
  File "/Users/shawnmacmini/code/odoo-16.0/odoo/fields.py", line 1161, in __get__
    value = env.cache.get(record, self)
  File "/Users/shawnmacmini/code/odoo-16.0/odoo/api.py", line 1020, in get
    raise CacheMiss(record, field)
odoo.exceptions.CacheMiss: 'res.partner(81,).image_128'

During handling of the above exception, another exception occurred:

Traceback (most recent call last):
  File "/Users/shawnmacmini/code/odoo-16.0/odoo/api.py", line 1013, in get
    cache_value = field_cache[record._ids[0]]
KeyError: 1479

During handling of the above exception, another exception occurred:

Traceback (most recent call last):
  File "/Users/shawnmacmini/code/odoo-16.0/odoo/fields.py", line 1161, in __get__
    value = env.cache.get(record, self)
  File "/Users/shawnmacmini/code/odoo-16.0/odoo/api.py", line 1020, in get
    raise CacheMiss(record, field)
odoo.exceptions.CacheMiss: 'ir.attachment(1479,).datas'

During handling of the above exception, another exception occurred:

Traceback (most recent call last):
  File "/Users/shawnmacmini/code/odoo-16.0/odoo/api.py", line 1013, in get
    cache_value = field_cache[record._ids[0]]
KeyError: 1479

During handling of the above exception, another exception occurred:

Traceback (most recent call last):
  File "/Users/shawnmacmini/code/odoo-16.0/odoo/fields.py", line 1161, in __get__
    value = env.cache.get(record, self)
  File "/Users/shawnmacmini/code/odoo-16.0/odoo/api.py", line 1020, in get
    raise CacheMiss(record, field)
odoo.exceptions.CacheMiss: 'ir.attachment(1479,).raw'

During handling of the above exception, another exception occurred:

Traceback (most recent call last):
  File "/Users/shawnmacmini/code/odoo-16.0/odoo/addons/base/models/ir_attachment.py", line 121, in _file_read
    with open(full_path, 'rb') as f:
FileNotFoundError: [Errno 2] No such file or directory: '/Users/shawnmacmini/code/odoo-16.0/.odoo-data/filestore/odoo16/88/88a7693befb72024fccf723230df1eaa90a35658'
2025-11-01 15:20:42,735 19849 INFO odoo16 odoo.addons.base.models.ir_attachment: _read_file reading /Users/shawnmacmini/code/odoo-16.0/.odoo-data/filestore/odoo16/6a/6aba4dd7477ebcee9d86feaad8e3cf4828d5321c 
Traceback (most recent call last):
  File "/Users/shawnmacmini/code/odoo-16.0/odoo/api.py", line 1013, in get
    cache_value = field_cache[record._ids[0]]
KeyError: 81

During handling of the above exception, another exception occurred:

Traceback (most recent call last):
  File "/Users/shawnmacmini/code/odoo-16.0/odoo/fields.py", line 1161, in __get__
    value = env.cache.get(record, self)
  File "/Users/shawnmacmini/code/odoo-16.0/odoo/api.py", line 1020, in get
    raise CacheMiss(record, field)
odoo.exceptions.CacheMiss: 'res.partner(81,).avatar_128'

During handling of the above exception, another exception occurred:

Traceback (most recent call last):
  File "/Users/shawnmacmini/code/odoo-16.0/odoo/api.py", line 1013, in get
    cache_value = field_cache[record._ids[0]]
KeyError: 81

During handling of the above exception, another exception occurred:

Traceback (most recent call last):
  File "/Users/shawnmacmini/code/odoo-16.0/odoo/fields.py", line 1161, in __get__
    value = env.cache.get(record, self)
  File "/Users/shawnmacmini/code/odoo-16.0/odoo/api.py", line 1020, in get
    raise CacheMiss(record, field)
odoo.exceptions.CacheMiss: 'res.partner(81,).image_128'

During handling of the above exception, another exception occurred:

Traceback (most recent call last):
  File "/Users/shawnmacmini/code/odoo-16.0/odoo/api.py", line 1013, in get
    cache_value = field_cache[record._ids[0]]
KeyError: 1479

During handling of the above exception, another exception occurred:

Traceback (most recent call last):
  File "/Users/shawnmacmini/code/odoo-16.0/odoo/fields.py", line 1161, in __get__
    value = env.cache.get(record, self)
  File "/Users/shawnmacmini/code/odoo-16.0/odoo/api.py", line 1020, in get
    raise CacheMiss(record, field)
odoo.exceptions.CacheMiss: 'ir.attachment(1479,).datas'

During handling of the above exception, another exception occurred:

Traceback (most recent call last):
  File "/Users/shawnmacmini/code/odoo-16.0/odoo/api.py", line 1013, in get
    cache_value = field_cache[record._ids[0]]
KeyError: 1479

During handling of the above exception, another exception occurred:

Traceback (most recent call last):
  File "/Users/shawnmacmini/code/odoo-16.0/odoo/fields.py", line 1161, in __get__
    value = env.cache.get(record, self)
  File "/Users/shawnmacmini/code/odoo-16.0/odoo/api.py", line 1020, in get
    raise CacheMiss(record, field)
odoo.exceptions.CacheMiss: 'ir.attachment(1479,).raw'

During handling of the above exception, another exception occurred:

Traceback (most recent call last):
  File "/Users/shawnmacmini/code/odoo-16.0/odoo/addons/base/models/ir_attachment.py", line 121, in _file_read
    with open(full_path, 'rb') as f:
FileNotFoundError: [Errno 2] No such file or directory: '/Users/shawnmacmini/code/odoo-16.0/.odoo-data/filestore/odoo16/6a/6aba4dd7477ebcee9d86feaad8e3cf4828d5321c'
2025-11-01 15:20:42,735 19849 INFO odoo16 odoo.addons.base.models.ir_attachment: _read_file reading /Users/shawnmacmini/code/odoo-16.0/.odoo-data/filestore/odoo16/1f/1f3b37adc61b802fb704cbd1202bafeb55b9e91d 
Traceback (most recent call last):
  File "/Users/shawnmacmini/code/odoo-16.0/odoo/api.py", line 1013, in get
    cache_value = field_cache[record._ids[0]]
KeyError: 81

During handling of the above exception, another exception occurred:

Traceback (most recent call last):
  File "/Users/shawnmacmini/code/odoo-16.0/odoo/fields.py", line 1161, in __get__
    value = env.cache.get(record, self)
  File "/Users/shawnmacmini/code/odoo-16.0/odoo/api.py", line 1020, in get
    raise CacheMiss(record, field)
odoo.exceptions.CacheMiss: 'res.partner(81,).avatar_128'

During handling of the above exception, another exception occurred:

Traceback (most recent call last):
  File "/Users/shawnmacmini/code/odoo-16.0/odoo/api.py", line 1013, in get
    cache_value = field_cache[record._ids[0]]
KeyError: 81

During handling of the above exception, another exception occurred:

Traceback (most recent call last):
  File "/Users/shawnmacmini/code/odoo-16.0/odoo/fields.py", line 1161, in __get__
    value = env.cache.get(record, self)
  File "/Users/shawnmacmini/code/odoo-16.0/odoo/api.py", line 1020, in get
    raise CacheMiss(record, field)
odoo.exceptions.CacheMiss: 'res.partner(81,).image_128'

During handling of the above exception, another exception occurred:

Traceback (most recent call last):
  File "/Users/shawnmacmini/code/odoo-16.0/odoo/api.py", line 1013, in get
    cache_value = field_cache[record._ids[0]]
KeyError: 1479

During handling of the above exception, another exception occurred:

Traceback (most recent call last):
  File "/Users/shawnmacmini/code/odoo-16.0/odoo/fields.py", line 1161, in __get__
    value = env.cache.get(record, self)
  File "/Users/shawnmacmini/code/odoo-16.0/odoo/api.py", line 1020, in get
    raise CacheMiss(record, field)
odoo.exceptions.CacheMiss: 'ir.attachment(1479,).datas'

During handling of the above exception, another exception occurred:

Traceback (most recent call last):
  File "/Users/shawnmacmini/code/odoo-16.0/odoo/api.py", line 1013, in get
    cache_value = field_cache[record._ids[0]]
KeyError: 1479

During handling of the above exception, another exception occurred:

Traceback (most recent call last):
  File "/Users/shawnmacmini/code/odoo-16.0/odoo/fields.py", line 1161, in __get__
    value = env.cache.get(record, self)
  File "/Users/shawnmacmini/code/odoo-16.0/odoo/api.py", line 1020, in get
    raise CacheMiss(record, field)
odoo.exceptions.CacheMiss: 'ir.attachment(1479,).raw'

During handling of the above exception, another exception occurred:

Traceback (most recent call last):
  File "/Users/shawnmacmini/code/odoo-16.0/odoo/addons/base/models/ir_attachment.py", line 121, in _file_read
    with open(full_path, 'rb') as f:
FileNotFoundError: [Errno 2] No such file or directory: '/Users/shawnmacmini/code/odoo-16.0/.odoo-data/filestore/odoo16/1f/1f3b37adc61b802fb704cbd1202bafeb55b9e91d'
2025-11-01 15:20:42,735 19849 INFO odoo16 odoo.addons.base.models.ir_attachment: _read_file reading /Users/shawnmacmini/code/odoo-16.0/.odoo-data/filestore/odoo16/e1/e1e1059a01d6e0b0eb2c934cf023d70bfa5ebfcd 
Traceback (most recent call last):
  File "/Users/shawnmacmini/code/odoo-16.0/odoo/api.py", line 1013, in get
    cache_value = field_cache[record._ids[0]]
KeyError: 81

During handling of the above exception, another exception occurred:

Traceback (most recent call last):
  File "/Users/shawnmacmini/code/odoo-16.0/odoo/fields.py", line 1161, in __get__
    value = env.cache.get(record, self)
  File "/Users/shawnmacmini/code/odoo-16.0/odoo/api.py", line 1020, in get
    raise CacheMiss(record, field)
odoo.exceptions.CacheMiss: 'res.partner(81,).avatar_128'

During handling of the above exception, another exception occurred:

Traceback (most recent call last):
  File "/Users/shawnmacmini/code/odoo-16.0/odoo/api.py", line 1013, in get
    cache_value = field_cache[record._ids[0]]
KeyError: 81

During handling of the above exception, another exception occurred:

Traceback (most recent call last):
  File "/Users/shawnmacmini/code/odoo-16.0/odoo/fields.py", line 1161, in __get__
    value = env.cache.get(record, self)
  File "/Users/shawnmacmini/code/odoo-16.0/odoo/api.py", line 1020, in get
    raise CacheMiss(record, field)
odoo.exceptions.CacheMiss: 'res.partner(81,).image_128'

During handling of the above exception, another exception occurred:

Traceback (most recent call last):
  File "/Users/shawnmacmini/code/odoo-16.0/odoo/api.py", line 1013, in get
    cache_value = field_cache[record._ids[0]]
KeyError: 1479

During handling of the above exception, another exception occurred:

Traceback (most recent call last):
  File "/Users/shawnmacmini/code/odoo-16.0/odoo/fields.py", line 1161, in __get__
    value = env.cache.get(record, self)
  File "/Users/shawnmacmini/code/odoo-16.0/odoo/api.py", line 1020, in get
    raise CacheMiss(record, field)
odoo.exceptions.CacheMiss: 'ir.attachment(1479,).datas'

During handling of the above exception, another exception occurred:

Traceback (most recent call last):
  File "/Users/shawnmacmini/code/odoo-16.0/odoo/api.py", line 1013, in get
    cache_value = field_cache[record._ids[0]]
KeyError: 1479

During handling of the above exception, another exception occurred:

Traceback (most recent call last):
  File "/Users/shawnmacmini/code/odoo-16.0/odoo/fields.py", line 1161, in __get__
    value = env.cache.get(record, self)
  File "/Users/shawnmacmini/code/odoo-16.0/odoo/api.py", line 1020, in get
    raise CacheMiss(record, field)
odoo.exceptions.CacheMiss: 'ir.attachment(1479,).raw'

During handling of the above exception, another exception occurred:

Traceback (most recent call last):
  File "/Users/shawnmacmini/code/odoo-16.0/odoo/addons/base/models/ir_attachment.py", line 121, in _file_read
    with open(full_path, 'rb') as f:
FileNotFoundError: [Errno 2] No such file or directory: '/Users/shawnmacmini/code/odoo-16.0/.odoo-data/filestore/odoo16/e1/e1e1059a01d6e0b0eb2c934cf023d70bfa5ebfcd'
2025-11-01 15:20:42,735 19849 INFO odoo16 odoo.addons.base.models.ir_attachment: _read_file reading /Users/shawnmacmini/code/odoo-16.0/.odoo-data/filestore/odoo16/b8/b8e80fa6386f7e827ed68466f0dcdede5e6aaa2e 
Traceback (most recent call last):
  File "/Users/shawnmacmini/code/odoo-16.0/odoo/api.py", line 1013, in get
    cache_value = field_cache[record._ids[0]]
KeyError: 81

During handling of the above exception, another exception occurred:

Traceback (most recent call last):
  File "/Users/shawnmacmini/code/odoo-16.0/odoo/fields.py", line 1161, in __get__
    value = env.cache.get(record, self)
  File "/Users/shawnmacmini/code/odoo-16.0/odoo/api.py", line 1020, in get
    raise CacheMiss(record, field)
odoo.exceptions.CacheMiss: 'res.partner(81,).avatar_128'

During handling of the above exception, another exception occurred:

Traceback (most recent call last):
  File "/Users/shawnmacmini/code/odoo-16.0/odoo/api.py", line 1013, in get
    cache_value = field_cache[record._ids[0]]
KeyError: 81

During handling of the above exception, another exception occurred:

Traceback (most recent call last):
  File "/Users/shawnmacmini/code/odoo-16.0/odoo/fields.py", line 1161, in __get__
    value = env.cache.get(record, self)
  File "/Users/shawnmacmini/code/odoo-16.0/odoo/api.py", line 1020, in get
    raise CacheMiss(record, field)
odoo.exceptions.CacheMiss: 'res.partner(81,).image_128'

During handling of the above exception, another exception occurred:

Traceback (most recent call last):
  File "/Users/shawnmacmini/code/odoo-16.0/odoo/api.py", line 1013, in get
    cache_value = field_cache[record._ids[0]]
KeyError: 1479

During handling of the above exception, another exception occurred:

Traceback (most recent call last):
  File "/Users/shawnmacmini/code/odoo-16.0/odoo/fields.py", line 1161, in __get__
    value = env.cache.get(record, self)
  File "/Users/shawnmacmini/code/odoo-16.0/odoo/api.py", line 1020, in get
    raise CacheMiss(record, field)
odoo.exceptions.CacheMiss: 'ir.attachment(1479,).datas'

During handling of the above exception, another exception occurred:

Traceback (most recent call last):
  File "/Users/shawnmacmini/code/odoo-16.0/odoo/api.py", line 1013, in get
    cache_value = field_cache[record._ids[0]]
KeyError: 1479

During handling of the above exception, another exception occurred:

Traceback (most recent call last):
  File "/Users/shawnmacmini/code/odoo-16.0/odoo/fields.py", line 1161, in __get__
    value = env.cache.get(record, self)
  File "/Users/shawnmacmini/code/odoo-16.0/odoo/api.py", line 1020, in get
    raise CacheMiss(record, field)
odoo.exceptions.CacheMiss: 'ir.attachment(1479,).raw'

During handling of the above exception, another exception occurred:

Traceback (most recent call last):
  File "/Users/shawnmacmini/code/odoo-16.0/odoo/addons/base/models/ir_attachment.py", line 121, in _file_read
    with open(full_path, 'rb') as f:
FileNotFoundError: [Errno 2] No such file or directory: '/Users/shawnmacmini/code/odoo-16.0/.odoo-data/filestore/odoo16/b8/b8e80fa6386f7e827ed68466f0dcdede5e6aaa2e'
2025-11-01 15:20:42,735 19849 INFO odoo16 odoo.addons.base.models.ir_attachment: _read_file reading /Users/shawnmacmini/code/odoo-16.0/.odoo-data/filestore/odoo16/e6/e6e0c664f9d9c4a3cda34fd1c67117e31b87cd68 
Traceback (most recent call last):
  File "/Users/shawnmacmini/code/odoo-16.0/odoo/api.py", line 1013, in get
    cache_value = field_cache[record._ids[0]]
KeyError: 81

During handling of the above exception, another exception occurred:

Traceback (most recent call last):
  File "/Users/shawnmacmini/code/odoo-16.0/odoo/fields.py", line 1161, in __get__
    value = env.cache.get(record, self)
  File "/Users/shawnmacmini/code/odoo-16.0/odoo/api.py", line 1020, in get
    raise CacheMiss(record, field)
odoo.exceptions.CacheMiss: 'res.partner(81,).avatar_128'

During handling of the above exception, another exception occurred:

Traceback (most recent call last):
  File "/Users/shawnmacmini/code/odoo-16.0/odoo/api.py", line 1013, in get
    cache_value = field_cache[record._ids[0]]
KeyError: 81

During handling of the above exception, another exception occurred:

Traceback (most recent call last):
  File "/Users/shawnmacmini/code/odoo-16.0/odoo/fields.py", line 1161, in __get__
    value = env.cache.get(record, self)
  File "/Users/shawnmacmini/code/odoo-16.0/odoo/api.py", line 1020, in get
    raise CacheMiss(record, field)
odoo.exceptions.CacheMiss: 'res.partner(81,).image_128'

During handling of the above exception, another exception occurred:

Traceback (most recent call last):
  File "/Users/shawnmacmini/code/odoo-16.0/odoo/api.py", line 1013, in get
    cache_value = field_cache[record._ids[0]]
KeyError: 1479

During handling of the above exception, another exception occurred:

Traceback (most recent call last):
  File "/Users/shawnmacmini/code/odoo-16.0/odoo/fields.py", line 1161, in __get__
    value = env.cache.get(record, self)
  File "/Users/shawnmacmini/code/odoo-16.0/odoo/api.py", line 1020, in get
    raise CacheMiss(record, field)
odoo.exceptions.CacheMiss: 'ir.attachment(1479,).datas'

During handling of the above exception, another exception occurred:

Traceback (most recent call last):
  File "/Users/shawnmacmini/code/odoo-16.0/odoo/api.py", line 1013, in get
    cache_value = field_cache[record._ids[0]]
KeyError: 1479

During handling of the above exception, another exception occurred:

Traceback (most recent call last):
  File "/Users/shawnmacmini/code/odoo-16.0/odoo/fields.py", line 1161, in __get__
    value = env.cache.get(record, self)
  File "/Users/shawnmacmini/code/odoo-16.0/odoo/api.py", line 1020, in get
    raise CacheMiss(record, field)
odoo.exceptions.CacheMiss: 'ir.attachment(1479,).raw'

During handling of the above exception, another exception occurred:

Traceback (most recent call last):
  File "/Users/shawnmacmini/code/odoo-16.0/odoo/addons/base/models/ir_attachment.py", line 121, in _file_read
    with open(full_path, 'rb') as f:
FileNotFoundError: [Errno 2] No such file or directory: '/Users/shawnmacmini/code/odoo-16.0/.odoo-data/filestore/odoo16/e6/e6e0c664f9d9c4a3cda34fd1c67117e31b87cd68'
2025-11-01 15:20:42,735 19849 INFO odoo16 odoo.addons.base.models.ir_attachment: _read_file reading /Users/shawnmacmini/code/odoo-16.0/.odoo-data/filestore/odoo16/24/2470aa607bdf1f128394703173f150fcc671f746 
Traceback (most recent call last):
  File "/Users/shawnmacmini/code/odoo-16.0/odoo/api.py", line 1013, in get
    cache_value = field_cache[record._ids[0]]
KeyError: 81

During handling of the above exception, another exception occurred:

Traceback (most recent call last):
  File "/Users/shawnmacmini/code/odoo-16.0/odoo/fields.py", line 1161, in __get__
    value = env.cache.get(record, self)
  File "/Users/shawnmacmini/code/odoo-16.0/odoo/api.py", line 1020, in get
    raise CacheMiss(record, field)
odoo.exceptions.CacheMiss: 'res.partner(81,).avatar_128'

During handling of the above exception, another exception occurred:

Traceback (most recent call last):
  File "/Users/shawnmacmini/code/odoo-16.0/odoo/api.py", line 1013, in get
    cache_value = field_cache[record._ids[0]]
KeyError: 81

During handling of the above exception, another exception occurred:

Traceback (most recent call last):
  File "/Users/shawnmacmini/code/odoo-16.0/odoo/fields.py", line 1161, in __get__
    value = env.cache.get(record, self)
  File "/Users/shawnmacmini/code/odoo-16.0/odoo/api.py", line 1020, in get
    raise CacheMiss(record, field)
odoo.exceptions.CacheMiss: 'res.partner(81,).image_128'

During handling of the above exception, another exception occurred:

Traceback (most recent call last):
  File "/Users/shawnmacmini/code/odoo-16.0/odoo/api.py", line 1013, in get
    cache_value = field_cache[record._ids[0]]
KeyError: 1479

During handling of the above exception, another exception occurred:

Traceback (most recent call last):
  File "/Users/shawnmacmini/code/odoo-16.0/odoo/fields.py", line 1161, in __get__
    value = env.cache.get(record, self)
  File "/Users/shawnmacmini/code/odoo-16.0/odoo/api.py", line 1020, in get
    raise CacheMiss(record, field)
odoo.exceptions.CacheMiss: 'ir.attachment(1479,).datas'

During handling of the above exception, another exception occurred:

Traceback (most recent call last):
  File "/Users/shawnmacmini/code/odoo-16.0/odoo/api.py", line 1013, in get
    cache_value = field_cache[record._ids[0]]
KeyError: 1479

During handling of the above exception, another exception occurred:

Traceback (most recent call last):
  File "/Users/shawnmacmini/code/odoo-16.0/odoo/fields.py", line 1161, in __get__
    value = env.cache.get(record, self)
  File "/Users/shawnmacmini/code/odoo-16.0/odoo/api.py", line 1020, in get
    raise CacheMiss(record, field)
odoo.exceptions.CacheMiss: 'ir.attachment(1479,).raw'

During handling of the above exception, another exception occurred:

Traceback (most recent call last):
  File "/Users/shawnmacmini/code/odoo-16.0/odoo/addons/base/models/ir_attachment.py", line 121, in _file_read
    with open(full_path, 'rb') as f:
FileNotFoundError: [Errno 2] No such file or directory: '/Users/shawnmacmini/code/odoo-16.0/.odoo-data/filestore/odoo16/24/2470aa607bdf1f128394703173f150fcc671f746'
2025-11-01 15:20:42,736 19849 INFO odoo16 odoo.addons.base.models.ir_attachment: _read_file reading /Users/shawnmacmini/code/odoo-16.0/.odoo-data/filestore/odoo16/2b/2bbfba99b1749239c49d753f9b8fca48490d370a 
Traceback (most recent call last):
  File "/Users/shawnmacmini/code/odoo-16.0/odoo/api.py", line 1013, in get
    cache_value = field_cache[record._ids[0]]
KeyError: 81

During handling of the above exception, another exception occurred:

Traceback (most recent call last):
  File "/Users/shawnmacmini/code/odoo-16.0/odoo/fields.py", line 1161, in __get__
    value = env.cache.get(record, self)
  File "/Users/shawnmacmini/code/odoo-16.0/odoo/api.py", line 1020, in get
    raise CacheMiss(record, field)
odoo.exceptions.CacheMiss: 'res.partner(81,).avatar_128'

During handling of the above exception, another exception occurred:

Traceback (most recent call last):
  File "/Users/shawnmacmini/code/odoo-16.0/odoo/api.py", line 1013, in get
    cache_value = field_cache[record._ids[0]]
KeyError: 81

During handling of the above exception, another exception occurred:

Traceback (most recent call last):
  File "/Users/shawnmacmini/code/odoo-16.0/odoo/fields.py", line 1161, in __get__
    value = env.cache.get(record, self)
  File "/Users/shawnmacmini/code/odoo-16.0/odoo/api.py", line 1020, in get
    raise CacheMiss(record, field)
odoo.exceptions.CacheMiss: 'res.partner(81,).image_128'

During handling of the above exception, another exception occurred:

Traceback (most recent call last):
  File "/Users/shawnmacmini/code/odoo-16.0/odoo/api.py", line 1013, in get
    cache_value = field_cache[record._ids[0]]
KeyError: 1479

During handling of the above exception, another exception occurred:

Traceback (most recent call last):
  File "/Users/shawnmacmini/code/odoo-16.0/odoo/fields.py", line 1161, in __get__
    value = env.cache.get(record, self)
  File "/Users/shawnmacmini/code/odoo-16.0/odoo/api.py", line 1020, in get
    raise CacheMiss(record, field)
odoo.exceptions.CacheMiss: 'ir.attachment(1479,).datas'

During handling of the above exception, another exception occurred:

Traceback (most recent call last):
  File "/Users/shawnmacmini/code/odoo-16.0/odoo/api.py", line 1013, in get
    cache_value = field_cache[record._ids[0]]
KeyError: 1479

During handling of the above exception, another exception occurred:

Traceback (most recent call last):
  File "/Users/shawnmacmini/code/odoo-16.0/odoo/fields.py", line 1161, in __get__
    value = env.cache.get(record, self)
  File "/Users/shawnmacmini/code/odoo-16.0/odoo/api.py", line 1020, in get
    raise CacheMiss(record, field)
odoo.exceptions.CacheMiss: 'ir.attachment(1479,).raw'

During handling of the above exception, another exception occurred:

Traceback (most recent call last):
  File "/Users/shawnmacmini/code/odoo-16.0/odoo/addons/base/models/ir_attachment.py", line 121, in _file_read
    with open(full_path, 'rb') as f:
FileNotFoundError: [Errno 2] No such file or directory: '/Users/shawnmacmini/code/odoo-16.0/.odoo-data/filestore/odoo16/2b/2bbfba99b1749239c49d753f9b8fca48490d370a'
2025-11-01 15:20:42,736 19849 INFO odoo16 odoo.addons.base.models.ir_attachment: _read_file reading /Users/shawnmacmini/code/odoo-16.0/.odoo-data/filestore/odoo16/34/344411fee70a44e6558ebd36f3a0857ce7a973a3 
Traceback (most recent call last):
  File "/Users/shawnmacmini/code/odoo-16.0/odoo/api.py", line 1013, in get
    cache_value = field_cache[record._ids[0]]
KeyError: 81

During handling of the above exception, another exception occurred:

Traceback (most recent call last):
  File "/Users/shawnmacmini/code/odoo-16.0/odoo/fields.py", line 1161, in __get__
    value = env.cache.get(record, self)
  File "/Users/shawnmacmini/code/odoo-16.0/odoo/api.py", line 1020, in get
    raise CacheMiss(record, field)
odoo.exceptions.CacheMiss: 'res.partner(81,).avatar_128'

During handling of the above exception, another exception occurred:

Traceback (most recent call last):
  File "/Users/shawnmacmini/code/odoo-16.0/odoo/api.py", line 1013, in get
    cache_value = field_cache[record._ids[0]]
KeyError: 81

During handling of the above exception, another exception occurred:

Traceback (most recent call last):
  File "/Users/shawnmacmini/code/odoo-16.0/odoo/fields.py", line 1161, in __get__
    value = env.cache.get(record, self)
  File "/Users/shawnmacmini/code/odoo-16.0/odoo/api.py", line 1020, in get
    raise CacheMiss(record, field)
odoo.exceptions.CacheMiss: 'res.partner(81,).image_128'

During handling of the above exception, another exception occurred:

Traceback (most recent call last):
  File "/Users/shawnmacmini/code/odoo-16.0/odoo/api.py", line 1013, in get
    cache_value = field_cache[record._ids[0]]
KeyError: 1479

During handling of the above exception, another exception occurred:

Traceback (most recent call last):
  File "/Users/shawnmacmini/code/odoo-16.0/odoo/fields.py", line 1161, in __get__
    value = env.cache.get(record, self)
  File "/Users/shawnmacmini/code/odoo-16.0/odoo/api.py", line 1020, in get
    raise CacheMiss(record, field)
odoo.exceptions.CacheMiss: 'ir.attachment(1479,).datas'

During handling of the above exception, another exception occurred:

Traceback (most recent call last):
  File "/Users/shawnmacmini/code/odoo-16.0/odoo/api.py", line 1013, in get
    cache_value = field_cache[record._ids[0]]
KeyError: 1479

During handling of the above exception, another exception occurred:

Traceback (most recent call last):
  File "/Users/shawnmacmini/code/odoo-16.0/odoo/fields.py", line 1161, in __get__
    value = env.cache.get(record, self)
  File "/Users/shawnmacmini/code/odoo-16.0/odoo/api.py", line 1020, in get
    raise CacheMiss(record, field)
odoo.exceptions.CacheMiss: 'ir.attachment(1479,).raw'

During handling of the above exception, another exception occurred:

Traceback (most recent call last):
  File "/Users/shawnmacmini/code/odoo-16.0/odoo/addons/base/models/ir_attachment.py", line 121, in _file_read
    with open(full_path, 'rb') as f:
FileNotFoundError: [Errno 2] No such file or directory: '/Users/shawnmacmini/code/odoo-16.0/.odoo-data/filestore/odoo16/34/344411fee70a44e6558ebd36f3a0857ce7a973a3'
2025-11-01 15:20:42,736 19849 INFO odoo16 odoo.addons.base.models.ir_attachment: _read_file reading /Users/shawnmacmini/code/odoo-16.0/.odoo-data/filestore/odoo16/0c/0cffbaa48243465315e779fb34e9b11f3b24aec2 
Traceback (most recent call last):
  File "/Users/shawnmacmini/code/odoo-16.0/odoo/api.py", line 1013, in get
    cache_value = field_cache[record._ids[0]]
KeyError: 81

During handling of the above exception, another exception occurred:

Traceback (most recent call last):
  File "/Users/shawnmacmini/code/odoo-16.0/odoo/fields.py", line 1161, in __get__
    value = env.cache.get(record, self)
  File "/Users/shawnmacmini/code/odoo-16.0/odoo/api.py", line 1020, in get
    raise CacheMiss(record, field)
odoo.exceptions.CacheMiss: 'res.partner(81,).avatar_128'

During handling of the above exception, another exception occurred:

Traceback (most recent call last):
  File "/Users/shawnmacmini/code/odoo-16.0/odoo/api.py", line 1013, in get
    cache_value = field_cache[record._ids[0]]
KeyError: 81

During handling of the above exception, another exception occurred:

Traceback (most recent call last):
  File "/Users/shawnmacmini/code/odoo-16.0/odoo/fields.py", line 1161, in __get__
    value = env.cache.get(record, self)
  File "/Users/shawnmacmini/code/odoo-16.0/odoo/api.py", line 1020, in get
    raise CacheMiss(record, field)
odoo.exceptions.CacheMiss: 'res.partner(81,).image_128'

During handling of the above exception, another exception occurred:

Traceback (most recent call last):
  File "/Users/shawnmacmini/code/odoo-16.0/odoo/api.py", line 1013, in get
    cache_value = field_cache[record._ids[0]]
KeyError: 1479

During handling of the above exception, another exception occurred:

Traceback (most recent call last):
  File "/Users/shawnmacmini/code/odoo-16.0/odoo/fields.py", line 1161, in __get__
    value = env.cache.get(record, self)
  File "/Users/shawnmacmini/code/odoo-16.0/odoo/api.py", line 1020, in get
    raise CacheMiss(record, field)
odoo.exceptions.CacheMiss: 'ir.attachment(1479,).datas'

During handling of the above exception, another exception occurred:

Traceback (most recent call last):
  File "/Users/shawnmacmini/code/odoo-16.0/odoo/api.py", line 1013, in get
    cache_value = field_cache[record._ids[0]]
KeyError: 1479

During handling of the above exception, another exception occurred:

Traceback (most recent call last):
  File "/Users/shawnmacmini/code/odoo-16.0/odoo/fields.py", line 1161, in __get__
    value = env.cache.get(record, self)
  File "/Users/shawnmacmini/code/odoo-16.0/odoo/api.py", line 1020, in get
    raise CacheMiss(record, field)
odoo.exceptions.CacheMiss: 'ir.attachment(1479,).raw'

During handling of the above exception, another exception occurred:

Traceback (most recent call last):
  File "/Users/shawnmacmini/code/odoo-16.0/odoo/addons/base/models/ir_attachment.py", line 121, in _file_read
    with open(full_path, 'rb') as f:
FileNotFoundError: [Errno 2] No such file or directory: '/Users/shawnmacmini/code/odoo-16.0/.odoo-data/filestore/odoo16/0c/0cffbaa48243465315e779fb34e9b11f3b24aec2'
2025-11-01 15:20:42,736 19849 INFO odoo16 odoo.addons.base.models.ir_attachment: _read_file reading /Users/shawnmacmini/code/odoo-16.0/.odoo-data/filestore/odoo16/dc/dcb6d977c85554329430b436ff900158de14160c 
Traceback (most recent call last):
  File "/Users/shawnmacmini/code/odoo-16.0/odoo/api.py", line 1013, in get
    cache_value = field_cache[record._ids[0]]
KeyError: 81

During handling of the above exception, another exception occurred:

Traceback (most recent call last):
  File "/Users/shawnmacmini/code/odoo-16.0/odoo/fields.py", line 1161, in __get__
    value = env.cache.get(record, self)
  File "/Users/shawnmacmini/code/odoo-16.0/odoo/api.py", line 1020, in get
    raise CacheMiss(record, field)
odoo.exceptions.CacheMiss: 'res.partner(81,).avatar_128'

During handling of the above exception, another exception occurred:

Traceback (most recent call last):
  File "/Users/shawnmacmini/code/odoo-16.0/odoo/api.py", line 1013, in get
    cache_value = field_cache[record._ids[0]]
KeyError: 81

During handling of the above exception, another exception occurred:

Traceback (most recent call last):
  File "/Users/shawnmacmini/code/odoo-16.0/odoo/fields.py", line 1161, in __get__
    value = env.cache.get(record, self)
  File "/Users/shawnmacmini/code/odoo-16.0/odoo/api.py", line 1020, in get
    raise CacheMiss(record, field)
odoo.exceptions.CacheMiss: 'res.partner(81,).image_128'

During handling of the above exception, another exception occurred:

Traceback (most recent call last):
  File "/Users/shawnmacmini/code/odoo-16.0/odoo/api.py", line 1013, in get
    cache_value = field_cache[record._ids[0]]
KeyError: 1479

During handling of the above exception, another exception occurred:

Traceback (most recent call last):
  File "/Users/shawnmacmini/code/odoo-16.0/odoo/fields.py", line 1161, in __get__
    value = env.cache.get(record, self)
  File "/Users/shawnmacmini/code/odoo-16.0/odoo/api.py", line 1020, in get
    raise CacheMiss(record, field)
odoo.exceptions.CacheMiss: 'ir.attachment(1479,).datas'

During handling of the above exception, another exception occurred:

Traceback (most recent call last):
  File "/Users/shawnmacmini/code/odoo-16.0/odoo/api.py", line 1013, in get
    cache_value = field_cache[record._ids[0]]
KeyError: 1479

During handling of the above exception, another exception occurred:

Traceback (most recent call last):
  File "/Users/shawnmacmini/code/odoo-16.0/odoo/fields.py", line 1161, in __get__
    value = env.cache.get(record, self)
  File "/Users/shawnmacmini/code/odoo-16.0/odoo/api.py", line 1020, in get
    raise CacheMiss(record, field)
odoo.exceptions.CacheMiss: 'ir.attachment(1479,).raw'

During handling of the above exception, another exception occurred:

Traceback (most recent call last):
  File "/Users/shawnmacmini/code/odoo-16.0/odoo/addons/base/models/ir_attachment.py", line 121, in _file_read
    with open(full_path, 'rb') as f:
FileNotFoundError: [Errno 2] No such file or directory: '/Users/shawnmacmini/code/odoo-16.0/.odoo-data/filestore/odoo16/dc/dcb6d977c85554329430b436ff900158de14160c'
2025-11-01 15:20:42,736 19849 INFO odoo16 odoo.addons.base.models.ir_attachment: _read_file reading /Users/shawnmacmini/code/odoo-16.0/.odoo-data/filestore/odoo16/48/48c74e0562a9887fccde6079b766c08ba86a2069 
Traceback (most recent call last):
  File "/Users/shawnmacmini/code/odoo-16.0/odoo/api.py", line 1013, in get
    cache_value = field_cache[record._ids[0]]
KeyError: 81

During handling of the above exception, another exception occurred:

Traceback (most recent call last):
  File "/Users/shawnmacmini/code/odoo-16.0/odoo/fields.py", line 1161, in __get__
    value = env.cache.get(record, self)
  File "/Users/shawnmacmini/code/odoo-16.0/odoo/api.py", line 1020, in get
    raise CacheMiss(record, field)
odoo.exceptions.CacheMiss: 'res.partner(81,).avatar_128'

During handling of the above exception, another exception occurred:

Traceback (most recent call last):
  File "/Users/shawnmacmini/code/odoo-16.0/odoo/api.py", line 1013, in get
    cache_value = field_cache[record._ids[0]]
KeyError: 81

During handling of the above exception, another exception occurred:

Traceback (most recent call last):
  File "/Users/shawnmacmini/code/odoo-16.0/odoo/fields.py", line 1161, in __get__
    value = env.cache.get(record, self)
  File "/Users/shawnmacmini/code/odoo-16.0/odoo/api.py", line 1020, in get
    raise CacheMiss(record, field)
odoo.exceptions.CacheMiss: 'res.partner(81,).image_128'

During handling of the above exception, another exception occurred:

Traceback (most recent call last):
  File "/Users/shawnmacmini/code/odoo-16.0/odoo/api.py", line 1013, in get
    cache_value = field_cache[record._ids[0]]
KeyError: 1479

During handling of the above exception, another exception occurred:

Traceback (most recent call last):
  File "/Users/shawnmacmini/code/odoo-16.0/odoo/fields.py", line 1161, in __get__
    value = env.cache.get(record, self)
  File "/Users/shawnmacmini/code/odoo-16.0/odoo/api.py", line 1020, in get
    raise CacheMiss(record, field)
odoo.exceptions.CacheMiss: 'ir.attachment(1479,).datas'

During handling of the above exception, another exception occurred:

Traceback (most recent call last):
  File "/Users/shawnmacmini/code/odoo-16.0/odoo/api.py", line 1013, in get
    cache_value = field_cache[record._ids[0]]
KeyError: 1479

During handling of the above exception, another exception occurred:

Traceback (most recent call last):
  File "/Users/shawnmacmini/code/odoo-16.0/odoo/fields.py", line 1161, in __get__
    value = env.cache.get(record, self)
  File "/Users/shawnmacmini/code/odoo-16.0/odoo/api.py", line 1020, in get
    raise CacheMiss(record, field)
odoo.exceptions.CacheMiss: 'ir.attachment(1479,).raw'

During handling of the above exception, another exception occurred:

Traceback (most recent call last):
  File "/Users/shawnmacmini/code/odoo-16.0/odoo/addons/base/models/ir_attachment.py", line 121, in _file_read
    with open(full_path, 'rb') as f:
FileNotFoundError: [Errno 2] No such file or directory: '/Users/shawnmacmini/code/odoo-16.0/.odoo-data/filestore/odoo16/48/48c74e0562a9887fccde6079b766c08ba86a2069'
2025-11-01 15:20:42,736 19849 INFO odoo16 odoo.addons.base.models.ir_attachment: _read_file reading /Users/shawnmacmini/code/odoo-16.0/.odoo-data/filestore/odoo16/1d/1d695025b620cc90bd115824dbd8c6722fde6506 
Traceback (most recent call last):
  File "/Users/shawnmacmini/code/odoo-16.0/odoo/api.py", line 1013, in get
    cache_value = field_cache[record._ids[0]]
KeyError: 81

During handling of the above exception, another exception occurred:

Traceback (most recent call last):
  File "/Users/shawnmacmini/code/odoo-16.0/odoo/fields.py", line 1161, in __get__
    value = env.cache.get(record, self)
  File "/Users/shawnmacmini/code/odoo-16.0/odoo/api.py", line 1020, in get
    raise CacheMiss(record, field)
odoo.exceptions.CacheMiss: 'res.partner(81,).avatar_128'

During handling of the above exception, another exception occurred:

Traceback (most recent call last):
  File "/Users/shawnmacmini/code/odoo-16.0/odoo/api.py", line 1013, in get
    cache_value = field_cache[record._ids[0]]
KeyError: 81

During handling of the above exception, another exception occurred:

Traceback (most recent call last):
  File "/Users/shawnmacmini/code/odoo-16.0/odoo/fields.py", line 1161, in __get__
    value = env.cache.get(record, self)
  File "/Users/shawnmacmini/code/odoo-16.0/odoo/api.py", line 1020, in get
    raise CacheMiss(record, field)
odoo.exceptions.CacheMiss: 'res.partner(81,).image_128'

During handling of the above exception, another exception occurred:

Traceback (most recent call last):
  File "/Users/shawnmacmini/code/odoo-16.0/odoo/api.py", line 1013, in get
    cache_value = field_cache[record._ids[0]]
KeyError: 1479

During handling of the above exception, another exception occurred:

Traceback (most recent call last):
  File "/Users/shawnmacmini/code/odoo-16.0/odoo/fields.py", line 1161, in __get__
    value = env.cache.get(record, self)
  File "/Users/shawnmacmini/code/odoo-16.0/odoo/api.py", line 1020, in get
    raise CacheMiss(record, field)
odoo.exceptions.CacheMiss: 'ir.attachment(1479,).datas'

During handling of the above exception, another exception occurred:

Traceback (most recent call last):
  File "/Users/shawnmacmini/code/odoo-16.0/odoo/api.py", line 1013, in get
    cache_value = field_cache[record._ids[0]]
KeyError: 1479

During handling of the above exception, another exception occurred:

Traceback (most recent call last):
  File "/Users/shawnmacmini/code/odoo-16.0/odoo/fields.py", line 1161, in __get__
    value = env.cache.get(record, self)
  File "/Users/shawnmacmini/code/odoo-16.0/odoo/api.py", line 1020, in get
    raise CacheMiss(record, field)
odoo.exceptions.CacheMiss: 'ir.attachment(1479,).raw'

During handling of the above exception, another exception occurred:

Traceback (most recent call last):
  File "/Users/shawnmacmini/code/odoo-16.0/odoo/addons/base/models/ir_attachment.py", line 121, in _file_read
    with open(full_path, 'rb') as f:
FileNotFoundError: [Errno 2] No such file or directory: '/Users/shawnmacmini/code/odoo-16.0/.odoo-data/filestore/odoo16/1d/1d695025b620cc90bd115824dbd8c6722fde6506'
2025-11-01 15:20:42,736 19849 INFO odoo16 odoo.addons.base.models.ir_attachment: _read_file reading /Users/shawnmacmini/code/odoo-16.0/.odoo-data/filestore/odoo16/c3/c33684082a1e03bbcb7bce2572ccc58d836f2d9d 
Traceback (most recent call last):
  File "/Users/shawnmacmini/code/odoo-16.0/odoo/api.py", line 1013, in get
    cache_value = field_cache[record._ids[0]]
KeyError: 81

During handling of the above exception, another exception occurred:

Traceback (most recent call last):
  File "/Users/shawnmacmini/code/odoo-16.0/odoo/fields.py", line 1161, in __get__
    value = env.cache.get(record, self)
  File "/Users/shawnmacmini/code/odoo-16.0/odoo/api.py", line 1020, in get
    raise CacheMiss(record, field)
odoo.exceptions.CacheMiss: 'res.partner(81,).avatar_128'

During handling of the above exception, another exception occurred:

Traceback (most recent call last):
  File "/Users/shawnmacmini/code/odoo-16.0/odoo/api.py", line 1013, in get
    cache_value = field_cache[record._ids[0]]
KeyError: 81

During handling of the above exception, another exception occurred:

Traceback (most recent call last):
  File "/Users/shawnmacmini/code/odoo-16.0/odoo/fields.py", line 1161, in __get__
    value = env.cache.get(record, self)
  File "/Users/shawnmacmini/code/odoo-16.0/odoo/api.py", line 1020, in get
    raise CacheMiss(record, field)
odoo.exceptions.CacheMiss: 'res.partner(81,).image_128'

During handling of the above exception, another exception occurred:

Traceback (most recent call last):
  File "/Users/shawnmacmini/code/odoo-16.0/odoo/api.py", line 1013, in get
    cache_value = field_cache[record._ids[0]]
KeyError: 1479

During handling of the above exception, another exception occurred:

Traceback (most recent call last):
  File "/Users/shawnmacmini/code/odoo-16.0/odoo/fields.py", line 1161, in __get__
    value = env.cache.get(record, self)
  File "/Users/shawnmacmini/code/odoo-16.0/odoo/api.py", line 1020, in get
    raise CacheMiss(record, field)
odoo.exceptions.CacheMiss: 'ir.attachment(1479,).datas'

During handling of the above exception, another exception occurred:

Traceback (most recent call last):
  File "/Users/shawnmacmini/code/odoo-16.0/odoo/api.py", line 1013, in get
    cache_value = field_cache[record._ids[0]]
KeyError: 1479

During handling of the above exception, another exception occurred:

Traceback (most recent call last):
  File "/Users/shawnmacmini/code/odoo-16.0/odoo/fields.py", line 1161, in __get__
    value = env.cache.get(record, self)
  File "/Users/shawnmacmini/code/odoo-16.0/odoo/api.py", line 1020, in get
    raise CacheMiss(record, field)
odoo.exceptions.CacheMiss: 'ir.attachment(1479,).raw'

During handling of the above exception, another exception occurred:

Traceback (most recent call last):
  File "/Users/shawnmacmini/code/odoo-16.0/odoo/addons/base/models/ir_attachment.py", line 121, in _file_read
    with open(full_path, 'rb') as f:
FileNotFoundError: [Errno 2] No such file or directory: '/Users/shawnmacmini/code/odoo-16.0/.odoo-data/filestore/odoo16/c3/c33684082a1e03bbcb7bce2572ccc58d836f2d9d'
2025-11-01 15:20:42,737 19849 INFO odoo16 odoo.addons.base.models.ir_attachment: _read_file reading /Users/shawnmacmini/code/odoo-16.0/.odoo-data/filestore/odoo16/82/823b20bb764aaf8fcb88134b9bb3d82a05dea84a 
Traceback (most recent call last):
  File "/Users/shawnmacmini/code/odoo-16.0/odoo/api.py", line 1013, in get
    cache_value = field_cache[record._ids[0]]
KeyError: 81

During handling of the above exception, another exception occurred:

Traceback (most recent call last):
  File "/Users/shawnmacmini/code/odoo-16.0/odoo/fields.py", line 1161, in __get__
    value = env.cache.get(record, self)
  File "/Users/shawnmacmini/code/odoo-16.0/odoo/api.py", line 1020, in get
    raise CacheMiss(record, field)
odoo.exceptions.CacheMiss: 'res.partner(81,).avatar_128'

During handling of the above exception, another exception occurred:

Traceback (most recent call last):
  File "/Users/shawnmacmini/code/odoo-16.0/odoo/api.py", line 1013, in get
    cache_value = field_cache[record._ids[0]]
KeyError: 81

During handling of the above exception, another exception occurred:

Traceback (most recent call last):
  File "/Users/shawnmacmini/code/odoo-16.0/odoo/fields.py", line 1161, in __get__
    value = env.cache.get(record, self)
  File "/Users/shawnmacmini/code/odoo-16.0/odoo/api.py", line 1020, in get
    raise CacheMiss(record, field)
odoo.exceptions.CacheMiss: 'res.partner(81,).image_128'

During handling of the above exception, another exception occurred:

Traceback (most recent call last):
  File "/Users/shawnmacmini/code/odoo-16.0/odoo/api.py", line 1013, in get
    cache_value = field_cache[record._ids[0]]
KeyError: 1479

During handling of the above exception, another exception occurred:

Traceback (most recent call last):
  File "/Users/shawnmacmini/code/odoo-16.0/odoo/fields.py", line 1161, in __get__
    value = env.cache.get(record, self)
  File "/Users/shawnmacmini/code/odoo-16.0/odoo/api.py", line 1020, in get
    raise CacheMiss(record, field)
odoo.exceptions.CacheMiss: 'ir.attachment(1479,).datas'

During handling of the above exception, another exception occurred:

Traceback (most recent call last):
  File "/Users/shawnmacmini/code/odoo-16.0/odoo/api.py", line 1013, in get
    cache_value = field_cache[record._ids[0]]
KeyError: 1479

During handling of the above exception, another exception occurred:

Traceback (most recent call last):
  File "/Users/shawnmacmini/code/odoo-16.0/odoo/fields.py", line 1161, in __get__
    value = env.cache.get(record, self)
  File "/Users/shawnmacmini/code/odoo-16.0/odoo/api.py", line 1020, in get
    raise CacheMiss(record, field)
odoo.exceptions.CacheMiss: 'ir.attachment(1479,).raw'

During handling of the above exception, another exception occurred:

Traceback (most recent call last):
  File "/Users/shawnmacmini/code/odoo-16.0/odoo/addons/base/models/ir_attachment.py", line 121, in _file_read
    with open(full_path, 'rb') as f:
FileNotFoundError: [Errno 2] No such file or directory: '/Users/shawnmacmini/code/odoo-16.0/.odoo-data/filestore/odoo16/82/823b20bb764aaf8fcb88134b9bb3d82a05dea84a'
2025-11-01 15:20:42,737 19849 INFO odoo16 odoo.addons.base.models.ir_attachment: _read_file reading /Users/shawnmacmini/code/odoo-16.0/.odoo-data/filestore/odoo16/3c/3cd26b492cafae3f7090707457f66f74e1c01f7b 
Traceback (most recent call last):
  File "/Users/shawnmacmini/code/odoo-16.0/odoo/api.py", line 1013, in get
    cache_value = field_cache[record._ids[0]]
KeyError: 81

During handling of the above exception, another exception occurred:

Traceback (most recent call last):
  File "/Users/shawnmacmini/code/odoo-16.0/odoo/fields.py", line 1161, in __get__
    value = env.cache.get(record, self)
  File "/Users/shawnmacmini/code/odoo-16.0/odoo/api.py", line 1020, in get
    raise CacheMiss(record, field)
odoo.exceptions.CacheMiss: 'res.partner(81,).avatar_128'

During handling of the above exception, another exception occurred:

Traceback (most recent call last):
  File "/Users/shawnmacmini/code/odoo-16.0/odoo/api.py", line 1013, in get
    cache_value = field_cache[record._ids[0]]
KeyError: 81

During handling of the above exception, another exception occurred:

Traceback (most recent call last):
  File "/Users/shawnmacmini/code/odoo-16.0/odoo/fields.py", line 1161, in __get__
    value = env.cache.get(record, self)
  File "/Users/shawnmacmini/code/odoo-16.0/odoo/api.py", line 1020, in get
    raise CacheMiss(record, field)
odoo.exceptions.CacheMiss: 'res.partner(81,).image_128'

During handling of the above exception, another exception occurred:

Traceback (most recent call last):
  File "/Users/shawnmacmini/code/odoo-16.0/odoo/api.py", line 1013, in get
    cache_value = field_cache[record._ids[0]]
KeyError: 1479

During handling of the above exception, another exception occurred:

Traceback (most recent call last):
  File "/Users/shawnmacmini/code/odoo-16.0/odoo/fields.py", line 1161, in __get__
    value = env.cache.get(record, self)
  File "/Users/shawnmacmini/code/odoo-16.0/odoo/api.py", line 1020, in get
    raise CacheMiss(record, field)
odoo.exceptions.CacheMiss: 'ir.attachment(1479,).datas'

During handling of the above exception, another exception occurred:

Traceback (most recent call last):
  File "/Users/shawnmacmini/code/odoo-16.0/odoo/api.py", line 1013, in get
    cache_value = field_cache[record._ids[0]]
KeyError: 1479

During handling of the above exception, another exception occurred:

Traceback (most recent call last):
  File "/Users/shawnmacmini/code/odoo-16.0/odoo/fields.py", line 1161, in __get__
    value = env.cache.get(record, self)
  File "/Users/shawnmacmini/code/odoo-16.0/odoo/api.py", line 1020, in get
    raise CacheMiss(record, field)
odoo.exceptions.CacheMiss: 'ir.attachment(1479,).raw'

During handling of the above exception, another exception occurred:

Traceback (most recent call last):
  File "/Users/shawnmacmini/code/odoo-16.0/odoo/addons/base/models/ir_attachment.py", line 121, in _file_read
    with open(full_path, 'rb') as f:
FileNotFoundError: [Errno 2] No such file or directory: '/Users/shawnmacmini/code/odoo-16.0/.odoo-data/filestore/odoo16/3c/3cd26b492cafae3f7090707457f66f74e1c01f7b'
2025-11-01 15:20:42,746 19849 INFO odoo16 werkzeug: 127.0.0.1 - - [01/Nov/2025 15:20:42] "POST /web/dataset/call_kw/res.partner/web_search_read HTTP/1.1" 200 - 77 0.078 0.042
2025-11-01 15:20:42,782 19849 INFO odoo16 werkzeug: 127.0.0.1 - - [01/Nov/2025 15:20:42] "POST /web/dataset/call_kw/res.partner.category/read HTTP/1.1" 200 - 10 0.010 0.003
2025-11-01 15:20:44,180 19849 INFO odoo16 odoo.addons.base.models.ir_model: Access Denied by ACLs for operation: read, uid: 2, model: store.member.wallet 
2025-11-01 15:20:44,185 19849 WARNING odoo16 odoo.http: 您并无权限访问 '会员余额账户' (store.member.wallet) 记录.

以下组允许此操作:
	- 销售/会员管理专员
	- 销售/会员管理管理员

如有必要，请联系您的管理员以请求访问. 
2025-11-01 15:20:44,186 19849 INFO odoo16 werkzeug: 127.0.0.1 - - [01/Nov/2025 15:20:44] "POST /web/dataset/call_kw/res.partner/read HTTP/1.1" 200 - 31 0.037 0.016
2025-11-01 15:20:44,303 19849 INFO odoo16 odoo.addons.base.models.ir_attachment: _read_file reading /Users/shawnmacmini/code/odoo-16.0/.odoo-data/filestore/odoo16/c7/c7456b613cd14ae65b55c1042ab7dd02739bce2b 
Traceback (most recent call last):
  File "/Users/shawnmacmini/code/odoo-16.0/odoo/api.py", line 1013, in get
    cache_value = field_cache[record._ids[0]]
KeyError: 81

During handling of the above exception, another exception occurred:

Traceback (most recent call last):
  File "/Users/shawnmacmini/code/odoo-16.0/odoo/fields.py", line 1161, in __get__
    value = env.cache.get(record, self)
  File "/Users/shawnmacmini/code/odoo-16.0/odoo/api.py", line 1020, in get
    raise CacheMiss(record, field)
odoo.exceptions.CacheMiss: 'res.partner(81,).avatar_128'

During handling of the above exception, another exception occurred:

Traceback (most recent call last):
  File "/Users/shawnmacmini/code/odoo-16.0/odoo/api.py", line 1013, in get
    cache_value = field_cache[record._ids[0]]
KeyError: 7

During handling of the above exception, another exception occurred:

Traceback (most recent call last):
  File "/Users/shawnmacmini/code/odoo-16.0/odoo/fields.py", line 1161, in __get__
    value = env.cache.get(record, self)
  File "/Users/shawnmacmini/code/odoo-16.0/odoo/api.py", line 1020, in get
    raise CacheMiss(record, field)
odoo.exceptions.CacheMiss: 'res.partner(7,).image_128'

During handling of the above exception, another exception occurred:

Traceback (most recent call last):
  File "/Users/shawnmacmini/code/odoo-16.0/odoo/api.py", line 1013, in get
    cache_value = field_cache[record._ids[0]]
KeyError: 26

During handling of the above exception, another exception occurred:

Traceback (most recent call last):
  File "/Users/shawnmacmini/code/odoo-16.0/odoo/fields.py", line 1161, in __get__
    value = env.cache.get(record, self)
  File "/Users/shawnmacmini/code/odoo-16.0/odoo/api.py", line 1020, in get
    raise CacheMiss(record, field)
odoo.exceptions.CacheMiss: 'ir.attachment(26,).datas'

During handling of the above exception, another exception occurred:

Traceback (most recent call last):
  File "/Users/shawnmacmini/code/odoo-16.0/odoo/api.py", line 1013, in get
    cache_value = field_cache[record._ids[0]]
KeyError: 26

During handling of the above exception, another exception occurred:

Traceback (most recent call last):
  File "/Users/shawnmacmini/code/odoo-16.0/odoo/fields.py", line 1161, in __get__
    value = env.cache.get(record, self)
  File "/Users/shawnmacmini/code/odoo-16.0/odoo/api.py", line 1020, in get
    raise CacheMiss(record, field)
odoo.exceptions.CacheMiss: 'ir.attachment(26,).raw'

During handling of the above exception, another exception occurred:

Traceback (most recent call last):
  File "/Users/shawnmacmini/code/odoo-16.0/odoo/addons/base/models/ir_attachment.py", line 121, in _file_read
    with open(full_path, 'rb') as f:
FileNotFoundError: [Errno 2] No such file or directory: '/Users/shawnmacmini/code/odoo-16.0/.odoo-data/filestore/odoo16/c7/c7456b613cd14ae65b55c1042ab7dd02739bce2b'
2025-11-01 15:20:44,309 19849 INFO odoo16 odoo.addons.base.models.ir_attachment: _read_file reading /Users/shawnmacmini/code/odoo-16.0/.odoo-data/filestore/odoo16/e0/e0d4b5b2f41d6a523b47d17100558bf3084c67b1 
Traceback (most recent call last):
  File "/Users/shawnmacmini/code/odoo-16.0/odoo/api.py", line 1013, in get
    cache_value = field_cache[record._ids[0]]
KeyError: 81

During handling of the above exception, another exception occurred:

Traceback (most recent call last):
  File "/Users/shawnmacmini/code/odoo-16.0/odoo/fields.py", line 1161, in __get__
    value = env.cache.get(record, self)
  File "/Users/shawnmacmini/code/odoo-16.0/odoo/api.py", line 1020, in get
    raise CacheMiss(record, field)
odoo.exceptions.CacheMiss: 'res.partner(81,).avatar_128'

During handling of the above exception, another exception occurred:

Traceback (most recent call last):
  File "/Users/shawnmacmini/code/odoo-16.0/odoo/api.py", line 1013, in get
    cache_value = field_cache[record._ids[0]]
KeyError: 81

During handling of the above exception, another exception occurred:

Traceback (most recent call last):
  File "/Users/shawnmacmini/code/odoo-16.0/odoo/fields.py", line 1161, in __get__
    value = env.cache.get(record, self)
  File "/Users/shawnmacmini/code/odoo-16.0/odoo/api.py", line 1020, in get
    raise CacheMiss(record, field)
odoo.exceptions.CacheMiss: 'res.partner(81,).image_128'

During handling of the above exception, another exception occurred:

Traceback (most recent call last):
  File "/Users/shawnmacmini/code/odoo-16.0/odoo/api.py", line 1013, in get
    cache_value = field_cache[record._ids[0]]
KeyError: 1479

During handling of the above exception, another exception occurred:

Traceback (most recent call last):
  File "/Users/shawnmacmini/code/odoo-16.0/odoo/fields.py", line 1161, in __get__
    value = env.cache.get(record, self)
  File "/Users/shawnmacmini/code/odoo-16.0/odoo/api.py", line 1020, in get
    raise CacheMiss(record, field)
odoo.exceptions.CacheMiss: 'ir.attachment(1479,).datas'

During handling of the above exception, another exception occurred:

Traceback (most recent call last):
  File "/Users/shawnmacmini/code/odoo-16.0/odoo/api.py", line 1013, in get
    cache_value = field_cache[record._ids[0]]
KeyError: 1479

During handling of the above exception, another exception occurred:

Traceback (most recent call last):
  File "/Users/shawnmacmini/code/odoo-16.0/odoo/fields.py", line 1161, in __get__
    value = env.cache.get(record, self)
  File "/Users/shawnmacmini/code/odoo-16.0/odoo/api.py", line 1020, in get
    raise CacheMiss(record, field)
odoo.exceptions.CacheMiss: 'ir.attachment(1479,).raw'

During handling of the above exception, another exception occurred:

Traceback (most recent call last):
  File "/Users/shawnmacmini/code/odoo-16.0/odoo/addons/base/models/ir_attachment.py", line 121, in _file_read
    with open(full_path, 'rb') as f:
FileNotFoundError: [Errno 2] No such file or directory: '/Users/shawnmacmini/code/odoo-16.0/.odoo-data/filestore/odoo16/e0/e0d4b5b2f41d6a523b47d17100558bf3084c67b1'
2025-11-01 15:20:44,310 19849 INFO odoo16 odoo.addons.base.models.ir_attachment: _read_file reading /Users/shawnmacmini/code/odoo-16.0/.odoo-data/filestore/odoo16/54/54575654c82a52573e0cc247763e5612ba8ea54d 
Traceback (most recent call last):
  File "/Users/shawnmacmini/code/odoo-16.0/odoo/api.py", line 1013, in get
    cache_value = field_cache[record._ids[0]]
KeyError: 81

During handling of the above exception, another exception occurred:

Traceback (most recent call last):
  File "/Users/shawnmacmini/code/odoo-16.0/odoo/fields.py", line 1161, in __get__
    value = env.cache.get(record, self)
  File "/Users/shawnmacmini/code/odoo-16.0/odoo/api.py", line 1020, in get
    raise CacheMiss(record, field)
odoo.exceptions.CacheMiss: 'res.partner(81,).avatar_128'

During handling of the above exception, another exception occurred:

Traceback (most recent call last):
  File "/Users/shawnmacmini/code/odoo-16.0/odoo/api.py", line 1013, in get
    cache_value = field_cache[record._ids[0]]
KeyError: 81

During handling of the above exception, another exception occurred:

Traceback (most recent call last):
  File "/Users/shawnmacmini/code/odoo-16.0/odoo/fields.py", line 1161, in __get__
    value = env.cache.get(record, self)
  File "/Users/shawnmacmini/code/odoo-16.0/odoo/api.py", line 1020, in get
    raise CacheMiss(record, field)
odoo.exceptions.CacheMiss: 'res.partner(81,).image_128'

During handling of the above exception, another exception occurred:

Traceback (most recent call last):
  File "/Users/shawnmacmini/code/odoo-16.0/odoo/api.py", line 1013, in get
    cache_value = field_cache[record._ids[0]]
KeyError: 1479

During handling of the above exception, another exception occurred:

Traceback (most recent call last):
  File "/Users/shawnmacmini/code/odoo-16.0/odoo/fields.py", line 1161, in __get__
    value = env.cache.get(record, self)
  File "/Users/shawnmacmini/code/odoo-16.0/odoo/api.py", line 1020, in get
    raise CacheMiss(record, field)
odoo.exceptions.CacheMiss: 'ir.attachment(1479,).datas'

During handling of the above exception, another exception occurred:

Traceback (most recent call last):
  File "/Users/shawnmacmini/code/odoo-16.0/odoo/api.py", line 1013, in get
    cache_value = field_cache[record._ids[0]]
KeyError: 1479

During handling of the above exception, another exception occurred:

Traceback (most recent call last):
  File "/Users/shawnmacmini/code/odoo-16.0/odoo/fields.py", line 1161, in __get__
    value = env.cache.get(record, self)
  File "/Users/shawnmacmini/code/odoo-16.0/odoo/api.py", line 1020, in get
    raise CacheMiss(record, field)
odoo.exceptions.CacheMiss: 'ir.attachment(1479,).raw'

During handling of the above exception, another exception occurred:

Traceback (most recent call last):
  File "/Users/shawnmacmini/code/odoo-16.0/odoo/addons/base/models/ir_attachment.py", line 121, in _file_read
    with open(full_path, 'rb') as f:
FileNotFoundError: [Errno 2] No such file or directory: '/Users/shawnmacmini/code/odoo-16.0/.odoo-data/filestore/odoo16/54/54575654c82a52573e0cc247763e5612ba8ea54d'
2025-11-01 15:20:44,310 19849 INFO odoo16 odoo.addons.base.models.ir_attachment: _read_file reading /Users/shawnmacmini/code/odoo-16.0/.odoo-data/filestore/odoo16/a1/a1759aa83398a11a2cb64280d271d0c4ca0d57d9 
Traceback (most recent call last):
  File "/Users/shawnmacmini/code/odoo-16.0/odoo/api.py", line 1013, in get
    cache_value = field_cache[record._ids[0]]
KeyError: 81

During handling of the above exception, another exception occurred:

Traceback (most recent call last):
  File "/Users/shawnmacmini/code/odoo-16.0/odoo/fields.py", line 1161, in __get__
    value = env.cache.get(record, self)
  File "/Users/shawnmacmini/code/odoo-16.0/odoo/api.py", line 1020, in get
    raise CacheMiss(record, field)
odoo.exceptions.CacheMiss: 'res.partner(81,).avatar_128'

During handling of the above exception, another exception occurred:

Traceback (most recent call last):
  File "/Users/shawnmacmini/code/odoo-16.0/odoo/api.py", line 1013, in get
    cache_value = field_cache[record._ids[0]]
KeyError: 81

During handling of the above exception, another exception occurred:

Traceback (most recent call last):
  File "/Users/shawnmacmini/code/odoo-16.0/odoo/fields.py", line 1161, in __get__
    value = env.cache.get(record, self)
  File "/Users/shawnmacmini/code/odoo-16.0/odoo/api.py", line 1020, in get
    raise CacheMiss(record, field)
odoo.exceptions.CacheMiss: 'res.partner(81,).image_128'

During handling of the above exception, another exception occurred:

Traceback (most recent call last):
  File "/Users/shawnmacmini/code/odoo-16.0/odoo/api.py", line 1013, in get
    cache_value = field_cache[record._ids[0]]
KeyError: 1479

During handling of the above exception, another exception occurred:

Traceback (most recent call last):
  File "/Users/shawnmacmini/code/odoo-16.0/odoo/fields.py", line 1161, in __get__
    value = env.cache.get(record, self)
  File "/Users/shawnmacmini/code/odoo-16.0/odoo/api.py", line 1020, in get
    raise CacheMiss(record, field)
odoo.exceptions.CacheMiss: 'ir.attachment(1479,).datas'

During handling of the above exception, another exception occurred:

Traceback (most recent call last):
  File "/Users/shawnmacmini/code/odoo-16.0/odoo/api.py", line 1013, in get
    cache_value = field_cache[record._ids[0]]
KeyError: 1479

During handling of the above exception, another exception occurred:

Traceback (most recent call last):
  File "/Users/shawnmacmini/code/odoo-16.0/odoo/fields.py", line 1161, in __get__
    value = env.cache.get(record, self)
  File "/Users/shawnmacmini/code/odoo-16.0/odoo/api.py", line 1020, in get
    raise CacheMiss(record, field)
odoo.exceptions.CacheMiss: 'ir.attachment(1479,).raw'

During handling of the above exception, another exception occurred:

Traceback (most recent call last):
  File "/Users/shawnmacmini/code/odoo-16.0/odoo/addons/base/models/ir_attachment.py", line 121, in _file_read
    with open(full_path, 'rb') as f:
FileNotFoundError: [Errno 2] No such file or directory: '/Users/shawnmacmini/code/odoo-16.0/.odoo-data/filestore/odoo16/a1/a1759aa83398a11a2cb64280d271d0c4ca0d57d9'
2025-11-01 15:20:44,311 19849 INFO odoo16 odoo.addons.base.models.ir_attachment: _read_file reading /Users/shawnmacmini/code/odoo-16.0/.odoo-data/filestore/odoo16/e1/e18d7a00782c70aeae6496dbb11e569069082a2c 
Traceback (most recent call last):
  File "/Users/shawnmacmini/code/odoo-16.0/odoo/api.py", line 1013, in get
    cache_value = field_cache[record._ids[0]]
KeyError: 81

During handling of the above exception, another exception occurred:

Traceback (most recent call last):
  File "/Users/shawnmacmini/code/odoo-16.0/odoo/fields.py", line 1161, in __get__
    value = env.cache.get(record, self)
  File "/Users/shawnmacmini/code/odoo-16.0/odoo/api.py", line 1020, in get
    raise CacheMiss(record, field)
odoo.exceptions.CacheMiss: 'res.partner(81,).avatar_128'

During handling of the above exception, another exception occurred:

Traceback (most recent call last):
  File "/Users/shawnmacmini/code/odoo-16.0/odoo/api.py", line 1013, in get
    cache_value = field_cache[record._ids[0]]
KeyError: 81

During handling of the above exception, another exception occurred:

Traceback (most recent call last):
  File "/Users/shawnmacmini/code/odoo-16.0/odoo/fields.py", line 1161, in __get__
    value = env.cache.get(record, self)
  File "/Users/shawnmacmini/code/odoo-16.0/odoo/api.py", line 1020, in get
    raise CacheMiss(record, field)
odoo.exceptions.CacheMiss: 'res.partner(81,).image_128'

During handling of the above exception, another exception occurred:

Traceback (most recent call last):
  File "/Users/shawnmacmini/code/odoo-16.0/odoo/api.py", line 1013, in get
    cache_value = field_cache[record._ids[0]]
KeyError: 1479

During handling of the above exception, another exception occurred:

Traceback (most recent call last):
  File "/Users/shawnmacmini/code/odoo-16.0/odoo/fields.py", line 1161, in __get__
    value = env.cache.get(record, self)
  File "/Users/shawnmacmini/code/odoo-16.0/odoo/api.py", line 1020, in get
    raise CacheMiss(record, field)
odoo.exceptions.CacheMiss: 'ir.attachment(1479,).datas'

During handling of the above exception, another exception occurred:

Traceback (most recent call last):
  File "/Users/shawnmacmini/code/odoo-16.0/odoo/api.py", line 1013, in get
    cache_value = field_cache[record._ids[0]]
KeyError: 1479

During handling of the above exception, another exception occurred:

Traceback (most recent call last):
  File "/Users/shawnmacmini/code/odoo-16.0/odoo/fields.py", line 1161, in __get__
    value = env.cache.get(record, self)
  File "/Users/shawnmacmini/code/odoo-16.0/odoo/api.py", line 1020, in get
    raise CacheMiss(record, field)
odoo.exceptions.CacheMiss: 'ir.attachment(1479,).raw'

During handling of the above exception, another exception occurred:

Traceback (most recent call last):
  File "/Users/shawnmacmini/code/odoo-16.0/odoo/addons/base/models/ir_attachment.py", line 121, in _file_read
    with open(full_path, 'rb') as f:
FileNotFoundError: [Errno 2] No such file or directory: '/Users/shawnmacmini/code/odoo-16.0/.odoo-data/filestore/odoo16/e1/e18d7a00782c70aeae6496dbb11e569069082a2c'
2025-11-01 15:20:44,311 19849 INFO odoo16 odoo.addons.base.models.ir_attachment: _read_file reading /Users/shawnmacmini/code/odoo-16.0/.odoo-data/filestore/odoo16/51/51e25fab891c43dc53c6787cf6e68c6ff1cc8e6f 
Traceback (most recent call last):
  File "/Users/shawnmacmini/code/odoo-16.0/odoo/api.py", line 1013, in get
    cache_value = field_cache[record._ids[0]]
KeyError: 81

During handling of the above exception, another exception occurred:

Traceback (most recent call last):
  File "/Users/shawnmacmini/code/odoo-16.0/odoo/fields.py", line 1161, in __get__
    value = env.cache.get(record, self)
  File "/Users/shawnmacmini/code/odoo-16.0/odoo/api.py", line 1020, in get
    raise CacheMiss(record, field)
odoo.exceptions.CacheMiss: 'res.partner(81,).avatar_128'

During handling of the above exception, another exception occurred:

Traceback (most recent call last):
  File "/Users/shawnmacmini/code/odoo-16.0/odoo/api.py", line 1013, in get
    cache_value = field_cache[record._ids[0]]
KeyError: 81

During handling of the above exception, another exception occurred:

Traceback (most recent call last):
  File "/Users/shawnmacmini/code/odoo-16.0/odoo/fields.py", line 1161, in __get__
    value = env.cache.get(record, self)
  File "/Users/shawnmacmini/code/odoo-16.0/odoo/api.py", line 1020, in get
    raise CacheMiss(record, field)
odoo.exceptions.CacheMiss: 'res.partner(81,).image_128'

During handling of the above exception, another exception occurred:

Traceback (most recent call last):
  File "/Users/shawnmacmini/code/odoo-16.0/odoo/api.py", line 1013, in get
    cache_value = field_cache[record._ids[0]]
KeyError: 1479

During handling of the above exception, another exception occurred:

Traceback (most recent call last):
  File "/Users/shawnmacmini/code/odoo-16.0/odoo/fields.py", line 1161, in __get__
    value = env.cache.get(record, self)
  File "/Users/shawnmacmini/code/odoo-16.0/odoo/api.py", line 1020, in get
    raise CacheMiss(record, field)
odoo.exceptions.CacheMiss: 'ir.attachment(1479,).datas'

During handling of the above exception, another exception occurred:

Traceback (most recent call last):
  File "/Users/shawnmacmini/code/odoo-16.0/odoo/api.py", line 1013, in get
    cache_value = field_cache[record._ids[0]]
KeyError: 1479

During handling of the above exception, another exception occurred:

Traceback (most recent call last):
  File "/Users/shawnmacmini/code/odoo-16.0/odoo/fields.py", line 1161, in __get__
    value = env.cache.get(record, self)
  File "/Users/shawnmacmini/code/odoo-16.0/odoo/api.py", line 1020, in get
    raise CacheMiss(record, field)
odoo.exceptions.CacheMiss: 'ir.attachment(1479,).raw'

During handling of the above exception, another exception occurred:

Traceback (most recent call last):
  File "/Users/shawnmacmini/code/odoo-16.0/odoo/addons/base/models/ir_attachment.py", line 121, in _file_read
    with open(full_path, 'rb') as f:
FileNotFoundError: [Errno 2] No such file or directory: '/Users/shawnmacmini/code/odoo-16.0/.odoo-data/filestore/odoo16/51/51e25fab891c43dc53c6787cf6e68c6ff1cc8e6f'
2025-11-01 15:20:44,311 19849 INFO odoo16 odoo.addons.base.models.ir_attachment: _read_file reading /Users/shawnmacmini/code/odoo-16.0/.odoo-data/filestore/odoo16/ac/ac900d6b66f5e3bc27f562f54f251dd41a96cf42 
Traceback (most recent call last):
  File "/Users/shawnmacmini/code/odoo-16.0/odoo/api.py", line 1013, in get
    cache_value = field_cache[record._ids[0]]
KeyError: 81

During handling of the above exception, another exception occurred:

Traceback (most recent call last):
  File "/Users/shawnmacmini/code/odoo-16.0/odoo/fields.py", line 1161, in __get__
    value = env.cache.get(record, self)
  File "/Users/shawnmacmini/code/odoo-16.0/odoo/api.py", line 1020, in get
    raise CacheMiss(record, field)
odoo.exceptions.CacheMiss: 'res.partner(81,).avatar_128'

During handling of the above exception, another exception occurred:

Traceback (most recent call last):
  File "/Users/shawnmacmini/code/odoo-16.0/odoo/api.py", line 1013, in get
    cache_value = field_cache[record._ids[0]]
KeyError: 81

During handling of the above exception, another exception occurred:

Traceback (most recent call last):
  File "/Users/shawnmacmini/code/odoo-16.0/odoo/fields.py", line 1161, in __get__
    value = env.cache.get(record, self)
  File "/Users/shawnmacmini/code/odoo-16.0/odoo/api.py", line 1020, in get
    raise CacheMiss(record, field)
odoo.exceptions.CacheMiss: 'res.partner(81,).image_128'

During handling of the above exception, another exception occurred:

Traceback (most recent call last):
  File "/Users/shawnmacmini/code/odoo-16.0/odoo/api.py", line 1013, in get
    cache_value = field_cache[record._ids[0]]
KeyError: 1479

During handling of the above exception, another exception occurred:

Traceback (most recent call last):
  File "/Users/shawnmacmini/code/odoo-16.0/odoo/fields.py", line 1161, in __get__
    value = env.cache.get(record, self)
  File "/Users/shawnmacmini/code/odoo-16.0/odoo/api.py", line 1020, in get
    raise CacheMiss(record, field)
odoo.exceptions.CacheMiss: 'ir.attachment(1479,).datas'

During handling of the above exception, another exception occurred:

Traceback (most recent call last):
  File "/Users/shawnmacmini/code/odoo-16.0/odoo/api.py", line 1013, in get
    cache_value = field_cache[record._ids[0]]
KeyError: 1479

During handling of the above exception, another exception occurred:

Traceback (most recent call last):
  File "/Users/shawnmacmini/code/odoo-16.0/odoo/fields.py", line 1161, in __get__
    value = env.cache.get(record, self)
  File "/Users/shawnmacmini/code/odoo-16.0/odoo/api.py", line 1020, in get
    raise CacheMiss(record, field)
odoo.exceptions.CacheMiss: 'ir.attachment(1479,).raw'

During handling of the above exception, another exception occurred:

Traceback (most recent call last):
  File "/Users/shawnmacmini/code/odoo-16.0/odoo/addons/base/models/ir_attachment.py", line 121, in _file_read
    with open(full_path, 'rb') as f:
FileNotFoundError: [Errno 2] No such file or directory: '/Users/shawnmacmini/code/odoo-16.0/.odoo-data/filestore/odoo16/ac/ac900d6b66f5e3bc27f562f54f251dd41a96cf42'
2025-11-01 15:20:44,312 19849 INFO odoo16 odoo.addons.base.models.ir_attachment: _read_file reading /Users/shawnmacmini/code/odoo-16.0/.odoo-data/filestore/odoo16/e6/e67ea4f6d8fcd0f664a5fd7fa25d28198338f113 
Traceback (most recent call last):
  File "/Users/shawnmacmini/code/odoo-16.0/odoo/api.py", line 1013, in get
    cache_value = field_cache[record._ids[0]]
KeyError: 81

During handling of the above exception, another exception occurred:

Traceback (most recent call last):
  File "/Users/shawnmacmini/code/odoo-16.0/odoo/fields.py", line 1161, in __get__
    value = env.cache.get(record, self)
  File "/Users/shawnmacmini/code/odoo-16.0/odoo/api.py", line 1020, in get
    raise CacheMiss(record, field)
odoo.exceptions.CacheMiss: 'res.partner(81,).avatar_128'

During handling of the above exception, another exception occurred:

Traceback (most recent call last):
  File "/Users/shawnmacmini/code/odoo-16.0/odoo/api.py", line 1013, in get
    cache_value = field_cache[record._ids[0]]
KeyError: 81

During handling of the above exception, another exception occurred:

Traceback (most recent call last):
  File "/Users/shawnmacmini/code/odoo-16.0/odoo/fields.py", line 1161, in __get__
    value = env.cache.get(record, self)
  File "/Users/shawnmacmini/code/odoo-16.0/odoo/api.py", line 1020, in get
    raise CacheMiss(record, field)
odoo.exceptions.CacheMiss: 'res.partner(81,).image_128'

During handling of the above exception, another exception occurred:

Traceback (most recent call last):
  File "/Users/shawnmacmini/code/odoo-16.0/odoo/api.py", line 1013, in get
    cache_value = field_cache[record._ids[0]]
KeyError: 1479

During handling of the above exception, another exception occurred:

Traceback (most recent call last):
  File "/Users/shawnmacmini/code/odoo-16.0/odoo/fields.py", line 1161, in __get__
    value = env.cache.get(record, self)
  File "/Users/shawnmacmini/code/odoo-16.0/odoo/api.py", line 1020, in get
    raise CacheMiss(record, field)
odoo.exceptions.CacheMiss: 'ir.attachment(1479,).datas'

During handling of the above exception, another exception occurred:

Traceback (most recent call last):
  File "/Users/shawnmacmini/code/odoo-16.0/odoo/api.py", line 1013, in get
    cache_value = field_cache[record._ids[0]]
KeyError: 1479

During handling of the above exception, another exception occurred:

Traceback (most recent call last):
  File "/Users/shawnmacmini/code/odoo-16.0/odoo/fields.py", line 1161, in __get__
    value = env.cache.get(record, self)
  File "/Users/shawnmacmini/code/odoo-16.0/odoo/api.py", line 1020, in get
    raise CacheMiss(record, field)
odoo.exceptions.CacheMiss: 'ir.attachment(1479,).raw'

During handling of the above exception, another exception occurred:

Traceback (most recent call last):
  File "/Users/shawnmacmini/code/odoo-16.0/odoo/addons/base/models/ir_attachment.py", line 121, in _file_read
    with open(full_path, 'rb') as f:
FileNotFoundError: [Errno 2] No such file or directory: '/Users/shawnmacmini/code/odoo-16.0/.odoo-data/filestore/odoo16/e6/e67ea4f6d8fcd0f664a5fd7fa25d28198338f113'
2025-11-01 15:20:44,312 19849 INFO odoo16 odoo.addons.base.models.ir_attachment: _read_file reading /Users/shawnmacmini/code/odoo-16.0/.odoo-data/filestore/odoo16/8f/8f240a29fffb0839abc4b0012a1d0fbf72f01174 
Traceback (most recent call last):
  File "/Users/shawnmacmini/code/odoo-16.0/odoo/api.py", line 1013, in get
    cache_value = field_cache[record._ids[0]]
KeyError: 81

During handling of the above exception, another exception occurred:

Traceback (most recent call last):
  File "/Users/shawnmacmini/code/odoo-16.0/odoo/fields.py", line 1161, in __get__
    value = env.cache.get(record, self)
  File "/Users/shawnmacmini/code/odoo-16.0/odoo/api.py", line 1020, in get
    raise CacheMiss(record, field)
odoo.exceptions.CacheMiss: 'res.partner(81,).avatar_128'

During handling of the above exception, another exception occurred:

Traceback (most recent call last):
  File "/Users/shawnmacmini/code/odoo-16.0/odoo/api.py", line 1013, in get
    cache_value = field_cache[record._ids[0]]
KeyError: 81

During handling of the above exception, another exception occurred:

Traceback (most recent call last):
  File "/Users/shawnmacmini/code/odoo-16.0/odoo/fields.py", line 1161, in __get__
    value = env.cache.get(record, self)
  File "/Users/shawnmacmini/code/odoo-16.0/odoo/api.py", line 1020, in get
    raise CacheMiss(record, field)
odoo.exceptions.CacheMiss: 'res.partner(81,).image_128'

During handling of the above exception, another exception occurred:

Traceback (most recent call last):
  File "/Users/shawnmacmini/code/odoo-16.0/odoo/api.py", line 1013, in get
    cache_value = field_cache[record._ids[0]]
KeyError: 1479

During handling of the above exception, another exception occurred:

Traceback (most recent call last):
  File "/Users/shawnmacmini/code/odoo-16.0/odoo/fields.py", line 1161, in __get__
    value = env.cache.get(record, self)
  File "/Users/shawnmacmini/code/odoo-16.0/odoo/api.py", line 1020, in get
    raise CacheMiss(record, field)
odoo.exceptions.CacheMiss: 'ir.attachment(1479,).datas'

During handling of the above exception, another exception occurred:

Traceback (most recent call last):
  File "/Users/shawnmacmini/code/odoo-16.0/odoo/api.py", line 1013, in get
    cache_value = field_cache[record._ids[0]]
KeyError: 1479

During handling of the above exception, another exception occurred:

Traceback (most recent call last):
  File "/Users/shawnmacmini/code/odoo-16.0/odoo/fields.py", line 1161, in __get__
    value = env.cache.get(record, self)
  File "/Users/shawnmacmini/code/odoo-16.0/odoo/api.py", line 1020, in get
    raise CacheMiss(record, field)
odoo.exceptions.CacheMiss: 'ir.attachment(1479,).raw'

During handling of the above exception, another exception occurred:

Traceback (most recent call last):
  File "/Users/shawnmacmini/code/odoo-16.0/odoo/addons/base/models/ir_attachment.py", line 121, in _file_read
    with open(full_path, 'rb') as f:
FileNotFoundError: [Errno 2] No such file or directory: '/Users/shawnmacmini/code/odoo-16.0/.odoo-data/filestore/odoo16/8f/8f240a29fffb0839abc4b0012a1d0fbf72f01174'
2025-11-01 15:20:44,313 19849 INFO odoo16 odoo.addons.base.models.ir_attachment: _read_file reading /Users/shawnmacmini/code/odoo-16.0/.odoo-data/filestore/odoo16/63/63599c7e58cbd5e0ea2250f978ea4bf357adcdee 
Traceback (most recent call last):
  File "/Users/shawnmacmini/code/odoo-16.0/odoo/api.py", line 1013, in get
    cache_value = field_cache[record._ids[0]]
KeyError: 81

During handling of the above exception, another exception occurred:

Traceback (most recent call last):
  File "/Users/shawnmacmini/code/odoo-16.0/odoo/fields.py", line 1161, in __get__
    value = env.cache.get(record, self)
  File "/Users/shawnmacmini/code/odoo-16.0/odoo/api.py", line 1020, in get
    raise CacheMiss(record, field)
odoo.exceptions.CacheMiss: 'res.partner(81,).avatar_128'

During handling of the above exception, another exception occurred:

Traceback (most recent call last):
  File "/Users/shawnmacmini/code/odoo-16.0/odoo/api.py", line 1013, in get
    cache_value = field_cache[record._ids[0]]
KeyError: 81

During handling of the above exception, another exception occurred:

Traceback (most recent call last):
  File "/Users/shawnmacmini/code/odoo-16.0/odoo/fields.py", line 1161, in __get__
    value = env.cache.get(record, self)
  File "/Users/shawnmacmini/code/odoo-16.0/odoo/api.py", line 1020, in get
    raise CacheMiss(record, field)
odoo.exceptions.CacheMiss: 'res.partner(81,).image_128'

During handling of the above exception, another exception occurred:

Traceback (most recent call last):
  File "/Users/shawnmacmini/code/odoo-16.0/odoo/api.py", line 1013, in get
    cache_value = field_cache[record._ids[0]]
KeyError: 1479

During handling of the above exception, another exception occurred:

Traceback (most recent call last):
  File "/Users/shawnmacmini/code/odoo-16.0/odoo/fields.py", line 1161, in __get__
    value = env.cache.get(record, self)
  File "/Users/shawnmacmini/code/odoo-16.0/odoo/api.py", line 1020, in get
    raise CacheMiss(record, field)
odoo.exceptions.CacheMiss: 'ir.attachment(1479,).datas'

During handling of the above exception, another exception occurred:

Traceback (most recent call last):
  File "/Users/shawnmacmini/code/odoo-16.0/odoo/api.py", line 1013, in get
    cache_value = field_cache[record._ids[0]]
KeyError: 1479

During handling of the above exception, another exception occurred:

Traceback (most recent call last):
  File "/Users/shawnmacmini/code/odoo-16.0/odoo/fields.py", line 1161, in __get__
    value = env.cache.get(record, self)
  File "/Users/shawnmacmini/code/odoo-16.0/odoo/api.py", line 1020, in get
    raise CacheMiss(record, field)
odoo.exceptions.CacheMiss: 'ir.attachment(1479,).raw'

During handling of the above exception, another exception occurred:

Traceback (most recent call last):
  File "/Users/shawnmacmini/code/odoo-16.0/odoo/addons/base/models/ir_attachment.py", line 121, in _file_read
    with open(full_path, 'rb') as f:
FileNotFoundError: [Errno 2] No such file or directory: '/Users/shawnmacmini/code/odoo-16.0/.odoo-data/filestore/odoo16/63/63599c7e58cbd5e0ea2250f978ea4bf357adcdee'
2025-11-01 15:20:44,313 19849 INFO odoo16 odoo.addons.base.models.ir_attachment: _read_file reading /Users/shawnmacmini/code/odoo-16.0/.odoo-data/filestore/odoo16/dd/ddd46a08c47ac8cde114eabd6648cbc6dd7afc9e 
Traceback (most recent call last):
  File "/Users/shawnmacmini/code/odoo-16.0/odoo/api.py", line 1013, in get
    cache_value = field_cache[record._ids[0]]
KeyError: 81

During handling of the above exception, another exception occurred:

Traceback (most recent call last):
  File "/Users/shawnmacmini/code/odoo-16.0/odoo/fields.py", line 1161, in __get__
    value = env.cache.get(record, self)
  File "/Users/shawnmacmini/code/odoo-16.0/odoo/api.py", line 1020, in get
    raise CacheMiss(record, field)
odoo.exceptions.CacheMiss: 'res.partner(81,).avatar_128'

During handling of the above exception, another exception occurred:

Traceback (most recent call last):
  File "/Users/shawnmacmini/code/odoo-16.0/odoo/api.py", line 1013, in get
    cache_value = field_cache[record._ids[0]]
KeyError: 81

During handling of the above exception, another exception occurred:

Traceback (most recent call last):
  File "/Users/shawnmacmini/code/odoo-16.0/odoo/fields.py", line 1161, in __get__
    value = env.cache.get(record, self)
  File "/Users/shawnmacmini/code/odoo-16.0/odoo/api.py", line 1020, in get
    raise CacheMiss(record, field)
odoo.exceptions.CacheMiss: 'res.partner(81,).image_128'

During handling of the above exception, another exception occurred:

Traceback (most recent call last):
  File "/Users/shawnmacmini/code/odoo-16.0/odoo/api.py", line 1013, in get
    cache_value = field_cache[record._ids[0]]
KeyError: 1479

During handling of the above exception, another exception occurred:

Traceback (most recent call last):
  File "/Users/shawnmacmini/code/odoo-16.0/odoo/fields.py", line 1161, in __get__
    value = env.cache.get(record, self)
  File "/Users/shawnmacmini/code/odoo-16.0/odoo/api.py", line 1020, in get
    raise CacheMiss(record, field)
odoo.exceptions.CacheMiss: 'ir.attachment(1479,).datas'

During handling of the above exception, another exception occurred:

Traceback (most recent call last):
  File "/Users/shawnmacmini/code/odoo-16.0/odoo/api.py", line 1013, in get
    cache_value = field_cache[record._ids[0]]
KeyError: 1479

During handling of the above exception, another exception occurred:

Traceback (most recent call last):
  File "/Users/shawnmacmini/code/odoo-16.0/odoo/fields.py", line 1161, in __get__
    value = env.cache.get(record, self)
  File "/Users/shawnmacmini/code/odoo-16.0/odoo/api.py", line 1020, in get
    raise CacheMiss(record, field)
odoo.exceptions.CacheMiss: 'ir.attachment(1479,).raw'

During handling of the above exception, another exception occurred:

Traceback (most recent call last):
  File "/Users/shawnmacmini/code/odoo-16.0/odoo/addons/base/models/ir_attachment.py", line 121, in _file_read
    with open(full_path, 'rb') as f:
FileNotFoundError: [Errno 2] No such file or directory: '/Users/shawnmacmini/code/odoo-16.0/.odoo-data/filestore/odoo16/dd/ddd46a08c47ac8cde114eabd6648cbc6dd7afc9e'
2025-11-01 15:20:44,313 19849 INFO odoo16 odoo.addons.base.models.ir_attachment: _read_file reading /Users/shawnmacmini/code/odoo-16.0/.odoo-data/filestore/odoo16/91/915f9bcef0bb9e19c6789f5f90cfc2ace8717618 
Traceback (most recent call last):
  File "/Users/shawnmacmini/code/odoo-16.0/odoo/api.py", line 1013, in get
    cache_value = field_cache[record._ids[0]]
KeyError: 81

During handling of the above exception, another exception occurred:

Traceback (most recent call last):
  File "/Users/shawnmacmini/code/odoo-16.0/odoo/fields.py", line 1161, in __get__
    value = env.cache.get(record, self)
  File "/Users/shawnmacmini/code/odoo-16.0/odoo/api.py", line 1020, in get
    raise CacheMiss(record, field)
odoo.exceptions.CacheMiss: 'res.partner(81,).avatar_128'

During handling of the above exception, another exception occurred:

Traceback (most recent call last):
  File "/Users/shawnmacmini/code/odoo-16.0/odoo/api.py", line 1013, in get
    cache_value = field_cache[record._ids[0]]
KeyError: 81

During handling of the above exception, another exception occurred:

Traceback (most recent call last):
  File "/Users/shawnmacmini/code/odoo-16.0/odoo/fields.py", line 1161, in __get__
    value = env.cache.get(record, self)
  File "/Users/shawnmacmini/code/odoo-16.0/odoo/api.py", line 1020, in get
    raise CacheMiss(record, field)
odoo.exceptions.CacheMiss: 'res.partner(81,).image_128'

During handling of the above exception, another exception occurred:

Traceback (most recent call last):
  File "/Users/shawnmacmini/code/odoo-16.0/odoo/api.py", line 1013, in get
    cache_value = field_cache[record._ids[0]]
KeyError: 1479

During handling of the above exception, another exception occurred:

Traceback (most recent call last):
  File "/Users/shawnmacmini/code/odoo-16.0/odoo/fields.py", line 1161, in __get__
    value = env.cache.get(record, self)
  File "/Users/shawnmacmini/code/odoo-16.0/odoo/api.py", line 1020, in get
    raise CacheMiss(record, field)
odoo.exceptions.CacheMiss: 'ir.attachment(1479,).datas'

During handling of the above exception, another exception occurred:

Traceback (most recent call last):
  File "/Users/shawnmacmini/code/odoo-16.0/odoo/api.py", line 1013, in get
    cache_value = field_cache[record._ids[0]]
KeyError: 1479

During handling of the above exception, another exception occurred:

Traceback (most recent call last):
  File "/Users/shawnmacmini/code/odoo-16.0/odoo/fields.py", line 1161, in __get__
    value = env.cache.get(record, self)
  File "/Users/shawnmacmini/code/odoo-16.0/odoo/api.py", line 1020, in get
    raise CacheMiss(record, field)
odoo.exceptions.CacheMiss: 'ir.attachment(1479,).raw'

During handling of the above exception, another exception occurred:

Traceback (most recent call last):
  File "/Users/shawnmacmini/code/odoo-16.0/odoo/addons/base/models/ir_attachment.py", line 121, in _file_read
    with open(full_path, 'rb') as f:
FileNotFoundError: [Errno 2] No such file or directory: '/Users/shawnmacmini/code/odoo-16.0/.odoo-data/filestore/odoo16/91/915f9bcef0bb9e19c6789f5f90cfc2ace8717618'
2025-11-01 15:20:44,314 19849 INFO odoo16 odoo.addons.base.models.ir_attachment: _read_file reading /Users/shawnmacmini/code/odoo-16.0/.odoo-data/filestore/odoo16/91/912addf41a52dd65e5c239eadac0dd58423fd6e6 
Traceback (most recent call last):
  File "/Users/shawnmacmini/code/odoo-16.0/odoo/api.py", line 1013, in get
    cache_value = field_cache[record._ids[0]]
KeyError: 81

During handling of the above exception, another exception occurred:

Traceback (most recent call last):
  File "/Users/shawnmacmini/code/odoo-16.0/odoo/fields.py", line 1161, in __get__
    value = env.cache.get(record, self)
  File "/Users/shawnmacmini/code/odoo-16.0/odoo/api.py", line 1020, in get
    raise CacheMiss(record, field)
odoo.exceptions.CacheMiss: 'res.partner(81,).avatar_128'

During handling of the above exception, another exception occurred:

Traceback (most recent call last):
  File "/Users/shawnmacmini/code/odoo-16.0/odoo/api.py", line 1013, in get
    cache_value = field_cache[record._ids[0]]
KeyError: 81

During handling of the above exception, another exception occurred:

Traceback (most recent call last):
  File "/Users/shawnmacmini/code/odoo-16.0/odoo/fields.py", line 1161, in __get__
    value = env.cache.get(record, self)
  File "/Users/shawnmacmini/code/odoo-16.0/odoo/api.py", line 1020, in get
    raise CacheMiss(record, field)
odoo.exceptions.CacheMiss: 'res.partner(81,).image_128'

During handling of the above exception, another exception occurred:

Traceback (most recent call last):
  File "/Users/shawnmacmini/code/odoo-16.0/odoo/api.py", line 1013, in get
    cache_value = field_cache[record._ids[0]]
KeyError: 1479

During handling of the above exception, another exception occurred:

Traceback (most recent call last):
  File "/Users/shawnmacmini/code/odoo-16.0/odoo/fields.py", line 1161, in __get__
    value = env.cache.get(record, self)
  File "/Users/shawnmacmini/code/odoo-16.0/odoo/api.py", line 1020, in get
    raise CacheMiss(record, field)
odoo.exceptions.CacheMiss: 'ir.attachment(1479,).datas'

During handling of the above exception, another exception occurred:

Traceback (most recent call last):
  File "/Users/shawnmacmini/code/odoo-16.0/odoo/api.py", line 1013, in get
    cache_value = field_cache[record._ids[0]]
KeyError: 1479

During handling of the above exception, another exception occurred:

Traceback (most recent call last):
  File "/Users/shawnmacmini/code/odoo-16.0/odoo/fields.py", line 1161, in __get__
    value = env.cache.get(record, self)
  File "/Users/shawnmacmini/code/odoo-16.0/odoo/api.py", line 1020, in get
    raise CacheMiss(record, field)
odoo.exceptions.CacheMiss: 'ir.attachment(1479,).raw'

During handling of the above exception, another exception occurred:

Traceback (most recent call last):
  File "/Users/shawnmacmini/code/odoo-16.0/odoo/addons/base/models/ir_attachment.py", line 121, in _file_read
    with open(full_path, 'rb') as f:
FileNotFoundError: [Errno 2] No such file or directory: '/Users/shawnmacmini/code/odoo-16.0/.odoo-data/filestore/odoo16/91/912addf41a52dd65e5c239eadac0dd58423fd6e6'
2025-11-01 15:20:44,314 19849 INFO odoo16 odoo.addons.base.models.ir_attachment: _read_file reading /Users/shawnmacmini/code/odoo-16.0/.odoo-data/filestore/odoo16/88/88bae33eba5a1879ca860c9d8af9dab8ee8619a1 
Traceback (most recent call last):
  File "/Users/shawnmacmini/code/odoo-16.0/odoo/api.py", line 1013, in get
    cache_value = field_cache[record._ids[0]]
KeyError: 81

During handling of the above exception, another exception occurred:

Traceback (most recent call last):
  File "/Users/shawnmacmini/code/odoo-16.0/odoo/fields.py", line 1161, in __get__
    value = env.cache.get(record, self)
  File "/Users/shawnmacmini/code/odoo-16.0/odoo/api.py", line 1020, in get
    raise CacheMiss(record, field)
odoo.exceptions.CacheMiss: 'res.partner(81,).avatar_128'

During handling of the above exception, another exception occurred:

Traceback (most recent call last):
  File "/Users/shawnmacmini/code/odoo-16.0/odoo/api.py", line 1013, in get
    cache_value = field_cache[record._ids[0]]
KeyError: 81

During handling of the above exception, another exception occurred:

Traceback (most recent call last):
  File "/Users/shawnmacmini/code/odoo-16.0/odoo/fields.py", line 1161, in __get__
    value = env.cache.get(record, self)
  File "/Users/shawnmacmini/code/odoo-16.0/odoo/api.py", line 1020, in get
    raise CacheMiss(record, field)
odoo.exceptions.CacheMiss: 'res.partner(81,).image_128'

During handling of the above exception, another exception occurred:

Traceback (most recent call last):
  File "/Users/shawnmacmini/code/odoo-16.0/odoo/api.py", line 1013, in get
    cache_value = field_cache[record._ids[0]]
KeyError: 1479

During handling of the above exception, another exception occurred:

Traceback (most recent call last):
  File "/Users/shawnmacmini/code/odoo-16.0/odoo/fields.py", line 1161, in __get__
    value = env.cache.get(record, self)
  File "/Users/shawnmacmini/code/odoo-16.0/odoo/api.py", line 1020, in get
    raise CacheMiss(record, field)
odoo.exceptions.CacheMiss: 'ir.attachment(1479,).datas'

During handling of the above exception, another exception occurred:

Traceback (most recent call last):
  File "/Users/shawnmacmini/code/odoo-16.0/odoo/api.py", line 1013, in get
    cache_value = field_cache[record._ids[0]]
KeyError: 1479

During handling of the above exception, another exception occurred:

Traceback (most recent call last):
  File "/Users/shawnmacmini/code/odoo-16.0/odoo/fields.py", line 1161, in __get__
    value = env.cache.get(record, self)
  File "/Users/shawnmacmini/code/odoo-16.0/odoo/api.py", line 1020, in get
    raise CacheMiss(record, field)
odoo.exceptions.CacheMiss: 'ir.attachment(1479,).raw'

During handling of the above exception, another exception occurred:

Traceback (most recent call last):
  File "/Users/shawnmacmini/code/odoo-16.0/odoo/addons/base/models/ir_attachment.py", line 121, in _file_read
    with open(full_path, 'rb') as f:
FileNotFoundError: [Errno 2] No such file or directory: '/Users/shawnmacmini/code/odoo-16.0/.odoo-data/filestore/odoo16/88/88bae33eba5a1879ca860c9d8af9dab8ee8619a1'
2025-11-01 15:20:44,314 19849 INFO odoo16 odoo.addons.base.models.ir_attachment: _read_file reading /Users/shawnmacmini/code/odoo-16.0/.odoo-data/filestore/odoo16/17/1790498adf3a53872405642e1e8aec0b51611697 
Traceback (most recent call last):
  File "/Users/shawnmacmini/code/odoo-16.0/odoo/api.py", line 1013, in get
    cache_value = field_cache[record._ids[0]]
KeyError: 81

During handling of the above exception, another exception occurred:

Traceback (most recent call last):
  File "/Users/shawnmacmini/code/odoo-16.0/odoo/fields.py", line 1161, in __get__
    value = env.cache.get(record, self)
  File "/Users/shawnmacmini/code/odoo-16.0/odoo/api.py", line 1020, in get
    raise CacheMiss(record, field)
odoo.exceptions.CacheMiss: 'res.partner(81,).avatar_128'

During handling of the above exception, another exception occurred:

Traceback (most recent call last):
  File "/Users/shawnmacmini/code/odoo-16.0/odoo/api.py", line 1013, in get
    cache_value = field_cache[record._ids[0]]
KeyError: 81

During handling of the above exception, another exception occurred:

Traceback (most recent call last):
  File "/Users/shawnmacmini/code/odoo-16.0/odoo/fields.py", line 1161, in __get__
    value = env.cache.get(record, self)
  File "/Users/shawnmacmini/code/odoo-16.0/odoo/api.py", line 1020, in get
    raise CacheMiss(record, field)
odoo.exceptions.CacheMiss: 'res.partner(81,).image_128'

During handling of the above exception, another exception occurred:

Traceback (most recent call last):
  File "/Users/shawnmacmini/code/odoo-16.0/odoo/api.py", line 1013, in get
    cache_value = field_cache[record._ids[0]]
KeyError: 1479

During handling of the above exception, another exception occurred:

Traceback (most recent call last):
  File "/Users/shawnmacmini/code/odoo-16.0/odoo/fields.py", line 1161, in __get__
    value = env.cache.get(record, self)
  File "/Users/shawnmacmini/code/odoo-16.0/odoo/api.py", line 1020, in get
    raise CacheMiss(record, field)
odoo.exceptions.CacheMiss: 'ir.attachment(1479,).datas'

During handling of the above exception, another exception occurred:

Traceback (most recent call last):
  File "/Users/shawnmacmini/code/odoo-16.0/odoo/api.py", line 1013, in get
    cache_value = field_cache[record._ids[0]]
KeyError: 1479

During handling of the above exception, another exception occurred:

Traceback (most recent call last):
  File "/Users/shawnmacmini/code/odoo-16.0/odoo/fields.py", line 1161, in __get__
    value = env.cache.get(record, self)
  File "/Users/shawnmacmini/code/odoo-16.0/odoo/api.py", line 1020, in get
    raise CacheMiss(record, field)
odoo.exceptions.CacheMiss: 'ir.attachment(1479,).raw'

During handling of the above exception, another exception occurred:

Traceback (most recent call last):
  File "/Users/shawnmacmini/code/odoo-16.0/odoo/addons/base/models/ir_attachment.py", line 121, in _file_read
    with open(full_path, 'rb') as f:
FileNotFoundError: [Errno 2] No such file or directory: '/Users/shawnmacmini/code/odoo-16.0/.odoo-data/filestore/odoo16/17/1790498adf3a53872405642e1e8aec0b51611697'
2025-11-01 15:20:44,315 19849 INFO odoo16 odoo.addons.base.models.ir_attachment: _read_file reading /Users/shawnmacmini/code/odoo-16.0/.odoo-data/filestore/odoo16/31/315d9b5ebb155bd8cbc91f77901e5425e000cdea 
Traceback (most recent call last):
  File "/Users/shawnmacmini/code/odoo-16.0/odoo/api.py", line 1013, in get
    cache_value = field_cache[record._ids[0]]
KeyError: 81

During handling of the above exception, another exception occurred:

Traceback (most recent call last):
  File "/Users/shawnmacmini/code/odoo-16.0/odoo/fields.py", line 1161, in __get__
    value = env.cache.get(record, self)
  File "/Users/shawnmacmini/code/odoo-16.0/odoo/api.py", line 1020, in get
    raise CacheMiss(record, field)
odoo.exceptions.CacheMiss: 'res.partner(81,).avatar_128'

During handling of the above exception, another exception occurred:

Traceback (most recent call last):
  File "/Users/shawnmacmini/code/odoo-16.0/odoo/api.py", line 1013, in get
    cache_value = field_cache[record._ids[0]]
KeyError: 81

During handling of the above exception, another exception occurred:

Traceback (most recent call last):
  File "/Users/shawnmacmini/code/odoo-16.0/odoo/fields.py", line 1161, in __get__
    value = env.cache.get(record, self)
  File "/Users/shawnmacmini/code/odoo-16.0/odoo/api.py", line 1020, in get
    raise CacheMiss(record, field)
odoo.exceptions.CacheMiss: 'res.partner(81,).image_128'

During handling of the above exception, another exception occurred:

Traceback (most recent call last):
  File "/Users/shawnmacmini/code/odoo-16.0/odoo/api.py", line 1013, in get
    cache_value = field_cache[record._ids[0]]
KeyError: 1479

During handling of the above exception, another exception occurred:

Traceback (most recent call last):
  File "/Users/shawnmacmini/code/odoo-16.0/odoo/fields.py", line 1161, in __get__
    value = env.cache.get(record, self)
  File "/Users/shawnmacmini/code/odoo-16.0/odoo/api.py", line 1020, in get
    raise CacheMiss(record, field)
odoo.exceptions.CacheMiss: 'ir.attachment(1479,).datas'

During handling of the above exception, another exception occurred:

Traceback (most recent call last):
  File "/Users/shawnmacmini/code/odoo-16.0/odoo/api.py", line 1013, in get
    cache_value = field_cache[record._ids[0]]
KeyError: 1479

During handling of the above exception, another exception occurred:

Traceback (most recent call last):
  File "/Users/shawnmacmini/code/odoo-16.0/odoo/fields.py", line 1161, in __get__
    value = env.cache.get(record, self)
  File "/Users/shawnmacmini/code/odoo-16.0/odoo/api.py", line 1020, in get
    raise CacheMiss(record, field)
odoo.exceptions.CacheMiss: 'ir.attachment(1479,).raw'

During handling of the above exception, another exception occurred:

Traceback (most recent call last):
  File "/Users/shawnmacmini/code/odoo-16.0/odoo/addons/base/models/ir_attachment.py", line 121, in _file_read
    with open(full_path, 'rb') as f:
FileNotFoundError: [Errno 2] No such file or directory: '/Users/shawnmacmini/code/odoo-16.0/.odoo-data/filestore/odoo16/31/315d9b5ebb155bd8cbc91f77901e5425e000cdea'
2025-11-01 15:20:44,315 19849 INFO odoo16 odoo.addons.base.models.ir_attachment: _read_file reading /Users/shawnmacmini/code/odoo-16.0/.odoo-data/filestore/odoo16/40/408c347002e5d3c7a119c65184b1959dac40f3d7 
Traceback (most recent call last):
  File "/Users/shawnmacmini/code/odoo-16.0/odoo/api.py", line 1013, in get
    cache_value = field_cache[record._ids[0]]
KeyError: 81

During handling of the above exception, another exception occurred:

Traceback (most recent call last):
  File "/Users/shawnmacmini/code/odoo-16.0/odoo/fields.py", line 1161, in __get__
    value = env.cache.get(record, self)
  File "/Users/shawnmacmini/code/odoo-16.0/odoo/api.py", line 1020, in get
    raise CacheMiss(record, field)
odoo.exceptions.CacheMiss: 'res.partner(81,).avatar_128'

During handling of the above exception, another exception occurred:

Traceback (most recent call last):
  File "/Users/shawnmacmini/code/odoo-16.0/odoo/api.py", line 1013, in get
    cache_value = field_cache[record._ids[0]]
KeyError: 81

During handling of the above exception, another exception occurred:

Traceback (most recent call last):
  File "/Users/shawnmacmini/code/odoo-16.0/odoo/fields.py", line 1161, in __get__
    value = env.cache.get(record, self)
  File "/Users/shawnmacmini/code/odoo-16.0/odoo/api.py", line 1020, in get
    raise CacheMiss(record, field)
odoo.exceptions.CacheMiss: 'res.partner(81,).image_128'

During handling of the above exception, another exception occurred:

Traceback (most recent call last):
  File "/Users/shawnmacmini/code/odoo-16.0/odoo/api.py", line 1013, in get
    cache_value = field_cache[record._ids[0]]
KeyError: 1479

During handling of the above exception, another exception occurred:

Traceback (most recent call last):
  File "/Users/shawnmacmini/code/odoo-16.0/odoo/fields.py", line 1161, in __get__
    value = env.cache.get(record, self)
  File "/Users/shawnmacmini/code/odoo-16.0/odoo/api.py", line 1020, in get
    raise CacheMiss(record, field)
odoo.exceptions.CacheMiss: 'ir.attachment(1479,).datas'

During handling of the above exception, another exception occurred:

Traceback (most recent call last):
  File "/Users/shawnmacmini/code/odoo-16.0/odoo/api.py", line 1013, in get
    cache_value = field_cache[record._ids[0]]
KeyError: 1479

During handling of the above exception, another exception occurred:

Traceback (most recent call last):
  File "/Users/shawnmacmini/code/odoo-16.0/odoo/fields.py", line 1161, in __get__
    value = env.cache.get(record, self)
  File "/Users/shawnmacmini/code/odoo-16.0/odoo/api.py", line 1020, in get
    raise CacheMiss(record, field)
odoo.exceptions.CacheMiss: 'ir.attachment(1479,).raw'

During handling of the above exception, another exception occurred:

Traceback (most recent call last):
  File "/Users/shawnmacmini/code/odoo-16.0/odoo/addons/base/models/ir_attachment.py", line 121, in _file_read
    with open(full_path, 'rb') as f:
FileNotFoundError: [Errno 2] No such file or directory: '/Users/shawnmacmini/code/odoo-16.0/.odoo-data/filestore/odoo16/40/408c347002e5d3c7a119c65184b1959dac40f3d7'
2025-11-01 15:20:44,315 19849 INFO odoo16 odoo.addons.base.models.ir_attachment: _read_file reading /Users/shawnmacmini/code/odoo-16.0/.odoo-data/filestore/odoo16/1b/1b70ce890ed30e8b1c07b47bc7410cc955033d3e 
Traceback (most recent call last):
  File "/Users/shawnmacmini/code/odoo-16.0/odoo/api.py", line 1013, in get
    cache_value = field_cache[record._ids[0]]
KeyError: 81

During handling of the above exception, another exception occurred:

Traceback (most recent call last):
  File "/Users/shawnmacmini/code/odoo-16.0/odoo/fields.py", line 1161, in __get__
    value = env.cache.get(record, self)
  File "/Users/shawnmacmini/code/odoo-16.0/odoo/api.py", line 1020, in get
    raise CacheMiss(record, field)
odoo.exceptions.CacheMiss: 'res.partner(81,).avatar_128'

During handling of the above exception, another exception occurred:

Traceback (most recent call last):
  File "/Users/shawnmacmini/code/odoo-16.0/odoo/api.py", line 1013, in get
    cache_value = field_cache[record._ids[0]]
KeyError: 81

During handling of the above exception, another exception occurred:

Traceback (most recent call last):
  File "/Users/shawnmacmini/code/odoo-16.0/odoo/fields.py", line 1161, in __get__
    value = env.cache.get(record, self)
  File "/Users/shawnmacmini/code/odoo-16.0/odoo/api.py", line 1020, in get
    raise CacheMiss(record, field)
odoo.exceptions.CacheMiss: 'res.partner(81,).image_128'

During handling of the above exception, another exception occurred:

Traceback (most recent call last):
  File "/Users/shawnmacmini/code/odoo-16.0/odoo/api.py", line 1013, in get
    cache_value = field_cache[record._ids[0]]
KeyError: 1479

During handling of the above exception, another exception occurred:

Traceback (most recent call last):
  File "/Users/shawnmacmini/code/odoo-16.0/odoo/fields.py", line 1161, in __get__
    value = env.cache.get(record, self)
  File "/Users/shawnmacmini/code/odoo-16.0/odoo/api.py", line 1020, in get
    raise CacheMiss(record, field)
odoo.exceptions.CacheMiss: 'ir.attachment(1479,).datas'

During handling of the above exception, another exception occurred:

Traceback (most recent call last):
  File "/Users/shawnmacmini/code/odoo-16.0/odoo/api.py", line 1013, in get
    cache_value = field_cache[record._ids[0]]
KeyError: 1479

During handling of the above exception, another exception occurred:

Traceback (most recent call last):
  File "/Users/shawnmacmini/code/odoo-16.0/odoo/fields.py", line 1161, in __get__
    value = env.cache.get(record, self)
  File "/Users/shawnmacmini/code/odoo-16.0/odoo/api.py", line 1020, in get
    raise CacheMiss(record, field)
odoo.exceptions.CacheMiss: 'ir.attachment(1479,).raw'

During handling of the above exception, another exception occurred:

Traceback (most recent call last):
  File "/Users/shawnmacmini/code/odoo-16.0/odoo/addons/base/models/ir_attachment.py", line 121, in _file_read
    with open(full_path, 'rb') as f:
FileNotFoundError: [Errno 2] No such file or directory: '/Users/shawnmacmini/code/odoo-16.0/.odoo-data/filestore/odoo16/1b/1b70ce890ed30e8b1c07b47bc7410cc955033d3e'
2025-11-01 15:20:44,315 19849 INFO odoo16 odoo.addons.base.models.ir_attachment: _read_file reading /Users/shawnmacmini/code/odoo-16.0/.odoo-data/filestore/odoo16/a8/a8f32356a22420ab63cb28b346e4b86e3c765bc6 
Traceback (most recent call last):
  File "/Users/shawnmacmini/code/odoo-16.0/odoo/api.py", line 1013, in get
    cache_value = field_cache[record._ids[0]]
KeyError: 81

During handling of the above exception, another exception occurred:

Traceback (most recent call last):
  File "/Users/shawnmacmini/code/odoo-16.0/odoo/fields.py", line 1161, in __get__
    value = env.cache.get(record, self)
  File "/Users/shawnmacmini/code/odoo-16.0/odoo/api.py", line 1020, in get
    raise CacheMiss(record, field)
odoo.exceptions.CacheMiss: 'res.partner(81,).avatar_128'

During handling of the above exception, another exception occurred:

Traceback (most recent call last):
  File "/Users/shawnmacmini/code/odoo-16.0/odoo/api.py", line 1013, in get
    cache_value = field_cache[record._ids[0]]
KeyError: 81

During handling of the above exception, another exception occurred:

Traceback (most recent call last):
  File "/Users/shawnmacmini/code/odoo-16.0/odoo/fields.py", line 1161, in __get__
    value = env.cache.get(record, self)
  File "/Users/shawnmacmini/code/odoo-16.0/odoo/api.py", line 1020, in get
    raise CacheMiss(record, field)
odoo.exceptions.CacheMiss: 'res.partner(81,).image_128'

During handling of the above exception, another exception occurred:

Traceback (most recent call last):
  File "/Users/shawnmacmini/code/odoo-16.0/odoo/api.py", line 1013, in get
    cache_value = field_cache[record._ids[0]]
KeyError: 1479

During handling of the above exception, another exception occurred:

Traceback (most recent call last):
  File "/Users/shawnmacmini/code/odoo-16.0/odoo/fields.py", line 1161, in __get__
    value = env.cache.get(record, self)
  File "/Users/shawnmacmini/code/odoo-16.0/odoo/api.py", line 1020, in get
    raise CacheMiss(record, field)
odoo.exceptions.CacheMiss: 'ir.attachment(1479,).datas'

During handling of the above exception, another exception occurred:

Traceback (most recent call last):
  File "/Users/shawnmacmini/code/odoo-16.0/odoo/api.py", line 1013, in get
    cache_value = field_cache[record._ids[0]]
KeyError: 1479

During handling of the above exception, another exception occurred:

Traceback (most recent call last):
  File "/Users/shawnmacmini/code/odoo-16.0/odoo/fields.py", line 1161, in __get__
    value = env.cache.get(record, self)
  File "/Users/shawnmacmini/code/odoo-16.0/odoo/api.py", line 1020, in get
    raise CacheMiss(record, field)
odoo.exceptions.CacheMiss: 'ir.attachment(1479,).raw'

During handling of the above exception, another exception occurred:

Traceback (most recent call last):
  File "/Users/shawnmacmini/code/odoo-16.0/odoo/addons/base/models/ir_attachment.py", line 121, in _file_read
    with open(full_path, 'rb') as f:
FileNotFoundError: [Errno 2] No such file or directory: '/Users/shawnmacmini/code/odoo-16.0/.odoo-data/filestore/odoo16/a8/a8f32356a22420ab63cb28b346e4b86e3c765bc6'
2025-11-01 15:20:44,316 19849 INFO odoo16 odoo.addons.base.models.ir_attachment: _read_file reading /Users/shawnmacmini/code/odoo-16.0/.odoo-data/filestore/odoo16/39/395009794393b7ec5f8c3faaf9823b0a3692032b 
Traceback (most recent call last):
  File "/Users/shawnmacmini/code/odoo-16.0/odoo/api.py", line 1013, in get
    cache_value = field_cache[record._ids[0]]
KeyError: 81

During handling of the above exception, another exception occurred:

Traceback (most recent call last):
  File "/Users/shawnmacmini/code/odoo-16.0/odoo/fields.py", line 1161, in __get__
    value = env.cache.get(record, self)
  File "/Users/shawnmacmini/code/odoo-16.0/odoo/api.py", line 1020, in get
    raise CacheMiss(record, field)
odoo.exceptions.CacheMiss: 'res.partner(81,).avatar_128'

During handling of the above exception, another exception occurred:

Traceback (most recent call last):
  File "/Users/shawnmacmini/code/odoo-16.0/odoo/api.py", line 1013, in get
    cache_value = field_cache[record._ids[0]]
KeyError: 81

During handling of the above exception, another exception occurred:

Traceback (most recent call last):
  File "/Users/shawnmacmini/code/odoo-16.0/odoo/fields.py", line 1161, in __get__
    value = env.cache.get(record, self)
  File "/Users/shawnmacmini/code/odoo-16.0/odoo/api.py", line 1020, in get
    raise CacheMiss(record, field)
odoo.exceptions.CacheMiss: 'res.partner(81,).image_128'

During handling of the above exception, another exception occurred:

Traceback (most recent call last):
  File "/Users/shawnmacmini/code/odoo-16.0/odoo/api.py", line 1013, in get
    cache_value = field_cache[record._ids[0]]
KeyError: 1479

During handling of the above exception, another exception occurred:

Traceback (most recent call last):
  File "/Users/shawnmacmini/code/odoo-16.0/odoo/fields.py", line 1161, in __get__
    value = env.cache.get(record, self)
  File "/Users/shawnmacmini/code/odoo-16.0/odoo/api.py", line 1020, in get
    raise CacheMiss(record, field)
odoo.exceptions.CacheMiss: 'ir.attachment(1479,).datas'

During handling of the above exception, another exception occurred:

Traceback (most recent call last):
  File "/Users/shawnmacmini/code/odoo-16.0/odoo/api.py", line 1013, in get
    cache_value = field_cache[record._ids[0]]
KeyError: 1479

During handling of the above exception, another exception occurred:

Traceback (most recent call last):
  File "/Users/shawnmacmini/code/odoo-16.0/odoo/fields.py", line 1161, in __get__
    value = env.cache.get(record, self)
  File "/Users/shawnmacmini/code/odoo-16.0/odoo/api.py", line 1020, in get
    raise CacheMiss(record, field)
odoo.exceptions.CacheMiss: 'ir.attachment(1479,).raw'

During handling of the above exception, another exception occurred:

Traceback (most recent call last):
  File "/Users/shawnmacmini/code/odoo-16.0/odoo/addons/base/models/ir_attachment.py", line 121, in _file_read
    with open(full_path, 'rb') as f:
FileNotFoundError: [Errno 2] No such file or directory: '/Users/shawnmacmini/code/odoo-16.0/.odoo-data/filestore/odoo16/39/395009794393b7ec5f8c3faaf9823b0a3692032b'
2025-11-01 15:20:44,316 19849 INFO odoo16 odoo.addons.base.models.ir_attachment: _read_file reading /Users/shawnmacmini/code/odoo-16.0/.odoo-data/filestore/odoo16/09/09edbc1c2ea2f60897be8368f54cc9d55bbefd21 
Traceback (most recent call last):
  File "/Users/shawnmacmini/code/odoo-16.0/odoo/api.py", line 1013, in get
    cache_value = field_cache[record._ids[0]]
KeyError: 81

During handling of the above exception, another exception occurred:

Traceback (most recent call last):
  File "/Users/shawnmacmini/code/odoo-16.0/odoo/fields.py", line 1161, in __get__
    value = env.cache.get(record, self)
  File "/Users/shawnmacmini/code/odoo-16.0/odoo/api.py", line 1020, in get
    raise CacheMiss(record, field)
odoo.exceptions.CacheMiss: 'res.partner(81,).avatar_128'

During handling of the above exception, another exception occurred:

Traceback (most recent call last):
  File "/Users/shawnmacmini/code/odoo-16.0/odoo/api.py", line 1013, in get
    cache_value = field_cache[record._ids[0]]
KeyError: 81

During handling of the above exception, another exception occurred:

Traceback (most recent call last):
  File "/Users/shawnmacmini/code/odoo-16.0/odoo/fields.py", line 1161, in __get__
    value = env.cache.get(record, self)
  File "/Users/shawnmacmini/code/odoo-16.0/odoo/api.py", line 1020, in get
    raise CacheMiss(record, field)
odoo.exceptions.CacheMiss: 'res.partner(81,).image_128'

During handling of the above exception, another exception occurred:

Traceback (most recent call last):
  File "/Users/shawnmacmini/code/odoo-16.0/odoo/api.py", line 1013, in get
    cache_value = field_cache[record._ids[0]]
KeyError: 1479

During handling of the above exception, another exception occurred:

Traceback (most recent call last):
  File "/Users/shawnmacmini/code/odoo-16.0/odoo/fields.py", line 1161, in __get__
    value = env.cache.get(record, self)
  File "/Users/shawnmacmini/code/odoo-16.0/odoo/api.py", line 1020, in get
    raise CacheMiss(record, field)
odoo.exceptions.CacheMiss: 'ir.attachment(1479,).datas'

During handling of the above exception, another exception occurred:

Traceback (most recent call last):
  File "/Users/shawnmacmini/code/odoo-16.0/odoo/api.py", line 1013, in get
    cache_value = field_cache[record._ids[0]]
KeyError: 1479

During handling of the above exception, another exception occurred:

Traceback (most recent call last):
  File "/Users/shawnmacmini/code/odoo-16.0/odoo/fields.py", line 1161, in __get__
    value = env.cache.get(record, self)
  File "/Users/shawnmacmini/code/odoo-16.0/odoo/api.py", line 1020, in get
    raise CacheMiss(record, field)
odoo.exceptions.CacheMiss: 'ir.attachment(1479,).raw'

During handling of the above exception, another exception occurred:

Traceback (most recent call last):
  File "/Users/shawnmacmini/code/odoo-16.0/odoo/addons/base/models/ir_attachment.py", line 121, in _file_read
    with open(full_path, 'rb') as f:
FileNotFoundError: [Errno 2] No such file or directory: '/Users/shawnmacmini/code/odoo-16.0/.odoo-data/filestore/odoo16/09/09edbc1c2ea2f60897be8368f54cc9d55bbefd21'
2025-11-01 15:20:44,316 19849 INFO odoo16 odoo.addons.base.models.ir_attachment: _read_file reading /Users/shawnmacmini/code/odoo-16.0/.odoo-data/filestore/odoo16/e0/e0d4b5b2f41d6a523b47d17100558bf3084c67b1 
Traceback (most recent call last):
  File "/Users/shawnmacmini/code/odoo-16.0/odoo/api.py", line 1013, in get
    cache_value = field_cache[record._ids[0]]
KeyError: 81

During handling of the above exception, another exception occurred:

Traceback (most recent call last):
  File "/Users/shawnmacmini/code/odoo-16.0/odoo/fields.py", line 1161, in __get__
    value = env.cache.get(record, self)
  File "/Users/shawnmacmini/code/odoo-16.0/odoo/api.py", line 1020, in get
    raise CacheMiss(record, field)
odoo.exceptions.CacheMiss: 'res.partner(81,).avatar_128'

During handling of the above exception, another exception occurred:

Traceback (most recent call last):
  File "/Users/shawnmacmini/code/odoo-16.0/odoo/api.py", line 1013, in get
    cache_value = field_cache[record._ids[0]]
KeyError: 81

During handling of the above exception, another exception occurred:

Traceback (most recent call last):
  File "/Users/shawnmacmini/code/odoo-16.0/odoo/fields.py", line 1161, in __get__
    value = env.cache.get(record, self)
  File "/Users/shawnmacmini/code/odoo-16.0/odoo/api.py", line 1020, in get
    raise CacheMiss(record, field)
odoo.exceptions.CacheMiss: 'res.partner(81,).image_128'

During handling of the above exception, another exception occurred:

Traceback (most recent call last):
  File "/Users/shawnmacmini/code/odoo-16.0/odoo/api.py", line 1013, in get
    cache_value = field_cache[record._ids[0]]
KeyError: 1479

During handling of the above exception, another exception occurred:

Traceback (most recent call last):
  File "/Users/shawnmacmini/code/odoo-16.0/odoo/fields.py", line 1161, in __get__
    value = env.cache.get(record, self)
  File "/Users/shawnmacmini/code/odoo-16.0/odoo/api.py", line 1020, in get
    raise CacheMiss(record, field)
odoo.exceptions.CacheMiss: 'ir.attachment(1479,).datas'

During handling of the above exception, another exception occurred:

Traceback (most recent call last):
  File "/Users/shawnmacmini/code/odoo-16.0/odoo/api.py", line 1013, in get
    cache_value = field_cache[record._ids[0]]
KeyError: 1479

During handling of the above exception, another exception occurred:

Traceback (most recent call last):
  File "/Users/shawnmacmini/code/odoo-16.0/odoo/fields.py", line 1161, in __get__
    value = env.cache.get(record, self)
  File "/Users/shawnmacmini/code/odoo-16.0/odoo/api.py", line 1020, in get
    raise CacheMiss(record, field)
odoo.exceptions.CacheMiss: 'ir.attachment(1479,).raw'

During handling of the above exception, another exception occurred:

Traceback (most recent call last):
  File "/Users/shawnmacmini/code/odoo-16.0/odoo/addons/base/models/ir_attachment.py", line 121, in _file_read
    with open(full_path, 'rb') as f:
FileNotFoundError: [Errno 2] No such file or directory: '/Users/shawnmacmini/code/odoo-16.0/.odoo-data/filestore/odoo16/e0/e0d4b5b2f41d6a523b47d17100558bf3084c67b1'
2025-11-01 15:20:44,316 19849 INFO odoo16 odoo.addons.base.models.ir_attachment: _read_file reading /Users/shawnmacmini/code/odoo-16.0/.odoo-data/filestore/odoo16/e0/e0d4b5b2f41d6a523b47d17100558bf3084c67b1 
Traceback (most recent call last):
  File "/Users/shawnmacmini/code/odoo-16.0/odoo/api.py", line 1013, in get
    cache_value = field_cache[record._ids[0]]
KeyError: 81

During handling of the above exception, another exception occurred:

Traceback (most recent call last):
  File "/Users/shawnmacmini/code/odoo-16.0/odoo/fields.py", line 1161, in __get__
    value = env.cache.get(record, self)
  File "/Users/shawnmacmini/code/odoo-16.0/odoo/api.py", line 1020, in get
    raise CacheMiss(record, field)
odoo.exceptions.CacheMiss: 'res.partner(81,).avatar_128'

During handling of the above exception, another exception occurred:

Traceback (most recent call last):
  File "/Users/shawnmacmini/code/odoo-16.0/odoo/api.py", line 1013, in get
    cache_value = field_cache[record._ids[0]]
KeyError: 81

During handling of the above exception, another exception occurred:

Traceback (most recent call last):
  File "/Users/shawnmacmini/code/odoo-16.0/odoo/fields.py", line 1161, in __get__
    value = env.cache.get(record, self)
  File "/Users/shawnmacmini/code/odoo-16.0/odoo/api.py", line 1020, in get
    raise CacheMiss(record, field)
odoo.exceptions.CacheMiss: 'res.partner(81,).image_128'

During handling of the above exception, another exception occurred:

Traceback (most recent call last):
  File "/Users/shawnmacmini/code/odoo-16.0/odoo/api.py", line 1013, in get
    cache_value = field_cache[record._ids[0]]
KeyError: 1479

During handling of the above exception, another exception occurred:

Traceback (most recent call last):
  File "/Users/shawnmacmini/code/odoo-16.0/odoo/fields.py", line 1161, in __get__
    value = env.cache.get(record, self)
  File "/Users/shawnmacmini/code/odoo-16.0/odoo/api.py", line 1020, in get
    raise CacheMiss(record, field)
odoo.exceptions.CacheMiss: 'ir.attachment(1479,).datas'

During handling of the above exception, another exception occurred:

Traceback (most recent call last):
  File "/Users/shawnmacmini/code/odoo-16.0/odoo/api.py", line 1013, in get
    cache_value = field_cache[record._ids[0]]
KeyError: 1479

During handling of the above exception, another exception occurred:

Traceback (most recent call last):
  File "/Users/shawnmacmini/code/odoo-16.0/odoo/fields.py", line 1161, in __get__
    value = env.cache.get(record, self)
  File "/Users/shawnmacmini/code/odoo-16.0/odoo/api.py", line 1020, in get
    raise CacheMiss(record, field)
odoo.exceptions.CacheMiss: 'ir.attachment(1479,).raw'

During handling of the above exception, another exception occurred:

Traceback (most recent call last):
  File "/Users/shawnmacmini/code/odoo-16.0/odoo/addons/base/models/ir_attachment.py", line 121, in _file_read
    with open(full_path, 'rb') as f:
FileNotFoundError: [Errno 2] No such file or directory: '/Users/shawnmacmini/code/odoo-16.0/.odoo-data/filestore/odoo16/e0/e0d4b5b2f41d6a523b47d17100558bf3084c67b1'
2025-11-01 15:20:44,317 19849 INFO odoo16 odoo.addons.base.models.ir_attachment: _read_file reading /Users/shawnmacmini/code/odoo-16.0/.odoo-data/filestore/odoo16/c3/c3c6a26666f191fc49eefbaeaebc8e9dc7c66a9f 
Traceback (most recent call last):
  File "/Users/shawnmacmini/code/odoo-16.0/odoo/api.py", line 1013, in get
    cache_value = field_cache[record._ids[0]]
KeyError: 81

During handling of the above exception, another exception occurred:

Traceback (most recent call last):
  File "/Users/shawnmacmini/code/odoo-16.0/odoo/fields.py", line 1161, in __get__
    value = env.cache.get(record, self)
  File "/Users/shawnmacmini/code/odoo-16.0/odoo/api.py", line 1020, in get
    raise CacheMiss(record, field)
odoo.exceptions.CacheMiss: 'res.partner(81,).avatar_128'

During handling of the above exception, another exception occurred:

Traceback (most recent call last):
  File "/Users/shawnmacmini/code/odoo-16.0/odoo/api.py", line 1013, in get
    cache_value = field_cache[record._ids[0]]
KeyError: 81

During handling of the above exception, another exception occurred:

Traceback (most recent call last):
  File "/Users/shawnmacmini/code/odoo-16.0/odoo/fields.py", line 1161, in __get__
    value = env.cache.get(record, self)
  File "/Users/shawnmacmini/code/odoo-16.0/odoo/api.py", line 1020, in get
    raise CacheMiss(record, field)
odoo.exceptions.CacheMiss: 'res.partner(81,).image_128'

During handling of the above exception, another exception occurred:

Traceback (most recent call last):
  File "/Users/shawnmacmini/code/odoo-16.0/odoo/api.py", line 1013, in get
    cache_value = field_cache[record._ids[0]]
KeyError: 1479

During handling of the above exception, another exception occurred:

Traceback (most recent call last):
  File "/Users/shawnmacmini/code/odoo-16.0/odoo/fields.py", line 1161, in __get__
    value = env.cache.get(record, self)
  File "/Users/shawnmacmini/code/odoo-16.0/odoo/api.py", line 1020, in get
    raise CacheMiss(record, field)
odoo.exceptions.CacheMiss: 'ir.attachment(1479,).datas'

During handling of the above exception, another exception occurred:

Traceback (most recent call last):
  File "/Users/shawnmacmini/code/odoo-16.0/odoo/api.py", line 1013, in get
    cache_value = field_cache[record._ids[0]]
KeyError: 1479

During handling of the above exception, another exception occurred:

Traceback (most recent call last):
  File "/Users/shawnmacmini/code/odoo-16.0/odoo/fields.py", line 1161, in __get__
    value = env.cache.get(record, self)
  File "/Users/shawnmacmini/code/odoo-16.0/odoo/api.py", line 1020, in get
    raise CacheMiss(record, field)
odoo.exceptions.CacheMiss: 'ir.attachment(1479,).raw'

During handling of the above exception, another exception occurred:

Traceback (most recent call last):
  File "/Users/shawnmacmini/code/odoo-16.0/odoo/addons/base/models/ir_attachment.py", line 121, in _file_read
    with open(full_path, 'rb') as f:
FileNotFoundError: [Errno 2] No such file or directory: '/Users/shawnmacmini/code/odoo-16.0/.odoo-data/filestore/odoo16/c3/c3c6a26666f191fc49eefbaeaebc8e9dc7c66a9f'
2025-11-01 15:20:44,317 19849 INFO odoo16 odoo.addons.base.models.ir_attachment: _read_file reading /Users/shawnmacmini/code/odoo-16.0/.odoo-data/filestore/odoo16/e0/e0d4b5b2f41d6a523b47d17100558bf3084c67b1 
Traceback (most recent call last):
  File "/Users/shawnmacmini/code/odoo-16.0/odoo/api.py", line 1013, in get
    cache_value = field_cache[record._ids[0]]
KeyError: 81

During handling of the above exception, another exception occurred:

Traceback (most recent call last):
  File "/Users/shawnmacmini/code/odoo-16.0/odoo/fields.py", line 1161, in __get__
    value = env.cache.get(record, self)
  File "/Users/shawnmacmini/code/odoo-16.0/odoo/api.py", line 1020, in get
    raise CacheMiss(record, field)
odoo.exceptions.CacheMiss: 'res.partner(81,).avatar_128'

During handling of the above exception, another exception occurred:

Traceback (most recent call last):
  File "/Users/shawnmacmini/code/odoo-16.0/odoo/api.py", line 1013, in get
    cache_value = field_cache[record._ids[0]]
KeyError: 81

During handling of the above exception, another exception occurred:

Traceback (most recent call last):
  File "/Users/shawnmacmini/code/odoo-16.0/odoo/fields.py", line 1161, in __get__
    value = env.cache.get(record, self)
  File "/Users/shawnmacmini/code/odoo-16.0/odoo/api.py", line 1020, in get
    raise CacheMiss(record, field)
odoo.exceptions.CacheMiss: 'res.partner(81,).image_128'

During handling of the above exception, another exception occurred:

Traceback (most recent call last):
  File "/Users/shawnmacmini/code/odoo-16.0/odoo/api.py", line 1013, in get
    cache_value = field_cache[record._ids[0]]
KeyError: 1479

During handling of the above exception, another exception occurred:

Traceback (most recent call last):
  File "/Users/shawnmacmini/code/odoo-16.0/odoo/fields.py", line 1161, in __get__
    value = env.cache.get(record, self)
  File "/Users/shawnmacmini/code/odoo-16.0/odoo/api.py", line 1020, in get
    raise CacheMiss(record, field)
odoo.exceptions.CacheMiss: 'ir.attachment(1479,).datas'

During handling of the above exception, another exception occurred:

Traceback (most recent call last):
  File "/Users/shawnmacmini/code/odoo-16.0/odoo/api.py", line 1013, in get
    cache_value = field_cache[record._ids[0]]
KeyError: 1479

During handling of the above exception, another exception occurred:

Traceback (most recent call last):
  File "/Users/shawnmacmini/code/odoo-16.0/odoo/fields.py", line 1161, in __get__
    value = env.cache.get(record, self)
  File "/Users/shawnmacmini/code/odoo-16.0/odoo/api.py", line 1020, in get
    raise CacheMiss(record, field)
odoo.exceptions.CacheMiss: 'ir.attachment(1479,).raw'

During handling of the above exception, another exception occurred:

Traceback (most recent call last):
  File "/Users/shawnmacmini/code/odoo-16.0/odoo/addons/base/models/ir_attachment.py", line 121, in _file_read
    with open(full_path, 'rb') as f:
FileNotFoundError: [Errno 2] No such file or directory: '/Users/shawnmacmini/code/odoo-16.0/.odoo-data/filestore/odoo16/e0/e0d4b5b2f41d6a523b47d17100558bf3084c67b1'
2025-11-01 15:20:44,317 19849 INFO odoo16 odoo.addons.base.models.ir_attachment: _read_file reading /Users/shawnmacmini/code/odoo-16.0/.odoo-data/filestore/odoo16/83/83d688f0f4cc8f099cf2cb350a4fa0dbd34e85e0 
Traceback (most recent call last):
  File "/Users/shawnmacmini/code/odoo-16.0/odoo/api.py", line 1013, in get
    cache_value = field_cache[record._ids[0]]
KeyError: 81

During handling of the above exception, another exception occurred:

Traceback (most recent call last):
  File "/Users/shawnmacmini/code/odoo-16.0/odoo/fields.py", line 1161, in __get__
    value = env.cache.get(record, self)
  File "/Users/shawnmacmini/code/odoo-16.0/odoo/api.py", line 1020, in get
    raise CacheMiss(record, field)
odoo.exceptions.CacheMiss: 'res.partner(81,).avatar_128'

During handling of the above exception, another exception occurred:

Traceback (most recent call last):
  File "/Users/shawnmacmini/code/odoo-16.0/odoo/api.py", line 1013, in get
    cache_value = field_cache[record._ids[0]]
KeyError: 81

During handling of the above exception, another exception occurred:

Traceback (most recent call last):
  File "/Users/shawnmacmini/code/odoo-16.0/odoo/fields.py", line 1161, in __get__
    value = env.cache.get(record, self)
  File "/Users/shawnmacmini/code/odoo-16.0/odoo/api.py", line 1020, in get
    raise CacheMiss(record, field)
odoo.exceptions.CacheMiss: 'res.partner(81,).image_128'

During handling of the above exception, another exception occurred:

Traceback (most recent call last):
  File "/Users/shawnmacmini/code/odoo-16.0/odoo/api.py", line 1013, in get
    cache_value = field_cache[record._ids[0]]
KeyError: 1479

During handling of the above exception, another exception occurred:

Traceback (most recent call last):
  File "/Users/shawnmacmini/code/odoo-16.0/odoo/fields.py", line 1161, in __get__
    value = env.cache.get(record, self)
  File "/Users/shawnmacmini/code/odoo-16.0/odoo/api.py", line 1020, in get
    raise CacheMiss(record, field)
odoo.exceptions.CacheMiss: 'ir.attachment(1479,).datas'

During handling of the above exception, another exception occurred:

Traceback (most recent call last):
  File "/Users/shawnmacmini/code/odoo-16.0/odoo/api.py", line 1013, in get
    cache_value = field_cache[record._ids[0]]
KeyError: 1479

During handling of the above exception, another exception occurred:

Traceback (most recent call last):
  File "/Users/shawnmacmini/code/odoo-16.0/odoo/fields.py", line 1161, in __get__
    value = env.cache.get(record, self)
  File "/Users/shawnmacmini/code/odoo-16.0/odoo/api.py", line 1020, in get
    raise CacheMiss(record, field)
odoo.exceptions.CacheMiss: 'ir.attachment(1479,).raw'

During handling of the above exception, another exception occurred:

Traceback (most recent call last):
  File "/Users/shawnmacmini/code/odoo-16.0/odoo/addons/base/models/ir_attachment.py", line 121, in _file_read
    with open(full_path, 'rb') as f:
FileNotFoundError: [Errno 2] No such file or directory: '/Users/shawnmacmini/code/odoo-16.0/.odoo-data/filestore/odoo16/83/83d688f0f4cc8f099cf2cb350a4fa0dbd34e85e0'
2025-11-01 15:20:44,318 19849 INFO odoo16 odoo.addons.base.models.ir_attachment: _read_file reading /Users/shawnmacmini/code/odoo-16.0/.odoo-data/filestore/odoo16/3e/3e2a2717eec2840abbbe0e325934bcb36d887409 
Traceback (most recent call last):
  File "/Users/shawnmacmini/code/odoo-16.0/odoo/api.py", line 1013, in get
    cache_value = field_cache[record._ids[0]]
KeyError: 81

During handling of the above exception, another exception occurred:

Traceback (most recent call last):
  File "/Users/shawnmacmini/code/odoo-16.0/odoo/fields.py", line 1161, in __get__
    value = env.cache.get(record, self)
  File "/Users/shawnmacmini/code/odoo-16.0/odoo/api.py", line 1020, in get
    raise CacheMiss(record, field)
odoo.exceptions.CacheMiss: 'res.partner(81,).avatar_128'

During handling of the above exception, another exception occurred:

Traceback (most recent call last):
  File "/Users/shawnmacmini/code/odoo-16.0/odoo/api.py", line 1013, in get
    cache_value = field_cache[record._ids[0]]
KeyError: 81

During handling of the above exception, another exception occurred:

Traceback (most recent call last):
  File "/Users/shawnmacmini/code/odoo-16.0/odoo/fields.py", line 1161, in __get__
    value = env.cache.get(record, self)
  File "/Users/shawnmacmini/code/odoo-16.0/odoo/api.py", line 1020, in get
    raise CacheMiss(record, field)
odoo.exceptions.CacheMiss: 'res.partner(81,).image_128'

During handling of the above exception, another exception occurred:

Traceback (most recent call last):
  File "/Users/shawnmacmini/code/odoo-16.0/odoo/api.py", line 1013, in get
    cache_value = field_cache[record._ids[0]]
KeyError: 1479

During handling of the above exception, another exception occurred:

Traceback (most recent call last):
  File "/Users/shawnmacmini/code/odoo-16.0/odoo/fields.py", line 1161, in __get__
    value = env.cache.get(record, self)
  File "/Users/shawnmacmini/code/odoo-16.0/odoo/api.py", line 1020, in get
    raise CacheMiss(record, field)
odoo.exceptions.CacheMiss: 'ir.attachment(1479,).datas'

During handling of the above exception, another exception occurred:

Traceback (most recent call last):
  File "/Users/shawnmacmini/code/odoo-16.0/odoo/api.py", line 1013, in get
    cache_value = field_cache[record._ids[0]]
KeyError: 1479

During handling of the above exception, another exception occurred:

Traceback (most recent call last):
  File "/Users/shawnmacmini/code/odoo-16.0/odoo/fields.py", line 1161, in __get__
    value = env.cache.get(record, self)
  File "/Users/shawnmacmini/code/odoo-16.0/odoo/api.py", line 1020, in get
    raise CacheMiss(record, field)
odoo.exceptions.CacheMiss: 'ir.attachment(1479,).raw'

During handling of the above exception, another exception occurred:

Traceback (most recent call last):
  File "/Users/shawnmacmini/code/odoo-16.0/odoo/addons/base/models/ir_attachment.py", line 121, in _file_read
    with open(full_path, 'rb') as f:
FileNotFoundError: [Errno 2] No such file or directory: '/Users/shawnmacmini/code/odoo-16.0/.odoo-data/filestore/odoo16/3e/3e2a2717eec2840abbbe0e325934bcb36d887409'
2025-11-01 15:20:44,318 19849 INFO odoo16 odoo.addons.base.models.ir_attachment: _read_file reading /Users/shawnmacmini/code/odoo-16.0/.odoo-data/filestore/odoo16/a1/a1600097a74b7d4407c60f4ae1f5fa425c521e52 
Traceback (most recent call last):
  File "/Users/shawnmacmini/code/odoo-16.0/odoo/api.py", line 1013, in get
    cache_value = field_cache[record._ids[0]]
KeyError: 81

During handling of the above exception, another exception occurred:

Traceback (most recent call last):
  File "/Users/shawnmacmini/code/odoo-16.0/odoo/fields.py", line 1161, in __get__
    value = env.cache.get(record, self)
  File "/Users/shawnmacmini/code/odoo-16.0/odoo/api.py", line 1020, in get
    raise CacheMiss(record, field)
odoo.exceptions.CacheMiss: 'res.partner(81,).avatar_128'

During handling of the above exception, another exception occurred:

Traceback (most recent call last):
  File "/Users/shawnmacmini/code/odoo-16.0/odoo/api.py", line 1013, in get
    cache_value = field_cache[record._ids[0]]
KeyError: 81

During handling of the above exception, another exception occurred:

Traceback (most recent call last):
  File "/Users/shawnmacmini/code/odoo-16.0/odoo/fields.py", line 1161, in __get__
    value = env.cache.get(record, self)
  File "/Users/shawnmacmini/code/odoo-16.0/odoo/api.py", line 1020, in get
    raise CacheMiss(record, field)
odoo.exceptions.CacheMiss: 'res.partner(81,).image_128'

During handling of the above exception, another exception occurred:

Traceback (most recent call last):
  File "/Users/shawnmacmini/code/odoo-16.0/odoo/api.py", line 1013, in get
    cache_value = field_cache[record._ids[0]]
KeyError: 1479

During handling of the above exception, another exception occurred:

Traceback (most recent call last):
  File "/Users/shawnmacmini/code/odoo-16.0/odoo/fields.py", line 1161, in __get__
    value = env.cache.get(record, self)
  File "/Users/shawnmacmini/code/odoo-16.0/odoo/api.py", line 1020, in get
    raise CacheMiss(record, field)
odoo.exceptions.CacheMiss: 'ir.attachment(1479,).datas'

During handling of the above exception, another exception occurred:

Traceback (most recent call last):
  File "/Users/shawnmacmini/code/odoo-16.0/odoo/api.py", line 1013, in get
    cache_value = field_cache[record._ids[0]]
KeyError: 1479

During handling of the above exception, another exception occurred:

Traceback (most recent call last):
  File "/Users/shawnmacmini/code/odoo-16.0/odoo/fields.py", line 1161, in __get__
    value = env.cache.get(record, self)
  File "/Users/shawnmacmini/code/odoo-16.0/odoo/api.py", line 1020, in get
    raise CacheMiss(record, field)
odoo.exceptions.CacheMiss: 'ir.attachment(1479,).raw'

During handling of the above exception, another exception occurred:

Traceback (most recent call last):
  File "/Users/shawnmacmini/code/odoo-16.0/odoo/addons/base/models/ir_attachment.py", line 121, in _file_read
    with open(full_path, 'rb') as f:
FileNotFoundError: [Errno 2] No such file or directory: '/Users/shawnmacmini/code/odoo-16.0/.odoo-data/filestore/odoo16/a1/a1600097a74b7d4407c60f4ae1f5fa425c521e52'
2025-11-01 15:20:44,318 19849 INFO odoo16 odoo.addons.base.models.ir_attachment: _read_file reading /Users/shawnmacmini/code/odoo-16.0/.odoo-data/filestore/odoo16/c1/c1340aab02061837c0c3c94bfacace3534d4ffc7 
Traceback (most recent call last):
  File "/Users/shawnmacmini/code/odoo-16.0/odoo/api.py", line 1013, in get
    cache_value = field_cache[record._ids[0]]
KeyError: 81

During handling of the above exception, another exception occurred:

Traceback (most recent call last):
  File "/Users/shawnmacmini/code/odoo-16.0/odoo/fields.py", line 1161, in __get__
    value = env.cache.get(record, self)
  File "/Users/shawnmacmini/code/odoo-16.0/odoo/api.py", line 1020, in get
    raise CacheMiss(record, field)
odoo.exceptions.CacheMiss: 'res.partner(81,).avatar_128'

During handling of the above exception, another exception occurred:

Traceback (most recent call last):
  File "/Users/shawnmacmini/code/odoo-16.0/odoo/api.py", line 1013, in get
    cache_value = field_cache[record._ids[0]]
KeyError: 81

During handling of the above exception, another exception occurred:

Traceback (most recent call last):
  File "/Users/shawnmacmini/code/odoo-16.0/odoo/fields.py", line 1161, in __get__
    value = env.cache.get(record, self)
  File "/Users/shawnmacmini/code/odoo-16.0/odoo/api.py", line 1020, in get
    raise CacheMiss(record, field)
odoo.exceptions.CacheMiss: 'res.partner(81,).image_128'

During handling of the above exception, another exception occurred:

Traceback (most recent call last):
  File "/Users/shawnmacmini/code/odoo-16.0/odoo/api.py", line 1013, in get
    cache_value = field_cache[record._ids[0]]
KeyError: 1479

During handling of the above exception, another exception occurred:

Traceback (most recent call last):
  File "/Users/shawnmacmini/code/odoo-16.0/odoo/fields.py", line 1161, in __get__
    value = env.cache.get(record, self)
  File "/Users/shawnmacmini/code/odoo-16.0/odoo/api.py", line 1020, in get
    raise CacheMiss(record, field)
odoo.exceptions.CacheMiss: 'ir.attachment(1479,).datas'

During handling of the above exception, another exception occurred:

Traceback (most recent call last):
  File "/Users/shawnmacmini/code/odoo-16.0/odoo/api.py", line 1013, in get
    cache_value = field_cache[record._ids[0]]
KeyError: 1479

During handling of the above exception, another exception occurred:

Traceback (most recent call last):
  File "/Users/shawnmacmini/code/odoo-16.0/odoo/fields.py", line 1161, in __get__
    value = env.cache.get(record, self)
  File "/Users/shawnmacmini/code/odoo-16.0/odoo/api.py", line 1020, in get
    raise CacheMiss(record, field)
odoo.exceptions.CacheMiss: 'ir.attachment(1479,).raw'

During handling of the above exception, another exception occurred:

Traceback (most recent call last):
  File "/Users/shawnmacmini/code/odoo-16.0/odoo/addons/base/models/ir_attachment.py", line 121, in _file_read
    with open(full_path, 'rb') as f:
FileNotFoundError: [Errno 2] No such file or directory: '/Users/shawnmacmini/code/odoo-16.0/.odoo-data/filestore/odoo16/c1/c1340aab02061837c0c3c94bfacace3534d4ffc7'
2025-11-01 15:20:44,318 19849 INFO odoo16 odoo.addons.base.models.ir_attachment: _read_file reading /Users/shawnmacmini/code/odoo-16.0/.odoo-data/filestore/odoo16/8a/8ab946e90d0263f19993389417ff2b0779c34b32 
Traceback (most recent call last):
  File "/Users/shawnmacmini/code/odoo-16.0/odoo/api.py", line 1013, in get
    cache_value = field_cache[record._ids[0]]
KeyError: 81

During handling of the above exception, another exception occurred:

Traceback (most recent call last):
  File "/Users/shawnmacmini/code/odoo-16.0/odoo/fields.py", line 1161, in __get__
    value = env.cache.get(record, self)
  File "/Users/shawnmacmini/code/odoo-16.0/odoo/api.py", line 1020, in get
    raise CacheMiss(record, field)
odoo.exceptions.CacheMiss: 'res.partner(81,).avatar_128'

During handling of the above exception, another exception occurred:

Traceback (most recent call last):
  File "/Users/shawnmacmini/code/odoo-16.0/odoo/api.py", line 1013, in get
    cache_value = field_cache[record._ids[0]]
KeyError: 81

During handling of the above exception, another exception occurred:

Traceback (most recent call last):
  File "/Users/shawnmacmini/code/odoo-16.0/odoo/fields.py", line 1161, in __get__
    value = env.cache.get(record, self)
  File "/Users/shawnmacmini/code/odoo-16.0/odoo/api.py", line 1020, in get
    raise CacheMiss(record, field)
odoo.exceptions.CacheMiss: 'res.partner(81,).image_128'

During handling of the above exception, another exception occurred:

Traceback (most recent call last):
  File "/Users/shawnmacmini/code/odoo-16.0/odoo/api.py", line 1013, in get
    cache_value = field_cache[record._ids[0]]
KeyError: 1479

During handling of the above exception, another exception occurred:

Traceback (most recent call last):
  File "/Users/shawnmacmini/code/odoo-16.0/odoo/fields.py", line 1161, in __get__
    value = env.cache.get(record, self)
  File "/Users/shawnmacmini/code/odoo-16.0/odoo/api.py", line 1020, in get
    raise CacheMiss(record, field)
odoo.exceptions.CacheMiss: 'ir.attachment(1479,).datas'

During handling of the above exception, another exception occurred:

Traceback (most recent call last):
  File "/Users/shawnmacmini/code/odoo-16.0/odoo/api.py", line 1013, in get
    cache_value = field_cache[record._ids[0]]
KeyError: 1479

During handling of the above exception, another exception occurred:

Traceback (most recent call last):
  File "/Users/shawnmacmini/code/odoo-16.0/odoo/fields.py", line 1161, in __get__
    value = env.cache.get(record, self)
  File "/Users/shawnmacmini/code/odoo-16.0/odoo/api.py", line 1020, in get
    raise CacheMiss(record, field)
odoo.exceptions.CacheMiss: 'ir.attachment(1479,).raw'

During handling of the above exception, another exception occurred:

Traceback (most recent call last):
  File "/Users/shawnmacmini/code/odoo-16.0/odoo/addons/base/models/ir_attachment.py", line 121, in _file_read
    with open(full_path, 'rb') as f:
FileNotFoundError: [Errno 2] No such file or directory: '/Users/shawnmacmini/code/odoo-16.0/.odoo-data/filestore/odoo16/8a/8ab946e90d0263f19993389417ff2b0779c34b32'
2025-11-01 15:20:44,319 19849 INFO odoo16 odoo.addons.base.models.ir_attachment: _read_file reading /Users/shawnmacmini/code/odoo-16.0/.odoo-data/filestore/odoo16/d5/d5a76a0e9e771e444c01717e50b65e667040330a 
Traceback (most recent call last):
  File "/Users/shawnmacmini/code/odoo-16.0/odoo/api.py", line 1013, in get
    cache_value = field_cache[record._ids[0]]
KeyError: 81

During handling of the above exception, another exception occurred:

Traceback (most recent call last):
  File "/Users/shawnmacmini/code/odoo-16.0/odoo/fields.py", line 1161, in __get__
    value = env.cache.get(record, self)
  File "/Users/shawnmacmini/code/odoo-16.0/odoo/api.py", line 1020, in get
    raise CacheMiss(record, field)
odoo.exceptions.CacheMiss: 'res.partner(81,).avatar_128'

During handling of the above exception, another exception occurred:

Traceback (most recent call last):
  File "/Users/shawnmacmini/code/odoo-16.0/odoo/api.py", line 1013, in get
    cache_value = field_cache[record._ids[0]]
KeyError: 81

During handling of the above exception, another exception occurred:

Traceback (most recent call last):
  File "/Users/shawnmacmini/code/odoo-16.0/odoo/fields.py", line 1161, in __get__
    value = env.cache.get(record, self)
  File "/Users/shawnmacmini/code/odoo-16.0/odoo/api.py", line 1020, in get
    raise CacheMiss(record, field)
odoo.exceptions.CacheMiss: 'res.partner(81,).image_128'

During handling of the above exception, another exception occurred:

Traceback (most recent call last):
  File "/Users/shawnmacmini/code/odoo-16.0/odoo/api.py", line 1013, in get
    cache_value = field_cache[record._ids[0]]
KeyError: 1479

During handling of the above exception, another exception occurred:

Traceback (most recent call last):
  File "/Users/shawnmacmini/code/odoo-16.0/odoo/fields.py", line 1161, in __get__
    value = env.cache.get(record, self)
  File "/Users/shawnmacmini/code/odoo-16.0/odoo/api.py", line 1020, in get
    raise CacheMiss(record, field)
odoo.exceptions.CacheMiss: 'ir.attachment(1479,).datas'

During handling of the above exception, another exception occurred:

Traceback (most recent call last):
  File "/Users/shawnmacmini/code/odoo-16.0/odoo/api.py", line 1013, in get
    cache_value = field_cache[record._ids[0]]
KeyError: 1479

During handling of the above exception, another exception occurred:

Traceback (most recent call last):
  File "/Users/shawnmacmini/code/odoo-16.0/odoo/fields.py", line 1161, in __get__
    value = env.cache.get(record, self)
  File "/Users/shawnmacmini/code/odoo-16.0/odoo/api.py", line 1020, in get
    raise CacheMiss(record, field)
odoo.exceptions.CacheMiss: 'ir.attachment(1479,).raw'

During handling of the above exception, another exception occurred:

Traceback (most recent call last):
  File "/Users/shawnmacmini/code/odoo-16.0/odoo/addons/base/models/ir_attachment.py", line 121, in _file_read
    with open(full_path, 'rb') as f:
FileNotFoundError: [Errno 2] No such file or directory: '/Users/shawnmacmini/code/odoo-16.0/.odoo-data/filestore/odoo16/d5/d5a76a0e9e771e444c01717e50b65e667040330a'
2025-11-01 15:20:44,319 19849 INFO odoo16 odoo.addons.base.models.ir_attachment: _read_file reading /Users/shawnmacmini/code/odoo-16.0/.odoo-data/filestore/odoo16/7d/7d2eb6cad924d15a60cf92bad5f00a6685dd29ac 
Traceback (most recent call last):
  File "/Users/shawnmacmini/code/odoo-16.0/odoo/api.py", line 1013, in get
    cache_value = field_cache[record._ids[0]]
KeyError: 81

During handling of the above exception, another exception occurred:

Traceback (most recent call last):
  File "/Users/shawnmacmini/code/odoo-16.0/odoo/fields.py", line 1161, in __get__
    value = env.cache.get(record, self)
  File "/Users/shawnmacmini/code/odoo-16.0/odoo/api.py", line 1020, in get
    raise CacheMiss(record, field)
odoo.exceptions.CacheMiss: 'res.partner(81,).avatar_128'

During handling of the above exception, another exception occurred:

Traceback (most recent call last):
  File "/Users/shawnmacmini/code/odoo-16.0/odoo/api.py", line 1013, in get
    cache_value = field_cache[record._ids[0]]
KeyError: 81

During handling of the above exception, another exception occurred:

Traceback (most recent call last):
  File "/Users/shawnmacmini/code/odoo-16.0/odoo/fields.py", line 1161, in __get__
    value = env.cache.get(record, self)
  File "/Users/shawnmacmini/code/odoo-16.0/odoo/api.py", line 1020, in get
    raise CacheMiss(record, field)
odoo.exceptions.CacheMiss: 'res.partner(81,).image_128'

During handling of the above exception, another exception occurred:

Traceback (most recent call last):
  File "/Users/shawnmacmini/code/odoo-16.0/odoo/api.py", line 1013, in get
    cache_value = field_cache[record._ids[0]]
KeyError: 1479

During handling of the above exception, another exception occurred:

Traceback (most recent call last):
  File "/Users/shawnmacmini/code/odoo-16.0/odoo/fields.py", line 1161, in __get__
    value = env.cache.get(record, self)
  File "/Users/shawnmacmini/code/odoo-16.0/odoo/api.py", line 1020, in get
    raise CacheMiss(record, field)
odoo.exceptions.CacheMiss: 'ir.attachment(1479,).datas'

During handling of the above exception, another exception occurred:

Traceback (most recent call last):
  File "/Users/shawnmacmini/code/odoo-16.0/odoo/api.py", line 1013, in get
    cache_value = field_cache[record._ids[0]]
KeyError: 1479

During handling of the above exception, another exception occurred:

Traceback (most recent call last):
  File "/Users/shawnmacmini/code/odoo-16.0/odoo/fields.py", line 1161, in __get__
    value = env.cache.get(record, self)
  File "/Users/shawnmacmini/code/odoo-16.0/odoo/api.py", line 1020, in get
    raise CacheMiss(record, field)
odoo.exceptions.CacheMiss: 'ir.attachment(1479,).raw'

During handling of the above exception, another exception occurred:

Traceback (most recent call last):
  File "/Users/shawnmacmini/code/odoo-16.0/odoo/addons/base/models/ir_attachment.py", line 121, in _file_read
    with open(full_path, 'rb') as f:
FileNotFoundError: [Errno 2] No such file or directory: '/Users/shawnmacmini/code/odoo-16.0/.odoo-data/filestore/odoo16/7d/7d2eb6cad924d15a60cf92bad5f00a6685dd29ac'
2025-11-01 15:20:44,319 19849 INFO odoo16 odoo.addons.base.models.ir_attachment: _read_file reading /Users/shawnmacmini/code/odoo-16.0/.odoo-data/filestore/odoo16/06/06a538b8b393cede62a0c00a4e683e54b1268441 
Traceback (most recent call last):
  File "/Users/shawnmacmini/code/odoo-16.0/odoo/api.py", line 1013, in get
    cache_value = field_cache[record._ids[0]]
KeyError: 81

During handling of the above exception, another exception occurred:

Traceback (most recent call last):
  File "/Users/shawnmacmini/code/odoo-16.0/odoo/fields.py", line 1161, in __get__
    value = env.cache.get(record, self)
  File "/Users/shawnmacmini/code/odoo-16.0/odoo/api.py", line 1020, in get
    raise CacheMiss(record, field)
odoo.exceptions.CacheMiss: 'res.partner(81,).avatar_128'

During handling of the above exception, another exception occurred:

Traceback (most recent call last):
  File "/Users/shawnmacmini/code/odoo-16.0/odoo/api.py", line 1013, in get
    cache_value = field_cache[record._ids[0]]
KeyError: 81

During handling of the above exception, another exception occurred:

Traceback (most recent call last):
  File "/Users/shawnmacmini/code/odoo-16.0/odoo/fields.py", line 1161, in __get__
    value = env.cache.get(record, self)
  File "/Users/shawnmacmini/code/odoo-16.0/odoo/api.py", line 1020, in get
    raise CacheMiss(record, field)
odoo.exceptions.CacheMiss: 'res.partner(81,).image_128'

During handling of the above exception, another exception occurred:

Traceback (most recent call last):
  File "/Users/shawnmacmini/code/odoo-16.0/odoo/api.py", line 1013, in get
    cache_value = field_cache[record._ids[0]]
KeyError: 1479

During handling of the above exception, another exception occurred:

Traceback (most recent call last):
  File "/Users/shawnmacmini/code/odoo-16.0/odoo/fields.py", line 1161, in __get__
    value = env.cache.get(record, self)
  File "/Users/shawnmacmini/code/odoo-16.0/odoo/api.py", line 1020, in get
    raise CacheMiss(record, field)
odoo.exceptions.CacheMiss: 'ir.attachment(1479,).datas'

During handling of the above exception, another exception occurred:

Traceback (most recent call last):
  File "/Users/shawnmacmini/code/odoo-16.0/odoo/api.py", line 1013, in get
    cache_value = field_cache[record._ids[0]]
KeyError: 1479

During handling of the above exception, another exception occurred:

Traceback (most recent call last):
  File "/Users/shawnmacmini/code/odoo-16.0/odoo/fields.py", line 1161, in __get__
    value = env.cache.get(record, self)
  File "/Users/shawnmacmini/code/odoo-16.0/odoo/api.py", line 1020, in get
    raise CacheMiss(record, field)
odoo.exceptions.CacheMiss: 'ir.attachment(1479,).raw'

During handling of the above exception, another exception occurred:

Traceback (most recent call last):
  File "/Users/shawnmacmini/code/odoo-16.0/odoo/addons/base/models/ir_attachment.py", line 121, in _file_read
    with open(full_path, 'rb') as f:
FileNotFoundError: [Errno 2] No such file or directory: '/Users/shawnmacmini/code/odoo-16.0/.odoo-data/filestore/odoo16/06/06a538b8b393cede62a0c00a4e683e54b1268441'
2025-11-01 15:20:44,319 19849 INFO odoo16 odoo.addons.base.models.ir_attachment: _read_file reading /Users/shawnmacmini/code/odoo-16.0/.odoo-data/filestore/odoo16/7d/7dbfe519d334d518b6f8c8e3afcafec5e758112e 
Traceback (most recent call last):
  File "/Users/shawnmacmini/code/odoo-16.0/odoo/api.py", line 1013, in get
    cache_value = field_cache[record._ids[0]]
KeyError: 81

During handling of the above exception, another exception occurred:

Traceback (most recent call last):
  File "/Users/shawnmacmini/code/odoo-16.0/odoo/fields.py", line 1161, in __get__
    value = env.cache.get(record, self)
  File "/Users/shawnmacmini/code/odoo-16.0/odoo/api.py", line 1020, in get
    raise CacheMiss(record, field)
odoo.exceptions.CacheMiss: 'res.partner(81,).avatar_128'

During handling of the above exception, another exception occurred:

Traceback (most recent call last):
  File "/Users/shawnmacmini/code/odoo-16.0/odoo/api.py", line 1013, in get
    cache_value = field_cache[record._ids[0]]
KeyError: 81

During handling of the above exception, another exception occurred:

Traceback (most recent call last):
  File "/Users/shawnmacmini/code/odoo-16.0/odoo/fields.py", line 1161, in __get__
    value = env.cache.get(record, self)
  File "/Users/shawnmacmini/code/odoo-16.0/odoo/api.py", line 1020, in get
    raise CacheMiss(record, field)
odoo.exceptions.CacheMiss: 'res.partner(81,).image_128'

During handling of the above exception, another exception occurred:

Traceback (most recent call last):
  File "/Users/shawnmacmini/code/odoo-16.0/odoo/api.py", line 1013, in get
    cache_value = field_cache[record._ids[0]]
KeyError: 1479

During handling of the above exception, another exception occurred:

Traceback (most recent call last):
  File "/Users/shawnmacmini/code/odoo-16.0/odoo/fields.py", line 1161, in __get__
    value = env.cache.get(record, self)
  File "/Users/shawnmacmini/code/odoo-16.0/odoo/api.py", line 1020, in get
    raise CacheMiss(record, field)
odoo.exceptions.CacheMiss: 'ir.attachment(1479,).datas'

During handling of the above exception, another exception occurred:

Traceback (most recent call last):
  File "/Users/shawnmacmini/code/odoo-16.0/odoo/api.py", line 1013, in get
    cache_value = field_cache[record._ids[0]]
KeyError: 1479

During handling of the above exception, another exception occurred:

Traceback (most recent call last):
  File "/Users/shawnmacmini/code/odoo-16.0/odoo/fields.py", line 1161, in __get__
    value = env.cache.get(record, self)
  File "/Users/shawnmacmini/code/odoo-16.0/odoo/api.py", line 1020, in get
    raise CacheMiss(record, field)
odoo.exceptions.CacheMiss: 'ir.attachment(1479,).raw'

During handling of the above exception, another exception occurred:

Traceback (most recent call last):
  File "/Users/shawnmacmini/code/odoo-16.0/odoo/addons/base/models/ir_attachment.py", line 121, in _file_read
    with open(full_path, 'rb') as f:
FileNotFoundError: [Errno 2] No such file or directory: '/Users/shawnmacmini/code/odoo-16.0/.odoo-data/filestore/odoo16/7d/7dbfe519d334d518b6f8c8e3afcafec5e758112e'
2025-11-01 15:20:44,320 19849 INFO odoo16 odoo.addons.base.models.ir_attachment: _read_file reading /Users/shawnmacmini/code/odoo-16.0/.odoo-data/filestore/odoo16/58/58a54b94f7ed9dcb9f1d2baa8a5e385f3abe0597 
Traceback (most recent call last):
  File "/Users/shawnmacmini/code/odoo-16.0/odoo/api.py", line 1013, in get
    cache_value = field_cache[record._ids[0]]
KeyError: 81

During handling of the above exception, another exception occurred:

Traceback (most recent call last):
  File "/Users/shawnmacmini/code/odoo-16.0/odoo/fields.py", line 1161, in __get__
    value = env.cache.get(record, self)
  File "/Users/shawnmacmini/code/odoo-16.0/odoo/api.py", line 1020, in get
    raise CacheMiss(record, field)
odoo.exceptions.CacheMiss: 'res.partner(81,).avatar_128'

During handling of the above exception, another exception occurred:

Traceback (most recent call last):
  File "/Users/shawnmacmini/code/odoo-16.0/odoo/api.py", line 1013, in get
    cache_value = field_cache[record._ids[0]]
KeyError: 81

During handling of the above exception, another exception occurred:

Traceback (most recent call last):
  File "/Users/shawnmacmini/code/odoo-16.0/odoo/fields.py", line 1161, in __get__
    value = env.cache.get(record, self)
  File "/Users/shawnmacmini/code/odoo-16.0/odoo/api.py", line 1020, in get
    raise CacheMiss(record, field)
odoo.exceptions.CacheMiss: 'res.partner(81,).image_128'

During handling of the above exception, another exception occurred:

Traceback (most recent call last):
  File "/Users/shawnmacmini/code/odoo-16.0/odoo/api.py", line 1013, in get
    cache_value = field_cache[record._ids[0]]
KeyError: 1479

During handling of the above exception, another exception occurred:

Traceback (most recent call last):
  File "/Users/shawnmacmini/code/odoo-16.0/odoo/fields.py", line 1161, in __get__
    value = env.cache.get(record, self)
  File "/Users/shawnmacmini/code/odoo-16.0/odoo/api.py", line 1020, in get
    raise CacheMiss(record, field)
odoo.exceptions.CacheMiss: 'ir.attachment(1479,).datas'

During handling of the above exception, another exception occurred:

Traceback (most recent call last):
  File "/Users/shawnmacmini/code/odoo-16.0/odoo/api.py", line 1013, in get
    cache_value = field_cache[record._ids[0]]
KeyError: 1479

During handling of the above exception, another exception occurred:

Traceback (most recent call last):
  File "/Users/shawnmacmini/code/odoo-16.0/odoo/fields.py", line 1161, in __get__
    value = env.cache.get(record, self)
  File "/Users/shawnmacmini/code/odoo-16.0/odoo/api.py", line 1020, in get
    raise CacheMiss(record, field)
odoo.exceptions.CacheMiss: 'ir.attachment(1479,).raw'

During handling of the above exception, another exception occurred:

Traceback (most recent call last):
  File "/Users/shawnmacmini/code/odoo-16.0/odoo/addons/base/models/ir_attachment.py", line 121, in _file_read
    with open(full_path, 'rb') as f:
FileNotFoundError: [Errno 2] No such file or directory: '/Users/shawnmacmini/code/odoo-16.0/.odoo-data/filestore/odoo16/58/58a54b94f7ed9dcb9f1d2baa8a5e385f3abe0597'
2025-11-01 15:20:44,320 19849 INFO odoo16 odoo.addons.base.models.ir_attachment: _read_file reading /Users/shawnmacmini/code/odoo-16.0/.odoo-data/filestore/odoo16/52/52430a11dd26a23a0ce513777909d4fcfb9c395a 
Traceback (most recent call last):
  File "/Users/shawnmacmini/code/odoo-16.0/odoo/api.py", line 1013, in get
    cache_value = field_cache[record._ids[0]]
KeyError: 81

During handling of the above exception, another exception occurred:

Traceback (most recent call last):
  File "/Users/shawnmacmini/code/odoo-16.0/odoo/fields.py", line 1161, in __get__
    value = env.cache.get(record, self)
  File "/Users/shawnmacmini/code/odoo-16.0/odoo/api.py", line 1020, in get
    raise CacheMiss(record, field)
odoo.exceptions.CacheMiss: 'res.partner(81,).avatar_128'

During handling of the above exception, another exception occurred:

Traceback (most recent call last):
  File "/Users/shawnmacmini/code/odoo-16.0/odoo/api.py", line 1013, in get
    cache_value = field_cache[record._ids[0]]
KeyError: 81

During handling of the above exception, another exception occurred:

Traceback (most recent call last):
  File "/Users/shawnmacmini/code/odoo-16.0/odoo/fields.py", line 1161, in __get__
    value = env.cache.get(record, self)
  File "/Users/shawnmacmini/code/odoo-16.0/odoo/api.py", line 1020, in get
    raise CacheMiss(record, field)
odoo.exceptions.CacheMiss: 'res.partner(81,).image_128'

During handling of the above exception, another exception occurred:

Traceback (most recent call last):
  File "/Users/shawnmacmini/code/odoo-16.0/odoo/api.py", line 1013, in get
    cache_value = field_cache[record._ids[0]]
KeyError: 1479

During handling of the above exception, another exception occurred:

Traceback (most recent call last):
  File "/Users/shawnmacmini/code/odoo-16.0/odoo/fields.py", line 1161, in __get__
    value = env.cache.get(record, self)
  File "/Users/shawnmacmini/code/odoo-16.0/odoo/api.py", line 1020, in get
    raise CacheMiss(record, field)
odoo.exceptions.CacheMiss: 'ir.attachment(1479,).datas'

During handling of the above exception, another exception occurred:

Traceback (most recent call last):
  File "/Users/shawnmacmini/code/odoo-16.0/odoo/api.py", line 1013, in get
    cache_value = field_cache[record._ids[0]]
KeyError: 1479

During handling of the above exception, another exception occurred:

Traceback (most recent call last):
  File "/Users/shawnmacmini/code/odoo-16.0/odoo/fields.py", line 1161, in __get__
    value = env.cache.get(record, self)
  File "/Users/shawnmacmini/code/odoo-16.0/odoo/api.py", line 1020, in get
    raise CacheMiss(record, field)
odoo.exceptions.CacheMiss: 'ir.attachment(1479,).raw'

During handling of the above exception, another exception occurred:

Traceback (most recent call last):
  File "/Users/shawnmacmini/code/odoo-16.0/odoo/addons/base/models/ir_attachment.py", line 121, in _file_read
    with open(full_path, 'rb') as f:
FileNotFoundError: [Errno 2] No such file or directory: '/Users/shawnmacmini/code/odoo-16.0/.odoo-data/filestore/odoo16/52/52430a11dd26a23a0ce513777909d4fcfb9c395a'
2025-11-01 15:20:44,320 19849 INFO odoo16 odoo.addons.base.models.ir_attachment: _read_file reading /Users/shawnmacmini/code/odoo-16.0/.odoo-data/filestore/odoo16/63/63d4ba80def55da294e5ecc6a94b9d450860cb65 
Traceback (most recent call last):
  File "/Users/shawnmacmini/code/odoo-16.0/odoo/api.py", line 1013, in get
    cache_value = field_cache[record._ids[0]]
KeyError: 81

During handling of the above exception, another exception occurred:

Traceback (most recent call last):
  File "/Users/shawnmacmini/code/odoo-16.0/odoo/fields.py", line 1161, in __get__
    value = env.cache.get(record, self)
  File "/Users/shawnmacmini/code/odoo-16.0/odoo/api.py", line 1020, in get
    raise CacheMiss(record, field)
odoo.exceptions.CacheMiss: 'res.partner(81,).avatar_128'

During handling of the above exception, another exception occurred:

Traceback (most recent call last):
  File "/Users/shawnmacmini/code/odoo-16.0/odoo/api.py", line 1013, in get
    cache_value = field_cache[record._ids[0]]
KeyError: 81

During handling of the above exception, another exception occurred:

Traceback (most recent call last):
  File "/Users/shawnmacmini/code/odoo-16.0/odoo/fields.py", line 1161, in __get__
    value = env.cache.get(record, self)
  File "/Users/shawnmacmini/code/odoo-16.0/odoo/api.py", line 1020, in get
    raise CacheMiss(record, field)
odoo.exceptions.CacheMiss: 'res.partner(81,).image_128'

During handling of the above exception, another exception occurred:

Traceback (most recent call last):
  File "/Users/shawnmacmini/code/odoo-16.0/odoo/api.py", line 1013, in get
    cache_value = field_cache[record._ids[0]]
KeyError: 1479

During handling of the above exception, another exception occurred:

Traceback (most recent call last):
  File "/Users/shawnmacmini/code/odoo-16.0/odoo/fields.py", line 1161, in __get__
    value = env.cache.get(record, self)
  File "/Users/shawnmacmini/code/odoo-16.0/odoo/api.py", line 1020, in get
    raise CacheMiss(record, field)
odoo.exceptions.CacheMiss: 'ir.attachment(1479,).datas'

During handling of the above exception, another exception occurred:

Traceback (most recent call last):
  File "/Users/shawnmacmini/code/odoo-16.0/odoo/api.py", line 1013, in get
    cache_value = field_cache[record._ids[0]]
KeyError: 1479

During handling of the above exception, another exception occurred:

Traceback (most recent call last):
  File "/Users/shawnmacmini/code/odoo-16.0/odoo/fields.py", line 1161, in __get__
    value = env.cache.get(record, self)
  File "/Users/shawnmacmini/code/odoo-16.0/odoo/api.py", line 1020, in get
    raise CacheMiss(record, field)
odoo.exceptions.CacheMiss: 'ir.attachment(1479,).raw'

During handling of the above exception, another exception occurred:

Traceback (most recent call last):
  File "/Users/shawnmacmini/code/odoo-16.0/odoo/addons/base/models/ir_attachment.py", line 121, in _file_read
    with open(full_path, 'rb') as f:
FileNotFoundError: [Errno 2] No such file or directory: '/Users/shawnmacmini/code/odoo-16.0/.odoo-data/filestore/odoo16/63/63d4ba80def55da294e5ecc6a94b9d450860cb65'
2025-11-01 15:20:44,321 19849 INFO odoo16 odoo.addons.base.models.ir_attachment: _read_file reading /Users/shawnmacmini/code/odoo-16.0/.odoo-data/filestore/odoo16/18/180ea12a2fb2289fcfcedea56049c17a840a0736 
Traceback (most recent call last):
  File "/Users/shawnmacmini/code/odoo-16.0/odoo/api.py", line 1013, in get
    cache_value = field_cache[record._ids[0]]
KeyError: 81

During handling of the above exception, another exception occurred:

Traceback (most recent call last):
  File "/Users/shawnmacmini/code/odoo-16.0/odoo/fields.py", line 1161, in __get__
    value = env.cache.get(record, self)
  File "/Users/shawnmacmini/code/odoo-16.0/odoo/api.py", line 1020, in get
    raise CacheMiss(record, field)
odoo.exceptions.CacheMiss: 'res.partner(81,).avatar_128'

During handling of the above exception, another exception occurred:

Traceback (most recent call last):
  File "/Users/shawnmacmini/code/odoo-16.0/odoo/api.py", line 1013, in get
    cache_value = field_cache[record._ids[0]]
KeyError: 81

During handling of the above exception, another exception occurred:

Traceback (most recent call last):
  File "/Users/shawnmacmini/code/odoo-16.0/odoo/fields.py", line 1161, in __get__
    value = env.cache.get(record, self)
  File "/Users/shawnmacmini/code/odoo-16.0/odoo/api.py", line 1020, in get
    raise CacheMiss(record, field)
odoo.exceptions.CacheMiss: 'res.partner(81,).image_128'

During handling of the above exception, another exception occurred:

Traceback (most recent call last):
  File "/Users/shawnmacmini/code/odoo-16.0/odoo/api.py", line 1013, in get
    cache_value = field_cache[record._ids[0]]
KeyError: 1479

During handling of the above exception, another exception occurred:

Traceback (most recent call last):
  File "/Users/shawnmacmini/code/odoo-16.0/odoo/fields.py", line 1161, in __get__
    value = env.cache.get(record, self)
  File "/Users/shawnmacmini/code/odoo-16.0/odoo/api.py", line 1020, in get
    raise CacheMiss(record, field)
odoo.exceptions.CacheMiss: 'ir.attachment(1479,).datas'

During handling of the above exception, another exception occurred:

Traceback (most recent call last):
  File "/Users/shawnmacmini/code/odoo-16.0/odoo/api.py", line 1013, in get
    cache_value = field_cache[record._ids[0]]
KeyError: 1479

During handling of the above exception, another exception occurred:

Traceback (most recent call last):
  File "/Users/shawnmacmini/code/odoo-16.0/odoo/fields.py", line 1161, in __get__
    value = env.cache.get(record, self)
  File "/Users/shawnmacmini/code/odoo-16.0/odoo/api.py", line 1020, in get
    raise CacheMiss(record, field)
odoo.exceptions.CacheMiss: 'ir.attachment(1479,).raw'

During handling of the above exception, another exception occurred:

Traceback (most recent call last):
  File "/Users/shawnmacmini/code/odoo-16.0/odoo/addons/base/models/ir_attachment.py", line 121, in _file_read
    with open(full_path, 'rb') as f:
FileNotFoundError: [Errno 2] No such file or directory: '/Users/shawnmacmini/code/odoo-16.0/.odoo-data/filestore/odoo16/18/180ea12a2fb2289fcfcedea56049c17a840a0736'
2025-11-01 15:20:44,321 19849 INFO odoo16 odoo.addons.base.models.ir_attachment: _read_file reading /Users/shawnmacmini/code/odoo-16.0/.odoo-data/filestore/odoo16/ce/cebcd6a1510ed163049e1ac0b81e3eec738ee7de 
Traceback (most recent call last):
  File "/Users/shawnmacmini/code/odoo-16.0/odoo/api.py", line 1013, in get
    cache_value = field_cache[record._ids[0]]
KeyError: 81

During handling of the above exception, another exception occurred:

Traceback (most recent call last):
  File "/Users/shawnmacmini/code/odoo-16.0/odoo/fields.py", line 1161, in __get__
    value = env.cache.get(record, self)
  File "/Users/shawnmacmini/code/odoo-16.0/odoo/api.py", line 1020, in get
    raise CacheMiss(record, field)
odoo.exceptions.CacheMiss: 'res.partner(81,).avatar_128'

During handling of the above exception, another exception occurred:

Traceback (most recent call last):
  File "/Users/shawnmacmini/code/odoo-16.0/odoo/api.py", line 1013, in get
    cache_value = field_cache[record._ids[0]]
KeyError: 81

During handling of the above exception, another exception occurred:

Traceback (most recent call last):
  File "/Users/shawnmacmini/code/odoo-16.0/odoo/fields.py", line 1161, in __get__
    value = env.cache.get(record, self)
  File "/Users/shawnmacmini/code/odoo-16.0/odoo/api.py", line 1020, in get
    raise CacheMiss(record, field)
odoo.exceptions.CacheMiss: 'res.partner(81,).image_128'

During handling of the above exception, another exception occurred:

Traceback (most recent call last):
  File "/Users/shawnmacmini/code/odoo-16.0/odoo/api.py", line 1013, in get
    cache_value = field_cache[record._ids[0]]
KeyError: 1479

During handling of the above exception, another exception occurred:

Traceback (most recent call last):
  File "/Users/shawnmacmini/code/odoo-16.0/odoo/fields.py", line 1161, in __get__
    value = env.cache.get(record, self)
  File "/Users/shawnmacmini/code/odoo-16.0/odoo/api.py", line 1020, in get
    raise CacheMiss(record, field)
odoo.exceptions.CacheMiss: 'ir.attachment(1479,).datas'

During handling of the above exception, another exception occurred:

Traceback (most recent call last):
  File "/Users/shawnmacmini/code/odoo-16.0/odoo/api.py", line 1013, in get
    cache_value = field_cache[record._ids[0]]
KeyError: 1479

During handling of the above exception, another exception occurred:

Traceback (most recent call last):
  File "/Users/shawnmacmini/code/odoo-16.0/odoo/fields.py", line 1161, in __get__
    value = env.cache.get(record, self)
  File "/Users/shawnmacmini/code/odoo-16.0/odoo/api.py", line 1020, in get
    raise CacheMiss(record, field)
odoo.exceptions.CacheMiss: 'ir.attachment(1479,).raw'

During handling of the above exception, another exception occurred:

Traceback (most recent call last):
  File "/Users/shawnmacmini/code/odoo-16.0/odoo/addons/base/models/ir_attachment.py", line 121, in _file_read
    with open(full_path, 'rb') as f:
FileNotFoundError: [Errno 2] No such file or directory: '/Users/shawnmacmini/code/odoo-16.0/.odoo-data/filestore/odoo16/ce/cebcd6a1510ed163049e1ac0b81e3eec738ee7de'
2025-11-01 15:20:44,321 19849 INFO odoo16 odoo.addons.base.models.ir_attachment: _read_file reading /Users/shawnmacmini/code/odoo-16.0/.odoo-data/filestore/odoo16/f0/f0068698d805597da85a9b9a5e24888373dc2168 
Traceback (most recent call last):
  File "/Users/shawnmacmini/code/odoo-16.0/odoo/api.py", line 1013, in get
    cache_value = field_cache[record._ids[0]]
KeyError: 81

During handling of the above exception, another exception occurred:

Traceback (most recent call last):
  File "/Users/shawnmacmini/code/odoo-16.0/odoo/fields.py", line 1161, in __get__
    value = env.cache.get(record, self)
  File "/Users/shawnmacmini/code/odoo-16.0/odoo/api.py", line 1020, in get
    raise CacheMiss(record, field)
odoo.exceptions.CacheMiss: 'res.partner(81,).avatar_128'

During handling of the above exception, another exception occurred:

Traceback (most recent call last):
  File "/Users/shawnmacmini/code/odoo-16.0/odoo/api.py", line 1013, in get
    cache_value = field_cache[record._ids[0]]
KeyError: 81

During handling of the above exception, another exception occurred:

Traceback (most recent call last):
  File "/Users/shawnmacmini/code/odoo-16.0/odoo/fields.py", line 1161, in __get__
    value = env.cache.get(record, self)
  File "/Users/shawnmacmini/code/odoo-16.0/odoo/api.py", line 1020, in get
    raise CacheMiss(record, field)
odoo.exceptions.CacheMiss: 'res.partner(81,).image_128'

During handling of the above exception, another exception occurred:

Traceback (most recent call last):
  File "/Users/shawnmacmini/code/odoo-16.0/odoo/api.py", line 1013, in get
    cache_value = field_cache[record._ids[0]]
KeyError: 1479

During handling of the above exception, another exception occurred:

Traceback (most recent call last):
  File "/Users/shawnmacmini/code/odoo-16.0/odoo/fields.py", line 1161, in __get__
    value = env.cache.get(record, self)
  File "/Users/shawnmacmini/code/odoo-16.0/odoo/api.py", line 1020, in get
    raise CacheMiss(record, field)
odoo.exceptions.CacheMiss: 'ir.attachment(1479,).datas'

During handling of the above exception, another exception occurred:

Traceback (most recent call last):
  File "/Users/shawnmacmini/code/odoo-16.0/odoo/api.py", line 1013, in get
    cache_value = field_cache[record._ids[0]]
KeyError: 1479

During handling of the above exception, another exception occurred:

Traceback (most recent call last):
  File "/Users/shawnmacmini/code/odoo-16.0/odoo/fields.py", line 1161, in __get__
    value = env.cache.get(record, self)
  File "/Users/shawnmacmini/code/odoo-16.0/odoo/api.py", line 1020, in get
    raise CacheMiss(record, field)
odoo.exceptions.CacheMiss: 'ir.attachment(1479,).raw'

During handling of the above exception, another exception occurred:

Traceback (most recent call last):
  File "/Users/shawnmacmini/code/odoo-16.0/odoo/addons/base/models/ir_attachment.py", line 121, in _file_read
    with open(full_path, 'rb') as f:
FileNotFoundError: [Errno 2] No such file or directory: '/Users/shawnmacmini/code/odoo-16.0/.odoo-data/filestore/odoo16/f0/f0068698d805597da85a9b9a5e24888373dc2168'
2025-11-01 15:20:44,321 19849 INFO odoo16 odoo.addons.base.models.ir_attachment: _read_file reading /Users/shawnmacmini/code/odoo-16.0/.odoo-data/filestore/odoo16/c8/c8fd583925c09ec326a3b997cd044a0ad7636db7 
Traceback (most recent call last):
  File "/Users/shawnmacmini/code/odoo-16.0/odoo/api.py", line 1013, in get
    cache_value = field_cache[record._ids[0]]
KeyError: 81

During handling of the above exception, another exception occurred:

Traceback (most recent call last):
  File "/Users/shawnmacmini/code/odoo-16.0/odoo/fields.py", line 1161, in __get__
    value = env.cache.get(record, self)
  File "/Users/shawnmacmini/code/odoo-16.0/odoo/api.py", line 1020, in get
    raise CacheMiss(record, field)
odoo.exceptions.CacheMiss: 'res.partner(81,).avatar_128'

During handling of the above exception, another exception occurred:

Traceback (most recent call last):
  File "/Users/shawnmacmini/code/odoo-16.0/odoo/api.py", line 1013, in get
    cache_value = field_cache[record._ids[0]]
KeyError: 81

During handling of the above exception, another exception occurred:

Traceback (most recent call last):
  File "/Users/shawnmacmini/code/odoo-16.0/odoo/fields.py", line 1161, in __get__
    value = env.cache.get(record, self)
  File "/Users/shawnmacmini/code/odoo-16.0/odoo/api.py", line 1020, in get
    raise CacheMiss(record, field)
odoo.exceptions.CacheMiss: 'res.partner(81,).image_128'

During handling of the above exception, another exception occurred:

Traceback (most recent call last):
  File "/Users/shawnmacmini/code/odoo-16.0/odoo/api.py", line 1013, in get
    cache_value = field_cache[record._ids[0]]
KeyError: 1479

During handling of the above exception, another exception occurred:

Traceback (most recent call last):
  File "/Users/shawnmacmini/code/odoo-16.0/odoo/fields.py", line 1161, in __get__
    value = env.cache.get(record, self)
  File "/Users/shawnmacmini/code/odoo-16.0/odoo/api.py", line 1020, in get
    raise CacheMiss(record, field)
odoo.exceptions.CacheMiss: 'ir.attachment(1479,).datas'

During handling of the above exception, another exception occurred:

Traceback (most recent call last):
  File "/Users/shawnmacmini/code/odoo-16.0/odoo/api.py", line 1013, in get
    cache_value = field_cache[record._ids[0]]
KeyError: 1479

During handling of the above exception, another exception occurred:

Traceback (most recent call last):
  File "/Users/shawnmacmini/code/odoo-16.0/odoo/fields.py", line 1161, in __get__
    value = env.cache.get(record, self)
  File "/Users/shawnmacmini/code/odoo-16.0/odoo/api.py", line 1020, in get
    raise CacheMiss(record, field)
odoo.exceptions.CacheMiss: 'ir.attachment(1479,).raw'

During handling of the above exception, another exception occurred:

Traceback (most recent call last):
  File "/Users/shawnmacmini/code/odoo-16.0/odoo/addons/base/models/ir_attachment.py", line 121, in _file_read
    with open(full_path, 'rb') as f:
FileNotFoundError: [Errno 2] No such file or directory: '/Users/shawnmacmini/code/odoo-16.0/.odoo-data/filestore/odoo16/c8/c8fd583925c09ec326a3b997cd044a0ad7636db7'
2025-11-01 15:20:44,321 19849 INFO odoo16 odoo.addons.base.models.ir_attachment: _read_file reading /Users/shawnmacmini/code/odoo-16.0/.odoo-data/filestore/odoo16/d6/d694aedb3fd293b0ad70a7ee7cbc4c0918d51d21 
Traceback (most recent call last):
  File "/Users/shawnmacmini/code/odoo-16.0/odoo/api.py", line 1013, in get
    cache_value = field_cache[record._ids[0]]
KeyError: 81

During handling of the above exception, another exception occurred:

Traceback (most recent call last):
  File "/Users/shawnmacmini/code/odoo-16.0/odoo/fields.py", line 1161, in __get__
    value = env.cache.get(record, self)
  File "/Users/shawnmacmini/code/odoo-16.0/odoo/api.py", line 1020, in get
    raise CacheMiss(record, field)
odoo.exceptions.CacheMiss: 'res.partner(81,).avatar_128'

During handling of the above exception, another exception occurred:

Traceback (most recent call last):
  File "/Users/shawnmacmini/code/odoo-16.0/odoo/api.py", line 1013, in get
    cache_value = field_cache[record._ids[0]]
KeyError: 81

During handling of the above exception, another exception occurred:

Traceback (most recent call last):
  File "/Users/shawnmacmini/code/odoo-16.0/odoo/fields.py", line 1161, in __get__
    value = env.cache.get(record, self)
  File "/Users/shawnmacmini/code/odoo-16.0/odoo/api.py", line 1020, in get
    raise CacheMiss(record, field)
odoo.exceptions.CacheMiss: 'res.partner(81,).image_128'

During handling of the above exception, another exception occurred:

Traceback (most recent call last):
  File "/Users/shawnmacmini/code/odoo-16.0/odoo/api.py", line 1013, in get
    cache_value = field_cache[record._ids[0]]
KeyError: 1479

During handling of the above exception, another exception occurred:

Traceback (most recent call last):
  File "/Users/shawnmacmini/code/odoo-16.0/odoo/fields.py", line 1161, in __get__
    value = env.cache.get(record, self)
  File "/Users/shawnmacmini/code/odoo-16.0/odoo/api.py", line 1020, in get
    raise CacheMiss(record, field)
odoo.exceptions.CacheMiss: 'ir.attachment(1479,).datas'

During handling of the above exception, another exception occurred:

Traceback (most recent call last):
  File "/Users/shawnmacmini/code/odoo-16.0/odoo/api.py", line 1013, in get
    cache_value = field_cache[record._ids[0]]
KeyError: 1479

During handling of the above exception, another exception occurred:

Traceback (most recent call last):
  File "/Users/shawnmacmini/code/odoo-16.0/odoo/fields.py", line 1161, in __get__
    value = env.cache.get(record, self)
  File "/Users/shawnmacmini/code/odoo-16.0/odoo/api.py", line 1020, in get
    raise CacheMiss(record, field)
odoo.exceptions.CacheMiss: 'ir.attachment(1479,).raw'

During handling of the above exception, another exception occurred:

Traceback (most recent call last):
  File "/Users/shawnmacmini/code/odoo-16.0/odoo/addons/base/models/ir_attachment.py", line 121, in _file_read
    with open(full_path, 'rb') as f:
FileNotFoundError: [Errno 2] No such file or directory: '/Users/shawnmacmini/code/odoo-16.0/.odoo-data/filestore/odoo16/d6/d694aedb3fd293b0ad70a7ee7cbc4c0918d51d21'
2025-11-01 15:20:44,322 19849 INFO odoo16 odoo.addons.base.models.ir_attachment: _read_file reading /Users/shawnmacmini/code/odoo-16.0/.odoo-data/filestore/odoo16/b2/b29e8936556376421844858012fc6c634f96752d 
Traceback (most recent call last):
  File "/Users/shawnmacmini/code/odoo-16.0/odoo/api.py", line 1013, in get
    cache_value = field_cache[record._ids[0]]
KeyError: 81

During handling of the above exception, another exception occurred:

Traceback (most recent call last):
  File "/Users/shawnmacmini/code/odoo-16.0/odoo/fields.py", line 1161, in __get__
    value = env.cache.get(record, self)
  File "/Users/shawnmacmini/code/odoo-16.0/odoo/api.py", line 1020, in get
    raise CacheMiss(record, field)
odoo.exceptions.CacheMiss: 'res.partner(81,).avatar_128'

During handling of the above exception, another exception occurred:

Traceback (most recent call last):
  File "/Users/shawnmacmini/code/odoo-16.0/odoo/api.py", line 1013, in get
    cache_value = field_cache[record._ids[0]]
KeyError: 81

During handling of the above exception, another exception occurred:

Traceback (most recent call last):
  File "/Users/shawnmacmini/code/odoo-16.0/odoo/fields.py", line 1161, in __get__
    value = env.cache.get(record, self)
  File "/Users/shawnmacmini/code/odoo-16.0/odoo/api.py", line 1020, in get
    raise CacheMiss(record, field)
odoo.exceptions.CacheMiss: 'res.partner(81,).image_128'

During handling of the above exception, another exception occurred:

Traceback (most recent call last):
  File "/Users/shawnmacmini/code/odoo-16.0/odoo/api.py", line 1013, in get
    cache_value = field_cache[record._ids[0]]
KeyError: 1479

During handling of the above exception, another exception occurred:

Traceback (most recent call last):
  File "/Users/shawnmacmini/code/odoo-16.0/odoo/fields.py", line 1161, in __get__
    value = env.cache.get(record, self)
  File "/Users/shawnmacmini/code/odoo-16.0/odoo/api.py", line 1020, in get
    raise CacheMiss(record, field)
odoo.exceptions.CacheMiss: 'ir.attachment(1479,).datas'

During handling of the above exception, another exception occurred:

Traceback (most recent call last):
  File "/Users/shawnmacmini/code/odoo-16.0/odoo/api.py", line 1013, in get
    cache_value = field_cache[record._ids[0]]
KeyError: 1479

During handling of the above exception, another exception occurred:

Traceback (most recent call last):
  File "/Users/shawnmacmini/code/odoo-16.0/odoo/fields.py", line 1161, in __get__
    value = env.cache.get(record, self)
  File "/Users/shawnmacmini/code/odoo-16.0/odoo/api.py", line 1020, in get
    raise CacheMiss(record, field)
odoo.exceptions.CacheMiss: 'ir.attachment(1479,).raw'

During handling of the above exception, another exception occurred:

Traceback (most recent call last):
  File "/Users/shawnmacmini/code/odoo-16.0/odoo/addons/base/models/ir_attachment.py", line 121, in _file_read
    with open(full_path, 'rb') as f:
FileNotFoundError: [Errno 2] No such file or directory: '/Users/shawnmacmini/code/odoo-16.0/.odoo-data/filestore/odoo16/b2/b29e8936556376421844858012fc6c634f96752d'
2025-11-01 15:20:44,322 19849 INFO odoo16 odoo.addons.base.models.ir_attachment: _read_file reading /Users/shawnmacmini/code/odoo-16.0/.odoo-data/filestore/odoo16/8b/8bcd1ed212fb444a25a01a0316c702e121384935 
Traceback (most recent call last):
  File "/Users/shawnmacmini/code/odoo-16.0/odoo/api.py", line 1013, in get
    cache_value = field_cache[record._ids[0]]
KeyError: 81

During handling of the above exception, another exception occurred:

Traceback (most recent call last):
  File "/Users/shawnmacmini/code/odoo-16.0/odoo/fields.py", line 1161, in __get__
    value = env.cache.get(record, self)
  File "/Users/shawnmacmini/code/odoo-16.0/odoo/api.py", line 1020, in get
    raise CacheMiss(record, field)
odoo.exceptions.CacheMiss: 'res.partner(81,).avatar_128'

During handling of the above exception, another exception occurred:

Traceback (most recent call last):
  File "/Users/shawnmacmini/code/odoo-16.0/odoo/api.py", line 1013, in get
    cache_value = field_cache[record._ids[0]]
KeyError: 81

During handling of the above exception, another exception occurred:

Traceback (most recent call last):
  File "/Users/shawnmacmini/code/odoo-16.0/odoo/fields.py", line 1161, in __get__
    value = env.cache.get(record, self)
  File "/Users/shawnmacmini/code/odoo-16.0/odoo/api.py", line 1020, in get
    raise CacheMiss(record, field)
odoo.exceptions.CacheMiss: 'res.partner(81,).image_128'

During handling of the above exception, another exception occurred:

Traceback (most recent call last):
  File "/Users/shawnmacmini/code/odoo-16.0/odoo/api.py", line 1013, in get
    cache_value = field_cache[record._ids[0]]
KeyError: 1479

During handling of the above exception, another exception occurred:

Traceback (most recent call last):
  File "/Users/shawnmacmini/code/odoo-16.0/odoo/fields.py", line 1161, in __get__
    value = env.cache.get(record, self)
  File "/Users/shawnmacmini/code/odoo-16.0/odoo/api.py", line 1020, in get
    raise CacheMiss(record, field)
odoo.exceptions.CacheMiss: 'ir.attachment(1479,).datas'

During handling of the above exception, another exception occurred:

Traceback (most recent call last):
  File "/Users/shawnmacmini/code/odoo-16.0/odoo/api.py", line 1013, in get
    cache_value = field_cache[record._ids[0]]
KeyError: 1479

During handling of the above exception, another exception occurred:

Traceback (most recent call last):
  File "/Users/shawnmacmini/code/odoo-16.0/odoo/fields.py", line 1161, in __get__
    value = env.cache.get(record, self)
  File "/Users/shawnmacmini/code/odoo-16.0/odoo/api.py", line 1020, in get
    raise CacheMiss(record, field)
odoo.exceptions.CacheMiss: 'ir.attachment(1479,).raw'

During handling of the above exception, another exception occurred:

Traceback (most recent call last):
  File "/Users/shawnmacmini/code/odoo-16.0/odoo/addons/base/models/ir_attachment.py", line 121, in _file_read
    with open(full_path, 'rb') as f:
FileNotFoundError: [Errno 2] No such file or directory: '/Users/shawnmacmini/code/odoo-16.0/.odoo-data/filestore/odoo16/8b/8bcd1ed212fb444a25a01a0316c702e121384935'
2025-11-01 15:20:44,322 19849 INFO odoo16 odoo.addons.base.models.ir_attachment: _read_file reading /Users/shawnmacmini/code/odoo-16.0/.odoo-data/filestore/odoo16/6c/6c9541e39119d72b2a5707076f90f7f3eab3ea32 
Traceback (most recent call last):
  File "/Users/shawnmacmini/code/odoo-16.0/odoo/api.py", line 1013, in get
    cache_value = field_cache[record._ids[0]]
KeyError: 81

During handling of the above exception, another exception occurred:

Traceback (most recent call last):
  File "/Users/shawnmacmini/code/odoo-16.0/odoo/fields.py", line 1161, in __get__
    value = env.cache.get(record, self)
  File "/Users/shawnmacmini/code/odoo-16.0/odoo/api.py", line 1020, in get
    raise CacheMiss(record, field)
odoo.exceptions.CacheMiss: 'res.partner(81,).avatar_128'

During handling of the above exception, another exception occurred:

Traceback (most recent call last):
  File "/Users/shawnmacmini/code/odoo-16.0/odoo/api.py", line 1013, in get
    cache_value = field_cache[record._ids[0]]
KeyError: 81

During handling of the above exception, another exception occurred:

Traceback (most recent call last):
  File "/Users/shawnmacmini/code/odoo-16.0/odoo/fields.py", line 1161, in __get__
    value = env.cache.get(record, self)
  File "/Users/shawnmacmini/code/odoo-16.0/odoo/api.py", line 1020, in get
    raise CacheMiss(record, field)
odoo.exceptions.CacheMiss: 'res.partner(81,).image_128'

During handling of the above exception, another exception occurred:

Traceback (most recent call last):
  File "/Users/shawnmacmini/code/odoo-16.0/odoo/api.py", line 1013, in get
    cache_value = field_cache[record._ids[0]]
KeyError: 1479

During handling of the above exception, another exception occurred:

Traceback (most recent call last):
  File "/Users/shawnmacmini/code/odoo-16.0/odoo/fields.py", line 1161, in __get__
    value = env.cache.get(record, self)
  File "/Users/shawnmacmini/code/odoo-16.0/odoo/api.py", line 1020, in get
    raise CacheMiss(record, field)
odoo.exceptions.CacheMiss: 'ir.attachment(1479,).datas'

During handling of the above exception, another exception occurred:

Traceback (most recent call last):
  File "/Users/shawnmacmini/code/odoo-16.0/odoo/api.py", line 1013, in get
    cache_value = field_cache[record._ids[0]]
KeyError: 1479

During handling of the above exception, another exception occurred:

Traceback (most recent call last):
  File "/Users/shawnmacmini/code/odoo-16.0/odoo/fields.py", line 1161, in __get__
    value = env.cache.get(record, self)
  File "/Users/shawnmacmini/code/odoo-16.0/odoo/api.py", line 1020, in get
    raise CacheMiss(record, field)
odoo.exceptions.CacheMiss: 'ir.attachment(1479,).raw'

During handling of the above exception, another exception occurred:

Traceback (most recent call last):
  File "/Users/shawnmacmini/code/odoo-16.0/odoo/addons/base/models/ir_attachment.py", line 121, in _file_read
    with open(full_path, 'rb') as f:
FileNotFoundError: [Errno 2] No such file or directory: '/Users/shawnmacmini/code/odoo-16.0/.odoo-data/filestore/odoo16/6c/6c9541e39119d72b2a5707076f90f7f3eab3ea32'
2025-11-01 15:20:44,322 19849 INFO odoo16 odoo.addons.base.models.ir_attachment: _read_file reading /Users/shawnmacmini/code/odoo-16.0/.odoo-data/filestore/odoo16/0c/0c78f98ea899bf4e50afdbc01263fcc9fd0a3206 
Traceback (most recent call last):
  File "/Users/shawnmacmini/code/odoo-16.0/odoo/api.py", line 1013, in get
    cache_value = field_cache[record._ids[0]]
KeyError: 81

During handling of the above exception, another exception occurred:

Traceback (most recent call last):
  File "/Users/shawnmacmini/code/odoo-16.0/odoo/fields.py", line 1161, in __get__
    value = env.cache.get(record, self)
  File "/Users/shawnmacmini/code/odoo-16.0/odoo/api.py", line 1020, in get
    raise CacheMiss(record, field)
odoo.exceptions.CacheMiss: 'res.partner(81,).avatar_128'

During handling of the above exception, another exception occurred:

Traceback (most recent call last):
  File "/Users/shawnmacmini/code/odoo-16.0/odoo/api.py", line 1013, in get
    cache_value = field_cache[record._ids[0]]
KeyError: 81

During handling of the above exception, another exception occurred:

Traceback (most recent call last):
  File "/Users/shawnmacmini/code/odoo-16.0/odoo/fields.py", line 1161, in __get__
    value = env.cache.get(record, self)
  File "/Users/shawnmacmini/code/odoo-16.0/odoo/api.py", line 1020, in get
    raise CacheMiss(record, field)
odoo.exceptions.CacheMiss: 'res.partner(81,).image_128'

During handling of the above exception, another exception occurred:

Traceback (most recent call last):
  File "/Users/shawnmacmini/code/odoo-16.0/odoo/api.py", line 1013, in get
    cache_value = field_cache[record._ids[0]]
KeyError: 1479

During handling of the above exception, another exception occurred:

Traceback (most recent call last):
  File "/Users/shawnmacmini/code/odoo-16.0/odoo/fields.py", line 1161, in __get__
    value = env.cache.get(record, self)
  File "/Users/shawnmacmini/code/odoo-16.0/odoo/api.py", line 1020, in get
    raise CacheMiss(record, field)
odoo.exceptions.CacheMiss: 'ir.attachment(1479,).datas'

During handling of the above exception, another exception occurred:

Traceback (most recent call last):
  File "/Users/shawnmacmini/code/odoo-16.0/odoo/api.py", line 1013, in get
    cache_value = field_cache[record._ids[0]]
KeyError: 1479

During handling of the above exception, another exception occurred:

Traceback (most recent call last):
  File "/Users/shawnmacmini/code/odoo-16.0/odoo/fields.py", line 1161, in __get__
    value = env.cache.get(record, self)
  File "/Users/shawnmacmini/code/odoo-16.0/odoo/api.py", line 1020, in get
    raise CacheMiss(record, field)
odoo.exceptions.CacheMiss: 'ir.attachment(1479,).raw'

During handling of the above exception, another exception occurred:

Traceback (most recent call last):
  File "/Users/shawnmacmini/code/odoo-16.0/odoo/addons/base/models/ir_attachment.py", line 121, in _file_read
    with open(full_path, 'rb') as f:
FileNotFoundError: [Errno 2] No such file or directory: '/Users/shawnmacmini/code/odoo-16.0/.odoo-data/filestore/odoo16/0c/0c78f98ea899bf4e50afdbc01263fcc9fd0a3206'
2025-11-01 15:20:44,323 19849 INFO odoo16 odoo.addons.base.models.ir_attachment: _read_file reading /Users/shawnmacmini/code/odoo-16.0/.odoo-data/filestore/odoo16/88/88a7693befb72024fccf723230df1eaa90a35658 
Traceback (most recent call last):
  File "/Users/shawnmacmini/code/odoo-16.0/odoo/api.py", line 1013, in get
    cache_value = field_cache[record._ids[0]]
KeyError: 81

During handling of the above exception, another exception occurred:

Traceback (most recent call last):
  File "/Users/shawnmacmini/code/odoo-16.0/odoo/fields.py", line 1161, in __get__
    value = env.cache.get(record, self)
  File "/Users/shawnmacmini/code/odoo-16.0/odoo/api.py", line 1020, in get
    raise CacheMiss(record, field)
odoo.exceptions.CacheMiss: 'res.partner(81,).avatar_128'

During handling of the above exception, another exception occurred:

Traceback (most recent call last):
  File "/Users/shawnmacmini/code/odoo-16.0/odoo/api.py", line 1013, in get
    cache_value = field_cache[record._ids[0]]
KeyError: 81

During handling of the above exception, another exception occurred:

Traceback (most recent call last):
  File "/Users/shawnmacmini/code/odoo-16.0/odoo/fields.py", line 1161, in __get__
    value = env.cache.get(record, self)
  File "/Users/shawnmacmini/code/odoo-16.0/odoo/api.py", line 1020, in get
    raise CacheMiss(record, field)
odoo.exceptions.CacheMiss: 'res.partner(81,).image_128'

During handling of the above exception, another exception occurred:

Traceback (most recent call last):
  File "/Users/shawnmacmini/code/odoo-16.0/odoo/api.py", line 1013, in get
    cache_value = field_cache[record._ids[0]]
KeyError: 1479

During handling of the above exception, another exception occurred:

Traceback (most recent call last):
  File "/Users/shawnmacmini/code/odoo-16.0/odoo/fields.py", line 1161, in __get__
    value = env.cache.get(record, self)
  File "/Users/shawnmacmini/code/odoo-16.0/odoo/api.py", line 1020, in get
    raise CacheMiss(record, field)
odoo.exceptions.CacheMiss: 'ir.attachment(1479,).datas'

During handling of the above exception, another exception occurred:

Traceback (most recent call last):
  File "/Users/shawnmacmini/code/odoo-16.0/odoo/api.py", line 1013, in get
    cache_value = field_cache[record._ids[0]]
KeyError: 1479

During handling of the above exception, another exception occurred:

Traceback (most recent call last):
  File "/Users/shawnmacmini/code/odoo-16.0/odoo/fields.py", line 1161, in __get__
    value = env.cache.get(record, self)
  File "/Users/shawnmacmini/code/odoo-16.0/odoo/api.py", line 1020, in get
    raise CacheMiss(record, field)
odoo.exceptions.CacheMiss: 'ir.attachment(1479,).raw'

During handling of the above exception, another exception occurred:

Traceback (most recent call last):
  File "/Users/shawnmacmini/code/odoo-16.0/odoo/addons/base/models/ir_attachment.py", line 121, in _file_read
    with open(full_path, 'rb') as f:
FileNotFoundError: [Errno 2] No such file or directory: '/Users/shawnmacmini/code/odoo-16.0/.odoo-data/filestore/odoo16/88/88a7693befb72024fccf723230df1eaa90a35658'
2025-11-01 15:20:44,323 19849 INFO odoo16 odoo.addons.base.models.ir_attachment: _read_file reading /Users/shawnmacmini/code/odoo-16.0/.odoo-data/filestore/odoo16/6a/6aba4dd7477ebcee9d86feaad8e3cf4828d5321c 
Traceback (most recent call last):
  File "/Users/shawnmacmini/code/odoo-16.0/odoo/api.py", line 1013, in get
    cache_value = field_cache[record._ids[0]]
KeyError: 81

During handling of the above exception, another exception occurred:

Traceback (most recent call last):
  File "/Users/shawnmacmini/code/odoo-16.0/odoo/fields.py", line 1161, in __get__
    value = env.cache.get(record, self)
  File "/Users/shawnmacmini/code/odoo-16.0/odoo/api.py", line 1020, in get
    raise CacheMiss(record, field)
odoo.exceptions.CacheMiss: 'res.partner(81,).avatar_128'

During handling of the above exception, another exception occurred:

Traceback (most recent call last):
  File "/Users/shawnmacmini/code/odoo-16.0/odoo/api.py", line 1013, in get
    cache_value = field_cache[record._ids[0]]
KeyError: 81

During handling of the above exception, another exception occurred:

Traceback (most recent call last):
  File "/Users/shawnmacmini/code/odoo-16.0/odoo/fields.py", line 1161, in __get__
    value = env.cache.get(record, self)
  File "/Users/shawnmacmini/code/odoo-16.0/odoo/api.py", line 1020, in get
    raise CacheMiss(record, field)
odoo.exceptions.CacheMiss: 'res.partner(81,).image_128'

During handling of the above exception, another exception occurred:

Traceback (most recent call last):
  File "/Users/shawnmacmini/code/odoo-16.0/odoo/api.py", line 1013, in get
    cache_value = field_cache[record._ids[0]]
KeyError: 1479

During handling of the above exception, another exception occurred:

Traceback (most recent call last):
  File "/Users/shawnmacmini/code/odoo-16.0/odoo/fields.py", line 1161, in __get__
    value = env.cache.get(record, self)
  File "/Users/shawnmacmini/code/odoo-16.0/odoo/api.py", line 1020, in get
    raise CacheMiss(record, field)
odoo.exceptions.CacheMiss: 'ir.attachment(1479,).datas'

During handling of the above exception, another exception occurred:

Traceback (most recent call last):
  File "/Users/shawnmacmini/code/odoo-16.0/odoo/api.py", line 1013, in get
    cache_value = field_cache[record._ids[0]]
KeyError: 1479

During handling of the above exception, another exception occurred:

Traceback (most recent call last):
  File "/Users/shawnmacmini/code/odoo-16.0/odoo/fields.py", line 1161, in __get__
    value = env.cache.get(record, self)
  File "/Users/shawnmacmini/code/odoo-16.0/odoo/api.py", line 1020, in get
    raise CacheMiss(record, field)
odoo.exceptions.CacheMiss: 'ir.attachment(1479,).raw'

During handling of the above exception, another exception occurred:

Traceback (most recent call last):
  File "/Users/shawnmacmini/code/odoo-16.0/odoo/addons/base/models/ir_attachment.py", line 121, in _file_read
    with open(full_path, 'rb') as f:
FileNotFoundError: [Errno 2] No such file or directory: '/Users/shawnmacmini/code/odoo-16.0/.odoo-data/filestore/odoo16/6a/6aba4dd7477ebcee9d86feaad8e3cf4828d5321c'
2025-11-01 15:20:44,323 19849 INFO odoo16 odoo.addons.base.models.ir_attachment: _read_file reading /Users/shawnmacmini/code/odoo-16.0/.odoo-data/filestore/odoo16/1f/1f3b37adc61b802fb704cbd1202bafeb55b9e91d 
Traceback (most recent call last):
  File "/Users/shawnmacmini/code/odoo-16.0/odoo/api.py", line 1013, in get
    cache_value = field_cache[record._ids[0]]
KeyError: 81

During handling of the above exception, another exception occurred:

Traceback (most recent call last):
  File "/Users/shawnmacmini/code/odoo-16.0/odoo/fields.py", line 1161, in __get__
    value = env.cache.get(record, self)
  File "/Users/shawnmacmini/code/odoo-16.0/odoo/api.py", line 1020, in get
    raise CacheMiss(record, field)
odoo.exceptions.CacheMiss: 'res.partner(81,).avatar_128'

During handling of the above exception, another exception occurred:

Traceback (most recent call last):
  File "/Users/shawnmacmini/code/odoo-16.0/odoo/api.py", line 1013, in get
    cache_value = field_cache[record._ids[0]]
KeyError: 81

During handling of the above exception, another exception occurred:

Traceback (most recent call last):
  File "/Users/shawnmacmini/code/odoo-16.0/odoo/fields.py", line 1161, in __get__
    value = env.cache.get(record, self)
  File "/Users/shawnmacmini/code/odoo-16.0/odoo/api.py", line 1020, in get
    raise CacheMiss(record, field)
odoo.exceptions.CacheMiss: 'res.partner(81,).image_128'

During handling of the above exception, another exception occurred:

Traceback (most recent call last):
  File "/Users/shawnmacmini/code/odoo-16.0/odoo/api.py", line 1013, in get
    cache_value = field_cache[record._ids[0]]
KeyError: 1479

During handling of the above exception, another exception occurred:

Traceback (most recent call last):
  File "/Users/shawnmacmini/code/odoo-16.0/odoo/fields.py", line 1161, in __get__
    value = env.cache.get(record, self)
  File "/Users/shawnmacmini/code/odoo-16.0/odoo/api.py", line 1020, in get
    raise CacheMiss(record, field)
odoo.exceptions.CacheMiss: 'ir.attachment(1479,).datas'

During handling of the above exception, another exception occurred:

Traceback (most recent call last):
  File "/Users/shawnmacmini/code/odoo-16.0/odoo/api.py", line 1013, in get
    cache_value = field_cache[record._ids[0]]
KeyError: 1479

During handling of the above exception, another exception occurred:

Traceback (most recent call last):
  File "/Users/shawnmacmini/code/odoo-16.0/odoo/fields.py", line 1161, in __get__
    value = env.cache.get(record, self)
  File "/Users/shawnmacmini/code/odoo-16.0/odoo/api.py", line 1020, in get
    raise CacheMiss(record, field)
odoo.exceptions.CacheMiss: 'ir.attachment(1479,).raw'

During handling of the above exception, another exception occurred:

Traceback (most recent call last):
  File "/Users/shawnmacmini/code/odoo-16.0/odoo/addons/base/models/ir_attachment.py", line 121, in _file_read
    with open(full_path, 'rb') as f:
FileNotFoundError: [Errno 2] No such file or directory: '/Users/shawnmacmini/code/odoo-16.0/.odoo-data/filestore/odoo16/1f/1f3b37adc61b802fb704cbd1202bafeb55b9e91d'
2025-11-01 15:20:44,323 19849 INFO odoo16 odoo.addons.base.models.ir_attachment: _read_file reading /Users/shawnmacmini/code/odoo-16.0/.odoo-data/filestore/odoo16/e1/e1e1059a01d6e0b0eb2c934cf023d70bfa5ebfcd 
Traceback (most recent call last):
  File "/Users/shawnmacmini/code/odoo-16.0/odoo/api.py", line 1013, in get
    cache_value = field_cache[record._ids[0]]
KeyError: 81

During handling of the above exception, another exception occurred:

Traceback (most recent call last):
  File "/Users/shawnmacmini/code/odoo-16.0/odoo/fields.py", line 1161, in __get__
    value = env.cache.get(record, self)
  File "/Users/shawnmacmini/code/odoo-16.0/odoo/api.py", line 1020, in get
    raise CacheMiss(record, field)
odoo.exceptions.CacheMiss: 'res.partner(81,).avatar_128'

During handling of the above exception, another exception occurred:

Traceback (most recent call last):
  File "/Users/shawnmacmini/code/odoo-16.0/odoo/api.py", line 1013, in get
    cache_value = field_cache[record._ids[0]]
KeyError: 81

During handling of the above exception, another exception occurred:

Traceback (most recent call last):
  File "/Users/shawnmacmini/code/odoo-16.0/odoo/fields.py", line 1161, in __get__
    value = env.cache.get(record, self)
  File "/Users/shawnmacmini/code/odoo-16.0/odoo/api.py", line 1020, in get
    raise CacheMiss(record, field)
odoo.exceptions.CacheMiss: 'res.partner(81,).image_128'

During handling of the above exception, another exception occurred:

Traceback (most recent call last):
  File "/Users/shawnmacmini/code/odoo-16.0/odoo/api.py", line 1013, in get
    cache_value = field_cache[record._ids[0]]
KeyError: 1479

During handling of the above exception, another exception occurred:

Traceback (most recent call last):
  File "/Users/shawnmacmini/code/odoo-16.0/odoo/fields.py", line 1161, in __get__
    value = env.cache.get(record, self)
  File "/Users/shawnmacmini/code/odoo-16.0/odoo/api.py", line 1020, in get
    raise CacheMiss(record, field)
odoo.exceptions.CacheMiss: 'ir.attachment(1479,).datas'

During handling of the above exception, another exception occurred:

Traceback (most recent call last):
  File "/Users/shawnmacmini/code/odoo-16.0/odoo/api.py", line 1013, in get
    cache_value = field_cache[record._ids[0]]
KeyError: 1479

During handling of the above exception, another exception occurred:

Traceback (most recent call last):
  File "/Users/shawnmacmini/code/odoo-16.0/odoo/fields.py", line 1161, in __get__
    value = env.cache.get(record, self)
  File "/Users/shawnmacmini/code/odoo-16.0/odoo/api.py", line 1020, in get
    raise CacheMiss(record, field)
odoo.exceptions.CacheMiss: 'ir.attachment(1479,).raw'

During handling of the above exception, another exception occurred:

Traceback (most recent call last):
  File "/Users/shawnmacmini/code/odoo-16.0/odoo/addons/base/models/ir_attachment.py", line 121, in _file_read
    with open(full_path, 'rb') as f:
FileNotFoundError: [Errno 2] No such file or directory: '/Users/shawnmacmini/code/odoo-16.0/.odoo-data/filestore/odoo16/e1/e1e1059a01d6e0b0eb2c934cf023d70bfa5ebfcd'
2025-11-01 15:20:44,324 19849 INFO odoo16 odoo.addons.base.models.ir_attachment: _read_file reading /Users/shawnmacmini/code/odoo-16.0/.odoo-data/filestore/odoo16/b8/b8e80fa6386f7e827ed68466f0dcdede5e6aaa2e 
Traceback (most recent call last):
  File "/Users/shawnmacmini/code/odoo-16.0/odoo/api.py", line 1013, in get
    cache_value = field_cache[record._ids[0]]
KeyError: 81

During handling of the above exception, another exception occurred:

Traceback (most recent call last):
  File "/Users/shawnmacmini/code/odoo-16.0/odoo/fields.py", line 1161, in __get__
    value = env.cache.get(record, self)
  File "/Users/shawnmacmini/code/odoo-16.0/odoo/api.py", line 1020, in get
    raise CacheMiss(record, field)
odoo.exceptions.CacheMiss: 'res.partner(81,).avatar_128'

During handling of the above exception, another exception occurred:

Traceback (most recent call last):
  File "/Users/shawnmacmini/code/odoo-16.0/odoo/api.py", line 1013, in get
    cache_value = field_cache[record._ids[0]]
KeyError: 81

During handling of the above exception, another exception occurred:

Traceback (most recent call last):
  File "/Users/shawnmacmini/code/odoo-16.0/odoo/fields.py", line 1161, in __get__
    value = env.cache.get(record, self)
  File "/Users/shawnmacmini/code/odoo-16.0/odoo/api.py", line 1020, in get
    raise CacheMiss(record, field)
odoo.exceptions.CacheMiss: 'res.partner(81,).image_128'

During handling of the above exception, another exception occurred:

Traceback (most recent call last):
  File "/Users/shawnmacmini/code/odoo-16.0/odoo/api.py", line 1013, in get
    cache_value = field_cache[record._ids[0]]
KeyError: 1479

During handling of the above exception, another exception occurred:

Traceback (most recent call last):
  File "/Users/shawnmacmini/code/odoo-16.0/odoo/fields.py", line 1161, in __get__
    value = env.cache.get(record, self)
  File "/Users/shawnmacmini/code/odoo-16.0/odoo/api.py", line 1020, in get
    raise CacheMiss(record, field)
odoo.exceptions.CacheMiss: 'ir.attachment(1479,).datas'

During handling of the above exception, another exception occurred:

Traceback (most recent call last):
  File "/Users/shawnmacmini/code/odoo-16.0/odoo/api.py", line 1013, in get
    cache_value = field_cache[record._ids[0]]
KeyError: 1479

During handling of the above exception, another exception occurred:

Traceback (most recent call last):
  File "/Users/shawnmacmini/code/odoo-16.0/odoo/fields.py", line 1161, in __get__
    value = env.cache.get(record, self)
  File "/Users/shawnmacmini/code/odoo-16.0/odoo/api.py", line 1020, in get
    raise CacheMiss(record, field)
odoo.exceptions.CacheMiss: 'ir.attachment(1479,).raw'

During handling of the above exception, another exception occurred:

Traceback (most recent call last):
  File "/Users/shawnmacmini/code/odoo-16.0/odoo/addons/base/models/ir_attachment.py", line 121, in _file_read
    with open(full_path, 'rb') as f:
FileNotFoundError: [Errno 2] No such file or directory: '/Users/shawnmacmini/code/odoo-16.0/.odoo-data/filestore/odoo16/b8/b8e80fa6386f7e827ed68466f0dcdede5e6aaa2e'
2025-11-01 15:20:44,324 19849 INFO odoo16 odoo.addons.base.models.ir_attachment: _read_file reading /Users/shawnmacmini/code/odoo-16.0/.odoo-data/filestore/odoo16/e6/e6e0c664f9d9c4a3cda34fd1c67117e31b87cd68 
Traceback (most recent call last):
  File "/Users/shawnmacmini/code/odoo-16.0/odoo/api.py", line 1013, in get
    cache_value = field_cache[record._ids[0]]
KeyError: 81

During handling of the above exception, another exception occurred:

Traceback (most recent call last):
  File "/Users/shawnmacmini/code/odoo-16.0/odoo/fields.py", line 1161, in __get__
    value = env.cache.get(record, self)
  File "/Users/shawnmacmini/code/odoo-16.0/odoo/api.py", line 1020, in get
    raise CacheMiss(record, field)
odoo.exceptions.CacheMiss: 'res.partner(81,).avatar_128'

During handling of the above exception, another exception occurred:

Traceback (most recent call last):
  File "/Users/shawnmacmini/code/odoo-16.0/odoo/api.py", line 1013, in get
    cache_value = field_cache[record._ids[0]]
KeyError: 81

During handling of the above exception, another exception occurred:

Traceback (most recent call last):
  File "/Users/shawnmacmini/code/odoo-16.0/odoo/fields.py", line 1161, in __get__
    value = env.cache.get(record, self)
  File "/Users/shawnmacmini/code/odoo-16.0/odoo/api.py", line 1020, in get
    raise CacheMiss(record, field)
odoo.exceptions.CacheMiss: 'res.partner(81,).image_128'

During handling of the above exception, another exception occurred:

Traceback (most recent call last):
  File "/Users/shawnmacmini/code/odoo-16.0/odoo/api.py", line 1013, in get
    cache_value = field_cache[record._ids[0]]
KeyError: 1479

During handling of the above exception, another exception occurred:

Traceback (most recent call last):
  File "/Users/shawnmacmini/code/odoo-16.0/odoo/fields.py", line 1161, in __get__
    value = env.cache.get(record, self)
  File "/Users/shawnmacmini/code/odoo-16.0/odoo/api.py", line 1020, in get
    raise CacheMiss(record, field)
odoo.exceptions.CacheMiss: 'ir.attachment(1479,).datas'

During handling of the above exception, another exception occurred:

Traceback (most recent call last):
  File "/Users/shawnmacmini/code/odoo-16.0/odoo/api.py", line 1013, in get
    cache_value = field_cache[record._ids[0]]
KeyError: 1479

During handling of the above exception, another exception occurred:

Traceback (most recent call last):
  File "/Users/shawnmacmini/code/odoo-16.0/odoo/fields.py", line 1161, in __get__
    value = env.cache.get(record, self)
  File "/Users/shawnmacmini/code/odoo-16.0/odoo/api.py", line 1020, in get
    raise CacheMiss(record, field)
odoo.exceptions.CacheMiss: 'ir.attachment(1479,).raw'

During handling of the above exception, another exception occurred:

Traceback (most recent call last):
  File "/Users/shawnmacmini/code/odoo-16.0/odoo/addons/base/models/ir_attachment.py", line 121, in _file_read
    with open(full_path, 'rb') as f:
FileNotFoundError: [Errno 2] No such file or directory: '/Users/shawnmacmini/code/odoo-16.0/.odoo-data/filestore/odoo16/e6/e6e0c664f9d9c4a3cda34fd1c67117e31b87cd68'
2025-11-01 15:20:44,324 19849 INFO odoo16 odoo.addons.base.models.ir_attachment: _read_file reading /Users/shawnmacmini/code/odoo-16.0/.odoo-data/filestore/odoo16/24/2470aa607bdf1f128394703173f150fcc671f746 
Traceback (most recent call last):
  File "/Users/shawnmacmini/code/odoo-16.0/odoo/api.py", line 1013, in get
    cache_value = field_cache[record._ids[0]]
KeyError: 81

During handling of the above exception, another exception occurred:

Traceback (most recent call last):
  File "/Users/shawnmacmini/code/odoo-16.0/odoo/fields.py", line 1161, in __get__
    value = env.cache.get(record, self)
  File "/Users/shawnmacmini/code/odoo-16.0/odoo/api.py", line 1020, in get
    raise CacheMiss(record, field)
odoo.exceptions.CacheMiss: 'res.partner(81,).avatar_128'

During handling of the above exception, another exception occurred:

Traceback (most recent call last):
  File "/Users/shawnmacmini/code/odoo-16.0/odoo/api.py", line 1013, in get
    cache_value = field_cache[record._ids[0]]
KeyError: 81

During handling of the above exception, another exception occurred:

Traceback (most recent call last):
  File "/Users/shawnmacmini/code/odoo-16.0/odoo/fields.py", line 1161, in __get__
    value = env.cache.get(record, self)
  File "/Users/shawnmacmini/code/odoo-16.0/odoo/api.py", line 1020, in get
    raise CacheMiss(record, field)
odoo.exceptions.CacheMiss: 'res.partner(81,).image_128'

During handling of the above exception, another exception occurred:

Traceback (most recent call last):
  File "/Users/shawnmacmini/code/odoo-16.0/odoo/api.py", line 1013, in get
    cache_value = field_cache[record._ids[0]]
KeyError: 1479

During handling of the above exception, another exception occurred:

Traceback (most recent call last):
  File "/Users/shawnmacmini/code/odoo-16.0/odoo/fields.py", line 1161, in __get__
    value = env.cache.get(record, self)
  File "/Users/shawnmacmini/code/odoo-16.0/odoo/api.py", line 1020, in get
    raise CacheMiss(record, field)
odoo.exceptions.CacheMiss: 'ir.attachment(1479,).datas'

During handling of the above exception, another exception occurred:

Traceback (most recent call last):
  File "/Users/shawnmacmini/code/odoo-16.0/odoo/api.py", line 1013, in get
    cache_value = field_cache[record._ids[0]]
KeyError: 1479

During handling of the above exception, another exception occurred:

Traceback (most recent call last):
  File "/Users/shawnmacmini/code/odoo-16.0/odoo/fields.py", line 1161, in __get__
    value = env.cache.get(record, self)
  File "/Users/shawnmacmini/code/odoo-16.0/odoo/api.py", line 1020, in get
    raise CacheMiss(record, field)
odoo.exceptions.CacheMiss: 'ir.attachment(1479,).raw'

During handling of the above exception, another exception occurred:

Traceback (most recent call last):
  File "/Users/shawnmacmini/code/odoo-16.0/odoo/addons/base/models/ir_attachment.py", line 121, in _file_read
    with open(full_path, 'rb') as f:
FileNotFoundError: [Errno 2] No such file or directory: '/Users/shawnmacmini/code/odoo-16.0/.odoo-data/filestore/odoo16/24/2470aa607bdf1f128394703173f150fcc671f746'
2025-11-01 15:20:44,324 19849 INFO odoo16 odoo.addons.base.models.ir_attachment: _read_file reading /Users/shawnmacmini/code/odoo-16.0/.odoo-data/filestore/odoo16/2b/2bbfba99b1749239c49d753f9b8fca48490d370a 
Traceback (most recent call last):
  File "/Users/shawnmacmini/code/odoo-16.0/odoo/api.py", line 1013, in get
    cache_value = field_cache[record._ids[0]]
KeyError: 81

During handling of the above exception, another exception occurred:

Traceback (most recent call last):
  File "/Users/shawnmacmini/code/odoo-16.0/odoo/fields.py", line 1161, in __get__
    value = env.cache.get(record, self)
  File "/Users/shawnmacmini/code/odoo-16.0/odoo/api.py", line 1020, in get
    raise CacheMiss(record, field)
odoo.exceptions.CacheMiss: 'res.partner(81,).avatar_128'

During handling of the above exception, another exception occurred:

Traceback (most recent call last):
  File "/Users/shawnmacmini/code/odoo-16.0/odoo/api.py", line 1013, in get
    cache_value = field_cache[record._ids[0]]
KeyError: 81

During handling of the above exception, another exception occurred:

Traceback (most recent call last):
  File "/Users/shawnmacmini/code/odoo-16.0/odoo/fields.py", line 1161, in __get__
    value = env.cache.get(record, self)
  File "/Users/shawnmacmini/code/odoo-16.0/odoo/api.py", line 1020, in get
    raise CacheMiss(record, field)
odoo.exceptions.CacheMiss: 'res.partner(81,).image_128'

During handling of the above exception, another exception occurred:

Traceback (most recent call last):
  File "/Users/shawnmacmini/code/odoo-16.0/odoo/api.py", line 1013, in get
    cache_value = field_cache[record._ids[0]]
KeyError: 1479

During handling of the above exception, another exception occurred:

Traceback (most recent call last):
  File "/Users/shawnmacmini/code/odoo-16.0/odoo/fields.py", line 1161, in __get__
    value = env.cache.get(record, self)
  File "/Users/shawnmacmini/code/odoo-16.0/odoo/api.py", line 1020, in get
    raise CacheMiss(record, field)
odoo.exceptions.CacheMiss: 'ir.attachment(1479,).datas'

During handling of the above exception, another exception occurred:

Traceback (most recent call last):
  File "/Users/shawnmacmini/code/odoo-16.0/odoo/api.py", line 1013, in get
    cache_value = field_cache[record._ids[0]]
KeyError: 1479

During handling of the above exception, another exception occurred:

Traceback (most recent call last):
  File "/Users/shawnmacmini/code/odoo-16.0/odoo/fields.py", line 1161, in __get__
    value = env.cache.get(record, self)
  File "/Users/shawnmacmini/code/odoo-16.0/odoo/api.py", line 1020, in get
    raise CacheMiss(record, field)
odoo.exceptions.CacheMiss: 'ir.attachment(1479,).raw'

During handling of the above exception, another exception occurred:

Traceback (most recent call last):
  File "/Users/shawnmacmini/code/odoo-16.0/odoo/addons/base/models/ir_attachment.py", line 121, in _file_read
    with open(full_path, 'rb') as f:
FileNotFoundError: [Errno 2] No such file or directory: '/Users/shawnmacmini/code/odoo-16.0/.odoo-data/filestore/odoo16/2b/2bbfba99b1749239c49d753f9b8fca48490d370a'
2025-11-01 15:20:44,324 19849 INFO odoo16 odoo.addons.base.models.ir_attachment: _read_file reading /Users/shawnmacmini/code/odoo-16.0/.odoo-data/filestore/odoo16/34/344411fee70a44e6558ebd36f3a0857ce7a973a3 
Traceback (most recent call last):
  File "/Users/shawnmacmini/code/odoo-16.0/odoo/api.py", line 1013, in get
    cache_value = field_cache[record._ids[0]]
KeyError: 81

During handling of the above exception, another exception occurred:

Traceback (most recent call last):
  File "/Users/shawnmacmini/code/odoo-16.0/odoo/fields.py", line 1161, in __get__
    value = env.cache.get(record, self)
  File "/Users/shawnmacmini/code/odoo-16.0/odoo/api.py", line 1020, in get
    raise CacheMiss(record, field)
odoo.exceptions.CacheMiss: 'res.partner(81,).avatar_128'

During handling of the above exception, another exception occurred:

Traceback (most recent call last):
  File "/Users/shawnmacmini/code/odoo-16.0/odoo/api.py", line 1013, in get
    cache_value = field_cache[record._ids[0]]
KeyError: 81

During handling of the above exception, another exception occurred:

Traceback (most recent call last):
  File "/Users/shawnmacmini/code/odoo-16.0/odoo/fields.py", line 1161, in __get__
    value = env.cache.get(record, self)
  File "/Users/shawnmacmini/code/odoo-16.0/odoo/api.py", line 1020, in get
    raise CacheMiss(record, field)
odoo.exceptions.CacheMiss: 'res.partner(81,).image_128'

During handling of the above exception, another exception occurred:

Traceback (most recent call last):
  File "/Users/shawnmacmini/code/odoo-16.0/odoo/api.py", line 1013, in get
    cache_value = field_cache[record._ids[0]]
KeyError: 1479

During handling of the above exception, another exception occurred:

Traceback (most recent call last):
  File "/Users/shawnmacmini/code/odoo-16.0/odoo/fields.py", line 1161, in __get__
    value = env.cache.get(record, self)
  File "/Users/shawnmacmini/code/odoo-16.0/odoo/api.py", line 1020, in get
    raise CacheMiss(record, field)
odoo.exceptions.CacheMiss: 'ir.attachment(1479,).datas'

During handling of the above exception, another exception occurred:

Traceback (most recent call last):
  File "/Users/shawnmacmini/code/odoo-16.0/odoo/api.py", line 1013, in get
    cache_value = field_cache[record._ids[0]]
KeyError: 1479

During handling of the above exception, another exception occurred:

Traceback (most recent call last):
  File "/Users/shawnmacmini/code/odoo-16.0/odoo/fields.py", line 1161, in __get__
    value = env.cache.get(record, self)
  File "/Users/shawnmacmini/code/odoo-16.0/odoo/api.py", line 1020, in get
    raise CacheMiss(record, field)
odoo.exceptions.CacheMiss: 'ir.attachment(1479,).raw'

During handling of the above exception, another exception occurred:

Traceback (most recent call last):
  File "/Users/shawnmacmini/code/odoo-16.0/odoo/addons/base/models/ir_attachment.py", line 121, in _file_read
    with open(full_path, 'rb') as f:
FileNotFoundError: [Errno 2] No such file or directory: '/Users/shawnmacmini/code/odoo-16.0/.odoo-data/filestore/odoo16/34/344411fee70a44e6558ebd36f3a0857ce7a973a3'
2025-11-01 15:20:44,325 19849 INFO odoo16 odoo.addons.base.models.ir_attachment: _read_file reading /Users/shawnmacmini/code/odoo-16.0/.odoo-data/filestore/odoo16/0c/0cffbaa48243465315e779fb34e9b11f3b24aec2 
Traceback (most recent call last):
  File "/Users/shawnmacmini/code/odoo-16.0/odoo/api.py", line 1013, in get
    cache_value = field_cache[record._ids[0]]
KeyError: 81

During handling of the above exception, another exception occurred:

Traceback (most recent call last):
  File "/Users/shawnmacmini/code/odoo-16.0/odoo/fields.py", line 1161, in __get__
    value = env.cache.get(record, self)
  File "/Users/shawnmacmini/code/odoo-16.0/odoo/api.py", line 1020, in get
    raise CacheMiss(record, field)
odoo.exceptions.CacheMiss: 'res.partner(81,).avatar_128'

During handling of the above exception, another exception occurred:

Traceback (most recent call last):
  File "/Users/shawnmacmini/code/odoo-16.0/odoo/api.py", line 1013, in get
    cache_value = field_cache[record._ids[0]]
KeyError: 81

During handling of the above exception, another exception occurred:

Traceback (most recent call last):
  File "/Users/shawnmacmini/code/odoo-16.0/odoo/fields.py", line 1161, in __get__
    value = env.cache.get(record, self)
  File "/Users/shawnmacmini/code/odoo-16.0/odoo/api.py", line 1020, in get
    raise CacheMiss(record, field)
odoo.exceptions.CacheMiss: 'res.partner(81,).image_128'

During handling of the above exception, another exception occurred:

Traceback (most recent call last):
  File "/Users/shawnmacmini/code/odoo-16.0/odoo/api.py", line 1013, in get
    cache_value = field_cache[record._ids[0]]
KeyError: 1479

During handling of the above exception, another exception occurred:

Traceback (most recent call last):
  File "/Users/shawnmacmini/code/odoo-16.0/odoo/fields.py", line 1161, in __get__
    value = env.cache.get(record, self)
  File "/Users/shawnmacmini/code/odoo-16.0/odoo/api.py", line 1020, in get
    raise CacheMiss(record, field)
odoo.exceptions.CacheMiss: 'ir.attachment(1479,).datas'

During handling of the above exception, another exception occurred:

Traceback (most recent call last):
  File "/Users/shawnmacmini/code/odoo-16.0/odoo/api.py", line 1013, in get
    cache_value = field_cache[record._ids[0]]
KeyError: 1479

During handling of the above exception, another exception occurred:

Traceback (most recent call last):
  File "/Users/shawnmacmini/code/odoo-16.0/odoo/fields.py", line 1161, in __get__
    value = env.cache.get(record, self)
  File "/Users/shawnmacmini/code/odoo-16.0/odoo/api.py", line 1020, in get
    raise CacheMiss(record, field)
odoo.exceptions.CacheMiss: 'ir.attachment(1479,).raw'

During handling of the above exception, another exception occurred:

Traceback (most recent call last):
  File "/Users/shawnmacmini/code/odoo-16.0/odoo/addons/base/models/ir_attachment.py", line 121, in _file_read
    with open(full_path, 'rb') as f:
FileNotFoundError: [Errno 2] No such file or directory: '/Users/shawnmacmini/code/odoo-16.0/.odoo-data/filestore/odoo16/0c/0cffbaa48243465315e779fb34e9b11f3b24aec2'
2025-11-01 15:20:44,325 19849 INFO odoo16 odoo.addons.base.models.ir_attachment: _read_file reading /Users/shawnmacmini/code/odoo-16.0/.odoo-data/filestore/odoo16/dc/dcb6d977c85554329430b436ff900158de14160c 
Traceback (most recent call last):
  File "/Users/shawnmacmini/code/odoo-16.0/odoo/api.py", line 1013, in get
    cache_value = field_cache[record._ids[0]]
KeyError: 81

During handling of the above exception, another exception occurred:

Traceback (most recent call last):
  File "/Users/shawnmacmini/code/odoo-16.0/odoo/fields.py", line 1161, in __get__
    value = env.cache.get(record, self)
  File "/Users/shawnmacmini/code/odoo-16.0/odoo/api.py", line 1020, in get
    raise CacheMiss(record, field)
odoo.exceptions.CacheMiss: 'res.partner(81,).avatar_128'

During handling of the above exception, another exception occurred:

Traceback (most recent call last):
  File "/Users/shawnmacmini/code/odoo-16.0/odoo/api.py", line 1013, in get
    cache_value = field_cache[record._ids[0]]
KeyError: 81

During handling of the above exception, another exception occurred:

Traceback (most recent call last):
  File "/Users/shawnmacmini/code/odoo-16.0/odoo/fields.py", line 1161, in __get__
    value = env.cache.get(record, self)
  File "/Users/shawnmacmini/code/odoo-16.0/odoo/api.py", line 1020, in get
    raise CacheMiss(record, field)
odoo.exceptions.CacheMiss: 'res.partner(81,).image_128'

During handling of the above exception, another exception occurred:

Traceback (most recent call last):
  File "/Users/shawnmacmini/code/odoo-16.0/odoo/api.py", line 1013, in get
    cache_value = field_cache[record._ids[0]]
KeyError: 1479

During handling of the above exception, another exception occurred:

Traceback (most recent call last):
  File "/Users/shawnmacmini/code/odoo-16.0/odoo/fields.py", line 1161, in __get__
    value = env.cache.get(record, self)
  File "/Users/shawnmacmini/code/odoo-16.0/odoo/api.py", line 1020, in get
    raise CacheMiss(record, field)
odoo.exceptions.CacheMiss: 'ir.attachment(1479,).datas'

During handling of the above exception, another exception occurred:

Traceback (most recent call last):
  File "/Users/shawnmacmini/code/odoo-16.0/odoo/api.py", line 1013, in get
    cache_value = field_cache[record._ids[0]]
KeyError: 1479

During handling of the above exception, another exception occurred:

Traceback (most recent call last):
  File "/Users/shawnmacmini/code/odoo-16.0/odoo/fields.py", line 1161, in __get__
    value = env.cache.get(record, self)
  File "/Users/shawnmacmini/code/odoo-16.0/odoo/api.py", line 1020, in get
    raise CacheMiss(record, field)
odoo.exceptions.CacheMiss: 'ir.attachment(1479,).raw'

During handling of the above exception, another exception occurred:

Traceback (most recent call last):
  File "/Users/shawnmacmini/code/odoo-16.0/odoo/addons/base/models/ir_attachment.py", line 121, in _file_read
    with open(full_path, 'rb') as f:
FileNotFoundError: [Errno 2] No such file or directory: '/Users/shawnmacmini/code/odoo-16.0/.odoo-data/filestore/odoo16/dc/dcb6d977c85554329430b436ff900158de14160c'
2025-11-01 15:20:44,325 19849 INFO odoo16 odoo.addons.base.models.ir_attachment: _read_file reading /Users/shawnmacmini/code/odoo-16.0/.odoo-data/filestore/odoo16/48/48c74e0562a9887fccde6079b766c08ba86a2069 
Traceback (most recent call last):
  File "/Users/shawnmacmini/code/odoo-16.0/odoo/api.py", line 1013, in get
    cache_value = field_cache[record._ids[0]]
KeyError: 81

During handling of the above exception, another exception occurred:

Traceback (most recent call last):
  File "/Users/shawnmacmini/code/odoo-16.0/odoo/fields.py", line 1161, in __get__
    value = env.cache.get(record, self)
  File "/Users/shawnmacmini/code/odoo-16.0/odoo/api.py", line 1020, in get
    raise CacheMiss(record, field)
odoo.exceptions.CacheMiss: 'res.partner(81,).avatar_128'

During handling of the above exception, another exception occurred:

Traceback (most recent call last):
  File "/Users/shawnmacmini/code/odoo-16.0/odoo/api.py", line 1013, in get
    cache_value = field_cache[record._ids[0]]
KeyError: 81

During handling of the above exception, another exception occurred:

Traceback (most recent call last):
  File "/Users/shawnmacmini/code/odoo-16.0/odoo/fields.py", line 1161, in __get__
    value = env.cache.get(record, self)
  File "/Users/shawnmacmini/code/odoo-16.0/odoo/api.py", line 1020, in get
    raise CacheMiss(record, field)
odoo.exceptions.CacheMiss: 'res.partner(81,).image_128'

During handling of the above exception, another exception occurred:

Traceback (most recent call last):
  File "/Users/shawnmacmini/code/odoo-16.0/odoo/api.py", line 1013, in get
    cache_value = field_cache[record._ids[0]]
KeyError: 1479

During handling of the above exception, another exception occurred:

Traceback (most recent call last):
  File "/Users/shawnmacmini/code/odoo-16.0/odoo/fields.py", line 1161, in __get__
    value = env.cache.get(record, self)
  File "/Users/shawnmacmini/code/odoo-16.0/odoo/api.py", line 1020, in get
    raise CacheMiss(record, field)
odoo.exceptions.CacheMiss: 'ir.attachment(1479,).datas'

During handling of the above exception, another exception occurred:

Traceback (most recent call last):
  File "/Users/shawnmacmini/code/odoo-16.0/odoo/api.py", line 1013, in get
    cache_value = field_cache[record._ids[0]]
KeyError: 1479

During handling of the above exception, another exception occurred:

Traceback (most recent call last):
  File "/Users/shawnmacmini/code/odoo-16.0/odoo/fields.py", line 1161, in __get__
    value = env.cache.get(record, self)
  File "/Users/shawnmacmini/code/odoo-16.0/odoo/api.py", line 1020, in get
    raise CacheMiss(record, field)
odoo.exceptions.CacheMiss: 'ir.attachment(1479,).raw'

During handling of the above exception, another exception occurred:

Traceback (most recent call last):
  File "/Users/shawnmacmini/code/odoo-16.0/odoo/addons/base/models/ir_attachment.py", line 121, in _file_read
    with open(full_path, 'rb') as f:
FileNotFoundError: [Errno 2] No such file or directory: '/Users/shawnmacmini/code/odoo-16.0/.odoo-data/filestore/odoo16/48/48c74e0562a9887fccde6079b766c08ba86a2069'
2025-11-01 15:20:44,325 19849 INFO odoo16 odoo.addons.base.models.ir_attachment: _read_file reading /Users/shawnmacmini/code/odoo-16.0/.odoo-data/filestore/odoo16/1d/1d695025b620cc90bd115824dbd8c6722fde6506 
Traceback (most recent call last):
  File "/Users/shawnmacmini/code/odoo-16.0/odoo/api.py", line 1013, in get
    cache_value = field_cache[record._ids[0]]
KeyError: 81

During handling of the above exception, another exception occurred:

Traceback (most recent call last):
  File "/Users/shawnmacmini/code/odoo-16.0/odoo/fields.py", line 1161, in __get__
    value = env.cache.get(record, self)
  File "/Users/shawnmacmini/code/odoo-16.0/odoo/api.py", line 1020, in get
    raise CacheMiss(record, field)
odoo.exceptions.CacheMiss: 'res.partner(81,).avatar_128'

During handling of the above exception, another exception occurred:

Traceback (most recent call last):
  File "/Users/shawnmacmini/code/odoo-16.0/odoo/api.py", line 1013, in get
    cache_value = field_cache[record._ids[0]]
KeyError: 81

During handling of the above exception, another exception occurred:

Traceback (most recent call last):
  File "/Users/shawnmacmini/code/odoo-16.0/odoo/fields.py", line 1161, in __get__
    value = env.cache.get(record, self)
  File "/Users/shawnmacmini/code/odoo-16.0/odoo/api.py", line 1020, in get
    raise CacheMiss(record, field)
odoo.exceptions.CacheMiss: 'res.partner(81,).image_128'

During handling of the above exception, another exception occurred:

Traceback (most recent call last):
  File "/Users/shawnmacmini/code/odoo-16.0/odoo/api.py", line 1013, in get
    cache_value = field_cache[record._ids[0]]
KeyError: 1479

During handling of the above exception, another exception occurred:

Traceback (most recent call last):
  File "/Users/shawnmacmini/code/odoo-16.0/odoo/fields.py", line 1161, in __get__
    value = env.cache.get(record, self)
  File "/Users/shawnmacmini/code/odoo-16.0/odoo/api.py", line 1020, in get
    raise CacheMiss(record, field)
odoo.exceptions.CacheMiss: 'ir.attachment(1479,).datas'

During handling of the above exception, another exception occurred:

Traceback (most recent call last):
  File "/Users/shawnmacmini/code/odoo-16.0/odoo/api.py", line 1013, in get
    cache_value = field_cache[record._ids[0]]
KeyError: 1479

During handling of the above exception, another exception occurred:

Traceback (most recent call last):
  File "/Users/shawnmacmini/code/odoo-16.0/odoo/fields.py", line 1161, in __get__
    value = env.cache.get(record, self)
  File "/Users/shawnmacmini/code/odoo-16.0/odoo/api.py", line 1020, in get
    raise CacheMiss(record, field)
odoo.exceptions.CacheMiss: 'ir.attachment(1479,).raw'

During handling of the above exception, another exception occurred:

Traceback (most recent call last):
  File "/Users/shawnmacmini/code/odoo-16.0/odoo/addons/base/models/ir_attachment.py", line 121, in _file_read
    with open(full_path, 'rb') as f:
FileNotFoundError: [Errno 2] No such file or directory: '/Users/shawnmacmini/code/odoo-16.0/.odoo-data/filestore/odoo16/1d/1d695025b620cc90bd115824dbd8c6722fde6506'
2025-11-01 15:20:44,326 19849 INFO odoo16 odoo.addons.base.models.ir_attachment: _read_file reading /Users/shawnmacmini/code/odoo-16.0/.odoo-data/filestore/odoo16/c3/c33684082a1e03bbcb7bce2572ccc58d836f2d9d 
Traceback (most recent call last):
  File "/Users/shawnmacmini/code/odoo-16.0/odoo/api.py", line 1013, in get
    cache_value = field_cache[record._ids[0]]
KeyError: 81

During handling of the above exception, another exception occurred:

Traceback (most recent call last):
  File "/Users/shawnmacmini/code/odoo-16.0/odoo/fields.py", line 1161, in __get__
    value = env.cache.get(record, self)
  File "/Users/shawnmacmini/code/odoo-16.0/odoo/api.py", line 1020, in get
    raise CacheMiss(record, field)
odoo.exceptions.CacheMiss: 'res.partner(81,).avatar_128'

During handling of the above exception, another exception occurred:

Traceback (most recent call last):
  File "/Users/shawnmacmini/code/odoo-16.0/odoo/api.py", line 1013, in get
    cache_value = field_cache[record._ids[0]]
KeyError: 81

During handling of the above exception, another exception occurred:

Traceback (most recent call last):
  File "/Users/shawnmacmini/code/odoo-16.0/odoo/fields.py", line 1161, in __get__
    value = env.cache.get(record, self)
  File "/Users/shawnmacmini/code/odoo-16.0/odoo/api.py", line 1020, in get
    raise CacheMiss(record, field)
odoo.exceptions.CacheMiss: 'res.partner(81,).image_128'

During handling of the above exception, another exception occurred:

Traceback (most recent call last):
  File "/Users/shawnmacmini/code/odoo-16.0/odoo/api.py", line 1013, in get
    cache_value = field_cache[record._ids[0]]
KeyError: 1479

During handling of the above exception, another exception occurred:

Traceback (most recent call last):
  File "/Users/shawnmacmini/code/odoo-16.0/odoo/fields.py", line 1161, in __get__
    value = env.cache.get(record, self)
  File "/Users/shawnmacmini/code/odoo-16.0/odoo/api.py", line 1020, in get
    raise CacheMiss(record, field)
odoo.exceptions.CacheMiss: 'ir.attachment(1479,).datas'

During handling of the above exception, another exception occurred:

Traceback (most recent call last):
  File "/Users/shawnmacmini/code/odoo-16.0/odoo/api.py", line 1013, in get
    cache_value = field_cache[record._ids[0]]
KeyError: 1479

During handling of the above exception, another exception occurred:

Traceback (most recent call last):
  File "/Users/shawnmacmini/code/odoo-16.0/odoo/fields.py", line 1161, in __get__
    value = env.cache.get(record, self)
  File "/Users/shawnmacmini/code/odoo-16.0/odoo/api.py", line 1020, in get
    raise CacheMiss(record, field)
odoo.exceptions.CacheMiss: 'ir.attachment(1479,).raw'

During handling of the above exception, another exception occurred:

Traceback (most recent call last):
  File "/Users/shawnmacmini/code/odoo-16.0/odoo/addons/base/models/ir_attachment.py", line 121, in _file_read
    with open(full_path, 'rb') as f:
FileNotFoundError: [Errno 2] No such file or directory: '/Users/shawnmacmini/code/odoo-16.0/.odoo-data/filestore/odoo16/c3/c33684082a1e03bbcb7bce2572ccc58d836f2d9d'
2025-11-01 15:20:44,326 19849 INFO odoo16 odoo.addons.base.models.ir_attachment: _read_file reading /Users/shawnmacmini/code/odoo-16.0/.odoo-data/filestore/odoo16/82/823b20bb764aaf8fcb88134b9bb3d82a05dea84a 
Traceback (most recent call last):
  File "/Users/shawnmacmini/code/odoo-16.0/odoo/api.py", line 1013, in get
    cache_value = field_cache[record._ids[0]]
KeyError: 81

During handling of the above exception, another exception occurred:

Traceback (most recent call last):
  File "/Users/shawnmacmini/code/odoo-16.0/odoo/fields.py", line 1161, in __get__
    value = env.cache.get(record, self)
  File "/Users/shawnmacmini/code/odoo-16.0/odoo/api.py", line 1020, in get
    raise CacheMiss(record, field)
odoo.exceptions.CacheMiss: 'res.partner(81,).avatar_128'

During handling of the above exception, another exception occurred:

Traceback (most recent call last):
  File "/Users/shawnmacmini/code/odoo-16.0/odoo/api.py", line 1013, in get
    cache_value = field_cache[record._ids[0]]
KeyError: 81

During handling of the above exception, another exception occurred:

Traceback (most recent call last):
  File "/Users/shawnmacmini/code/odoo-16.0/odoo/fields.py", line 1161, in __get__
    value = env.cache.get(record, self)
  File "/Users/shawnmacmini/code/odoo-16.0/odoo/api.py", line 1020, in get
    raise CacheMiss(record, field)
odoo.exceptions.CacheMiss: 'res.partner(81,).image_128'

During handling of the above exception, another exception occurred:

Traceback (most recent call last):
  File "/Users/shawnmacmini/code/odoo-16.0/odoo/api.py", line 1013, in get
    cache_value = field_cache[record._ids[0]]
KeyError: 1479

During handling of the above exception, another exception occurred:

Traceback (most recent call last):
  File "/Users/shawnmacmini/code/odoo-16.0/odoo/fields.py", line 1161, in __get__
    value = env.cache.get(record, self)
  File "/Users/shawnmacmini/code/odoo-16.0/odoo/api.py", line 1020, in get
    raise CacheMiss(record, field)
odoo.exceptions.CacheMiss: 'ir.attachment(1479,).datas'

During handling of the above exception, another exception occurred:

Traceback (most recent call last):
  File "/Users/shawnmacmini/code/odoo-16.0/odoo/api.py", line 1013, in get
    cache_value = field_cache[record._ids[0]]
KeyError: 1479

During handling of the above exception, another exception occurred:

Traceback (most recent call last):
  File "/Users/shawnmacmini/code/odoo-16.0/odoo/fields.py", line 1161, in __get__
    value = env.cache.get(record, self)
  File "/Users/shawnmacmini/code/odoo-16.0/odoo/api.py", line 1020, in get
    raise CacheMiss(record, field)
odoo.exceptions.CacheMiss: 'ir.attachment(1479,).raw'

During handling of the above exception, another exception occurred:

Traceback (most recent call last):
  File "/Users/shawnmacmini/code/odoo-16.0/odoo/addons/base/models/ir_attachment.py", line 121, in _file_read
    with open(full_path, 'rb') as f:
FileNotFoundError: [Errno 2] No such file or directory: '/Users/shawnmacmini/code/odoo-16.0/.odoo-data/filestore/odoo16/82/823b20bb764aaf8fcb88134b9bb3d82a05dea84a'
2025-11-01 15:20:44,326 19849 INFO odoo16 odoo.addons.base.models.ir_attachment: _read_file reading /Users/shawnmacmini/code/odoo-16.0/.odoo-data/filestore/odoo16/3c/3cd26b492cafae3f7090707457f66f74e1c01f7b 
Traceback (most recent call last):
  File "/Users/shawnmacmini/code/odoo-16.0/odoo/api.py", line 1013, in get
    cache_value = field_cache[record._ids[0]]
KeyError: 81

During handling of the above exception, another exception occurred:

Traceback (most recent call last):
  File "/Users/shawnmacmini/code/odoo-16.0/odoo/fields.py", line 1161, in __get__
    value = env.cache.get(record, self)
  File "/Users/shawnmacmini/code/odoo-16.0/odoo/api.py", line 1020, in get
    raise CacheMiss(record, field)
odoo.exceptions.CacheMiss: 'res.partner(81,).avatar_128'

During handling of the above exception, another exception occurred:

Traceback (most recent call last):
  File "/Users/shawnmacmini/code/odoo-16.0/odoo/api.py", line 1013, in get
    cache_value = field_cache[record._ids[0]]
KeyError: 81

During handling of the above exception, another exception occurred:

Traceback (most recent call last):
  File "/Users/shawnmacmini/code/odoo-16.0/odoo/fields.py", line 1161, in __get__
    value = env.cache.get(record, self)
  File "/Users/shawnmacmini/code/odoo-16.0/odoo/api.py", line 1020, in get
    raise CacheMiss(record, field)
odoo.exceptions.CacheMiss: 'res.partner(81,).image_128'

During handling of the above exception, another exception occurred:

Traceback (most recent call last):
  File "/Users/shawnmacmini/code/odoo-16.0/odoo/api.py", line 1013, in get
    cache_value = field_cache[record._ids[0]]
KeyError: 1479

During handling of the above exception, another exception occurred:

Traceback (most recent call last):
  File "/Users/shawnmacmini/code/odoo-16.0/odoo/fields.py", line 1161, in __get__
    value = env.cache.get(record, self)
  File "/Users/shawnmacmini/code/odoo-16.0/odoo/api.py", line 1020, in get
    raise CacheMiss(record, field)
odoo.exceptions.CacheMiss: 'ir.attachment(1479,).datas'

During handling of the above exception, another exception occurred:

Traceback (most recent call last):
  File "/Users/shawnmacmini/code/odoo-16.0/odoo/api.py", line 1013, in get
    cache_value = field_cache[record._ids[0]]
KeyError: 1479

During handling of the above exception, another exception occurred:

Traceback (most recent call last):
  File "/Users/shawnmacmini/code/odoo-16.0/odoo/fields.py", line 1161, in __get__
    value = env.cache.get(record, self)
  File "/Users/shawnmacmini/code/odoo-16.0/odoo/api.py", line 1020, in get
    raise CacheMiss(record, field)
odoo.exceptions.CacheMiss: 'ir.attachment(1479,).raw'

During handling of the above exception, another exception occurred:

Traceback (most recent call last):
  File "/Users/shawnmacmini/code/odoo-16.0/odoo/addons/base/models/ir_attachment.py", line 121, in _file_read
    with open(full_path, 'rb') as f:
FileNotFoundError: [Errno 2] No such file or directory: '/Users/shawnmacmini/code/odoo-16.0/.odoo-data/filestore/odoo16/3c/3cd26b492cafae3f7090707457f66f74e1c01f7b'
2025-11-01 15:20:44,339 19849 INFO odoo16 werkzeug: 127.0.0.1 - - [01/Nov/2025 15:20:44] "POST /web/dataset/call_kw/res.partner/web_search_read HTTP/1.1" 200 - 77 0.071 0.074
2025-11-01 15:20:44,377 19849 INFO odoo16 werkzeug: 127.0.0.1 - - [01/Nov/2025 15:20:44] "POST /web/dataset/call_kw/res.partner.category/read HTTP/1.1" 200 - 10 0.008 0.009
2025-11-01 15:22:37,518 19849 INFO odoo16 odoo.service.server: Initiating shutdown 
2025-11-01 15:22:37,518 19849 INFO odoo16 odoo.service.server: Hit CTRL-C again or send a second signal to force the shutdown. 
Exception in thread odoo.service.cron.cron1:
Traceback (most recent call last):
  File "/opt/homebrew/Cellar/python@3.10/3.10.19_1/Frameworks/Python.framework/Versions/3.10/lib/python3.10/threading.py", line 1016, in _bootstrap_inner
Exception in thread odoo.service.cron.cron0:
2025-11-01 15:22:37,659 19849 INFO odoo16 odoo.sql_db: ConnectionPool(used=0/count=0/max=64): Closed 8 connections  
Traceback (most recent call last):
  File "/opt/homebrew/Cellar/python@3.10/3.10.19_1/Frameworks/Python.framework/Versions/3.10/lib/python3.10/threading.py", line 1016, in _bootstrap_inner
/Users/shawnmacmini/code/odoo-16.0/odoo/modules/module.py:11: UserWarning: pkg_resources is deprecated as an API. See https://setuptools.pypa.io/en/latest/pkg_resources.html. The pkg_resources package is slated for removal as early as 2025-11-30. Refrain from using this package or pin to Setuptools<81.
  import pkg_resources
2025-11-01 15:22:40,127 20028 INFO ? odoo: Odoo version 16.0 
2025-11-01 15:22:40,127 20028 INFO ? odoo: Using configuration file at /Users/shawnmacmini/code/odoo-16.0/odoo.conf 
2025-11-01 15:22:40,127 20028 INFO ? odoo: addons paths: ['/Users/shawnmacmini/code/odoo-16.0/odoo/addons', '/Users/shawnmacmini/code/odoo-16.0/.odoo-data/addons/16.0', '/Users/shawnmacmini/code/odoo-16.0/addons', '/Users/shawnmacmini/code/odoo-16.0/addons-custom'] 
2025-11-01 15:22:40,127 20028 INFO ? odoo: database: odoo@localhost:5432 
2025-11-01 15:22:40,278 20028 INFO ? odoo.addons.base.models.ir_actions_report: You need Wkhtmltopdf to print a pdf version of the reports. 
2025-11-01 15:22:40,362 20028 INFO ? odoo.service.server: HTTP service (werkzeug) running on 1.0.0.0.0.0.0.0.0.0.0.0.0.0.0.0.0.0.0.0.0.0.0.0.0.0.0.0.0.0.0.0.ip6.arpa:8069 
2025-11-01 15:22:40,373 20028 INFO odoo16 odoo.modules.loading: loading 1 modules... 
2025-11-01 15:22:40,375 20028 INFO odoo16 odoo.modules.loading: 1 modules loaded in 0.00s, 0 queries (+0 extra) 
2025-11-01 15:22:40,414 20028 INFO odoo16 odoo.modules.loading: loading 102 modules... 
2025-11-01 15:22:40,755 20028 INFO odoo16 odoo.modules.loading: 102 modules loaded in 0.34s, 0 queries (+0 extra) 
2025-11-01 15:22:40,869 20028 INFO odoo16 odoo.modules.loading: Modules loaded. 
2025-11-01 15:22:40,874 20028 INFO odoo16 odoo.modules.registry: Registry loaded in 0.515s 
2025-11-01 15:22:43,054 20028 INFO odoo16 odoo.addons.base.models.ir_http: Generating routing map for key 1 
2025-11-01 15:22:43,211 20028 INFO odoo16 werkzeug: 127.0.0.1 - - [01/Nov/2025 15:22:43] "GET /websocket HTTP/1.1" 101 - 10 0.021 0.146
2025-11-01 15:22:43,224 20028 INFO ? odoo.addons.bus.models.bus: Bus.loop listen imbus on db postgres 
2025-11-01 15:23:06,174 20028 WARNING odoo16 odoo.modules.registry: store.inventory.batch: inconsistent 'compute_sudo' for computed fields: picking_ids, picking_count, quant_count, operation_count, lot_count 
2025-11-01 15:24:06,759 20028 INFO odoo16 werkzeug: 127.0.0.1 - - [01/Nov/2025 15:24:06] "POST /web/dataset/call_kw/ir.module.module/get_views HTTP/1.1" 200 - 53 0.047 0.173
2025-11-01 15:24:06,800 20028 INFO odoo16 werkzeug: 127.0.0.1 - - [01/Nov/2025 15:24:06] "POST /web/dataset/call_kw/ir.module.module/web_search_read HTTP/1.1" 200 - 4 0.012 0.011
2025-11-01 15:24:06,807 20028 INFO odoo16 werkzeug: 127.0.0.1 - - [01/Nov/2025 15:24:06] "POST /web/dataset/call_kw/ir.module.module/search_panel_select_range HTTP/1.1" 200 - 41 0.017 0.012
2025-11-01 15:24:09,533 20028 INFO odoo16 odoo.addons.base.models.ir_module: ALLOW access to module.button_immediate_install on ['门店吧台前台'] to user admin #2 via 127.0.0.1 
2025-11-01 15:24:09,534 20028 INFO odoo16 odoo.addons.base.models.ir_module: User #2 triggered module installation 
2025-11-01 15:24:09,535 20028 INFO odoo16 odoo.addons.base.models.ir_module: ALLOW access to module.button_install on ['门店吧台前台'] to user admin #2 via 127.0.0.1 
2025-11-01 15:24:09,865 20028 INFO odoo16 odoo.modules.loading: loading 1 modules... 
2025-11-01 15:24:09,868 20028 INFO odoo16 odoo.modules.loading: 1 modules loaded in 0.00s, 0 queries (+0 extra) 
2025-11-01 15:24:09,877 20028 INFO odoo16 odoo.modules.loading: updating modules list 
2025-11-01 15:24:09,881 20028 INFO odoo16 odoo.addons.base.models.ir_module: ALLOW access to module.update_list on [] to user __system__ #1 via 127.0.0.1 
2025-11-01 15:24:10,118 20028 INFO odoo16 odoo.modules.loading: loading 102 modules... 
2025-11-01 15:24:10,144 20028 INFO odoo16 odoo.modules.loading: 102 modules loaded in 0.03s, 0 queries (+0 extra) 
2025-11-01 15:24:10,145 20028 INFO odoo16 odoo.modules.loading: loading 103 modules... 
2025-11-01 15:24:10,145 20028 INFO odoo16 odoo.modules.loading: Loading module store_bar (79/103) 
2025-11-01 15:24:10,231 20028 INFO odoo16 odoo.modules.registry: module store_bar: creating or updating database tables 
2025-11-01 15:24:10,363 20028 WARNING odoo16 odoo.modules.registry: store.inventory.batch: inconsistent 'compute_sudo' for computed fields: picking_ids, picking_count, quant_count, operation_count, lot_count 
2025-11-01 15:24:10,369 20028 INFO odoo16 odoo.modules.registry: Models have no table: store.link.group, store.link.group.application. 
2025-11-01 15:24:10,369 20028 INFO odoo16 odoo.modules.registry: Recreate table of model store.link.group. 
2025-11-01 15:24:10,369 20028 INFO odoo16 odoo.modules.registry: Recreate table of model store.link.group.application. 
2025-11-01 15:24:10,370 20028 ERROR odoo16 odoo.modules.registry: Model store.link.group has no table. 
2025-11-01 15:24:10,370 20028 ERROR odoo16 odoo.modules.registry: Model store.link.group.application has no table. 
2025-11-01 15:24:10,424 20028 INFO odoo16 odoo.modules.loading: loading store_bar/data/store_bar_sequence.xml 
2025-11-01 15:24:10,429 20028 INFO odoo16 odoo.modules.loading: loading store_bar/security/store_bar_security.xml 
2025-11-01 15:24:10,450 20028 INFO odoo16 odoo.modules.loading: loading store_bar/security/store_bar_rule.xml 
2025-11-01 15:24:10,461 20028 INFO odoo16 odoo.modules.loading: loading store_bar/security/ir.model.access.csv 
2025-11-01 15:24:10,470 20028 INFO odoo16 odoo.modules.loading: loading store_bar/views/store_bar_actions.xml 
2025-11-01 15:24:10,473 20028 INFO odoo16 odoo.modules.loading: loading store_bar/views/store_bar_order_views.xml 
2025-11-01 15:24:10,480 20028 INFO odoo16 odoo.modules.loading: loading store_bar/views/store_bar_table_views.xml 
2025-11-01 15:24:10,490 20028 WARNING odoo16 odoo.modules.loading: Transient module states were reset 
2025-11-01 15:24:10,490 20028 ERROR odoo16 odoo.modules.registry: Failed to load registry 
Traceback (most recent call last):
  File "/Users/shawnmacmini/code/odoo-16.0/odoo/modules/registry.py", line 87, in new
    odoo.modules.load_modules(registry, force_demo, status, update_module)
  File "/Users/shawnmacmini/code/odoo-16.0/odoo/modules/loading.py", line 493, in load_modules
    processed_modules += load_marked_modules(cr, graph,
  File "/Users/shawnmacmini/code/odoo-16.0/odoo/modules/loading.py", line 374, in load_marked_modules
    loaded, processed = load_module_graph(
  File "/Users/shawnmacmini/code/odoo-16.0/odoo/modules/loading.py", line 233, in load_module_graph
    load_data(cr, idref, mode, kind='data', package=package)
  File "/Users/shawnmacmini/code/odoo-16.0/odoo/modules/loading.py", line 73, in load_data
    tools.convert_file(cr, package.name, filename, idref, mode, noupdate, kind)
  File "/Users/shawnmacmini/code/odoo-16.0/odoo/tools/convert.py", line 771, in convert_file
    convert_xml_import(cr, module, fp, idref, mode, noupdate)
  File "/Users/shawnmacmini/code/odoo-16.0/odoo/tools/convert.py", line 837, in convert_xml_import
    obj.parse(doc.getroot())
  File "/Users/shawnmacmini/code/odoo-16.0/odoo/tools/convert.py", line 757, in parse
    self._tag_root(de)
  File "/Users/shawnmacmini/code/odoo-16.0/odoo/tools/convert.py", line 717, in _tag_root
    raise ParseError(msg) from None  # Restart with "--log-handler odoo.tools.convert:DEBUG" for complete traceback
odoo.tools.convert.ParseError: while parsing /Users/shawnmacmini/code/odoo-16.0/addons-custom/store_bar/views/store_bar_table_views.xml:19
验证附近视图时出错:

<form string="桌台" __validate__="1">
                <header>
                    <button name="action_mark_free" string="设为空闲" type="object" class="oe_highlight" attrs="{'invisible': [('state', '=', 'free')]}"/>

用于domain of field 'reservation_partner_id' (['|', ('company_id', '=', company_id), ('company_id', '=', False)])的字段'company_id'限于小组store_bar.group_bar_manager。

View error context:
{'file': '/Users/shawnmacmini/code/odoo-16.0/addons-custom/store_bar/views/store_bar_table_views.xml',
 'line': 1,
 'name': 'store.bar.table.form',
 'view': ir.ui.view(2325,),
 'view.model': 'store.bar.table',
 'view.parent': ir.ui.view(),
 'xmlid': 'view_store_bar_table_form'}

2025-11-01 15:24:10,494 20028 INFO odoo16 odoo.modules.loading: loading 1 modules... 
2025-11-01 15:24:10,497 20028 INFO odoo16 odoo.modules.loading: 1 modules loaded in 0.00s, 0 queries (+0 extra) 
2025-11-01 15:24:10,501 20028 INFO odoo16 odoo.modules.loading: loading 102 modules... 
2025-11-01 15:24:10,526 20028 INFO odoo16 odoo.modules.loading: 102 modules loaded in 0.03s, 0 queries (+0 extra) 
2025-11-01 15:24:10,608 20028 INFO odoo16 odoo.modules.loading: Modules loaded. 
2025-11-01 15:24:10,611 20028 INFO odoo16 odoo.modules.registry: Registry loaded in 0.119s 
2025-11-01 15:24:10,616 20028 ERROR odoo16 odoo.http: Exception during request handling. 
Traceback (most recent call last):
  File "/Users/shawnmacmini/code/odoo-16.0/odoo/http.py", line 2261, in __call__
    response = request._serve_db()
  File "/Users/shawnmacmini/code/odoo-16.0/odoo/http.py", line 1848, in _serve_db
    return service_model.retrying(self._serve_ir_http, self.env)
  File "/Users/shawnmacmini/code/odoo-16.0/odoo/service/model.py", line 152, in retrying
    result = func()
  File "/Users/shawnmacmini/code/odoo-16.0/odoo/http.py", line 1876, in _serve_ir_http
    response = self.dispatcher.dispatch(rule.endpoint, args)
  File "/Users/shawnmacmini/code/odoo-16.0/odoo/http.py", line 2080, in dispatch
    result = self.request.registry['ir.http']._dispatch(endpoint)
  File "/Users/shawnmacmini/code/odoo-16.0/addons/website/models/ir_http.py", line 237, in _dispatch
    response = super()._dispatch(endpoint)
  File "/Users/shawnmacmini/code/odoo-16.0/odoo/addons/base/models/ir_http.py", line 154, in _dispatch
    result = endpoint(**request.params)
  File "/Users/shawnmacmini/code/odoo-16.0/odoo/http.py", line 763, in route_wrapper
    result = endpoint(self, *args, **params_ok)
  File "/Users/shawnmacmini/code/odoo-16.0/addons/web/controllers/dataset.py", line 47, in call_button
    action = self._call_kw(model, method, args, kwargs)
  File "/Users/shawnmacmini/code/odoo-16.0/addons/web/controllers/dataset.py", line 34, in _call_kw
    return call_kw(Model, method, args, kwargs)
  File "/Users/shawnmacmini/code/odoo-16.0/odoo/api.py", line 484, in call_kw
    result = _call_kw_multi(method, model, args, kwargs)
  File "/Users/shawnmacmini/code/odoo-16.0/odoo/api.py", line 469, in _call_kw_multi
    result = method(recs, *args, **kwargs)
  File "<decorator-gen-77>", line 2, in button_immediate_install
  File "/Users/shawnmacmini/code/odoo-16.0/odoo/addons/base/models/ir_module.py", line 74, in check_and_log
    return method(self, *args, **kwargs)
  File "/Users/shawnmacmini/code/odoo-16.0/odoo/addons/base/models/ir_module.py", line 478, in button_immediate_install
    return self._button_immediate_function(self.env.registry[self._name].button_install)
  File "/Users/shawnmacmini/code/odoo-16.0/odoo/addons/base/models/ir_module.py", line 602, in _button_immediate_function
    registry = modules.registry.Registry.new(self._cr.dbname, update_module=True)
  File "<decorator-gen-16>", line 2, in new
  File "/Users/shawnmacmini/code/odoo-16.0/odoo/tools/func.py", line 87, in locked
    return func(inst, *args, **kwargs)
  File "/Users/shawnmacmini/code/odoo-16.0/odoo/modules/registry.py", line 87, in new
    odoo.modules.load_modules(registry, force_demo, status, update_module)
  File "/Users/shawnmacmini/code/odoo-16.0/odoo/modules/loading.py", line 493, in load_modules
    processed_modules += load_marked_modules(cr, graph,
  File "/Users/shawnmacmini/code/odoo-16.0/odoo/modules/loading.py", line 374, in load_marked_modules
    loaded, processed = load_module_graph(
  File "/Users/shawnmacmini/code/odoo-16.0/odoo/modules/loading.py", line 233, in load_module_graph
    load_data(cr, idref, mode, kind='data', package=package)
  File "/Users/shawnmacmini/code/odoo-16.0/odoo/modules/loading.py", line 73, in load_data
    tools.convert_file(cr, package.name, filename, idref, mode, noupdate, kind)
  File "/Users/shawnmacmini/code/odoo-16.0/odoo/tools/convert.py", line 771, in convert_file
    convert_xml_import(cr, module, fp, idref, mode, noupdate)
  File "/Users/shawnmacmini/code/odoo-16.0/odoo/tools/convert.py", line 837, in convert_xml_import
    obj.parse(doc.getroot())
  File "/Users/shawnmacmini/code/odoo-16.0/odoo/tools/convert.py", line 757, in parse
    self._tag_root(de)
  File "/Users/shawnmacmini/code/odoo-16.0/odoo/tools/convert.py", line 717, in _tag_root
    raise ParseError(msg) from None  # Restart with "--log-handler odoo.tools.convert:DEBUG" for complete traceback
odoo.tools.convert.ParseError: while parsing /Users/shawnmacmini/code/odoo-16.0/addons-custom/store_bar/views/store_bar_table_views.xml:19
验证附近视图时出错:

<form string="桌台" __validate__="1">
                <header>
                    <button name="action_mark_free" string="设为空闲" type="object" class="oe_highlight" attrs="{'invisible': [('state', '=', 'free')]}"/>

用于domain of field 'reservation_partner_id' (['|', ('company_id', '=', company_id), ('company_id', '=', False)])的字段'company_id'限于小组store_bar.group_bar_manager。

View error context:
{'file': '/Users/shawnmacmini/code/odoo-16.0/addons-custom/store_bar/views/store_bar_table_views.xml',
 'line': 1,
 'name': 'store.bar.table.form',
 'view': ir.ui.view(2325,),
 'view.model': 'store.bar.table',
 'view.parent': ir.ui.view(),
 'xmlid': 'view_store_bar_table_form'}

2025-11-01 15:24:10,616 20028 INFO odoo16 werkzeug: 127.0.0.1 - - [01/Nov/2025 15:24:10] "POST /web/dataset/call_button HTTP/1.1" 200 - 1558 0.359 0.732
2025-11-01 15:25:06,190 20028 WARNING odoo16 odoo.modules.registry: store.inventory.batch: inconsistent 'compute_sudo' for computed fields: picking_ids, picking_count, quant_count, operation_count, lot_count 
2025-11-01 15:27:46,024 20028 INFO odoo16 odoo.addons.base.models.ir_cron: Starting job `payment: post-process transactions`. 
2025-11-01 15:27:46,035 20028 INFO odoo16 odoo.addons.base.models.ir_cron: Job `payment: post-process transactions` done. 
2025-11-01 15:27:48,584 20187 INFO ? odoo: Odoo version 16.0 
2025-11-01 15:27:48,585 20187 INFO ? odoo: Using configuration file at /Users/shawnmacmini/code/odoo-16.0/odoo.conf 
2025-11-01 15:27:48,585 20187 INFO ? odoo: addons paths: ['/Users/shawnmacmini/code/odoo-16.0/odoo/addons', '/Users/shawnmacmini/code/odoo-16.0/.odoo-data/addons/16.0', '/Users/shawnmacmini/code/odoo-16.0/addons', '/Users/shawnmacmini/code/odoo-16.0/addons-custom'] 
2025-11-01 15:27:48,585 20187 INFO ? odoo: database: odoo@localhost:5432 
2025-11-01 15:27:48,672 20187 INFO ? odoo.addons.base.models.ir_actions_report: You need Wkhtmltopdf to print a pdf version of the reports. 
2025-11-01 15:27:48,798 20187 INFO odoo16 odoo.modules.loading: loading 1 modules... 
2025-11-01 15:27:48,801 20187 INFO odoo16 odoo.modules.loading: 1 modules loaded in 0.00s, 0 queries (+0 extra) 
2025-11-01 15:27:48,811 20187 INFO odoo16 odoo.modules.loading: updating modules list 
2025-11-01 15:27:48,817 20187 INFO odoo16 odoo.addons.base.models.ir_module: ALLOW access to module.update_list on [] to user __system__ #1 via n/a 
2025-11-01 15:27:49,548 20187 INFO odoo16 odoo.modules.loading: loading 102 modules... 
2025-11-01 15:27:49,944 20187 INFO odoo16 odoo.modules.loading: 102 modules loaded in 0.40s, 0 queries (+0 extra) 
2025-11-01 15:27:50,103 20187 WARNING odoo16 odoo.modules.registry: store.inventory.batch: inconsistent 'compute_sudo' for computed fields: picking_ids, picking_count, quant_count, operation_count, lot_count 
2025-11-01 15:27:50,337 20187 INFO odoo16 odoo.modules.loading: Modules loaded. 
2025-11-01 15:27:50,342 20187 INFO odoo16 odoo.modules.registry: Registry loaded in 1.575s 
2025-11-01 15:27:50,342 20187 INFO odoo16 odoo.service.server: Initiating shutdown 
2025-11-01 15:27:50,342 20187 INFO odoo16 odoo.service.server: Hit CTRL-C again or send a second signal to force the shutdown. 
2025-11-01 15:27:50,342 20187 INFO odoo16 odoo.sql_db: ConnectionPool(used=0/count=0/max=64): Closed 1 connections  
2025-11-01 15:28:24,856 20369 INFO ? odoo: Odoo version 16.0 
2025-11-01 15:28:24,856 20369 INFO ? odoo: Using configuration file at /Users/shawnmacmini/code/odoo-16.0/odoo.conf 
2025-11-01 15:28:24,856 20369 INFO ? odoo: addons paths: ['/Users/shawnmacmini/code/odoo-16.0/odoo/addons', '/Users/shawnmacmini/code/odoo-16.0/.odoo-data/addons/16.0', '/Users/shawnmacmini/code/odoo-16.0/addons', '/Users/shawnmacmini/code/odoo-16.0/addons-custom'] 
2025-11-01 15:28:24,856 20369 INFO ? odoo: database: odoo@localhost:5432 
2025-11-01 15:28:24,960 20369 INFO ? odoo.addons.base.models.ir_actions_report: You need Wkhtmltopdf to print a pdf version of the reports. 
2025-11-01 15:28:25,068 20369 INFO odoo16 odoo.modules.loading: loading 1 modules... 
2025-11-01 15:28:25,071 20369 INFO odoo16 odoo.modules.loading: 1 modules loaded in 0.00s, 0 queries (+0 extra) 
2025-11-01 15:28:25,112 20369 INFO odoo16 odoo.modules.loading: loading 102 modules... 
2025-11-01 15:28:25,501 20369 INFO odoo16 odoo.modules.loading: 102 modules loaded in 0.39s, 0 queries (+0 extra) 
2025-11-01 15:28:25,633 20369 INFO odoo16 odoo.modules.loading: Modules loaded. 
2025-11-01 15:28:25,639 20369 INFO odoo16 odoo.modules.registry: Registry loaded in 0.589s 
2025-11-01 15:29:04,039 20369 INFO odoo16 odoo.service.server: Initiating server reload 
2025-11-01 15:29:04,041 20369 INFO odoo16 odoo.sql_db: ConnectionPool(used=0/count=0/max=64): Closed 3 connections  
2025-11-01 15:29:04,474 20369 INFO ? odoo: Odoo version 16.0 
2025-11-01 15:29:04,474 20369 INFO ? odoo: Using configuration file at /Users/shawnmacmini/code/odoo-16.0/odoo.conf 
2025-11-01 15:29:04,474 20369 INFO ? odoo: addons paths: ['/Users/shawnmacmini/code/odoo-16.0/odoo/addons', '/Users/shawnmacmini/code/odoo-16.0/.odoo-data/addons/16.0', '/Users/shawnmacmini/code/odoo-16.0/addons', '/Users/shawnmacmini/code/odoo-16.0/addons-custom'] 
2025-11-01 15:29:04,475 20369 INFO ? odoo: database: odoo@localhost:5432 
2025-11-01 15:29:04,549 20369 INFO ? odoo.addons.base.models.ir_actions_report: You need Wkhtmltopdf to print a pdf version of the reports. 
2025-11-01 15:29:04,643 20369 INFO odoo16 odoo.modules.loading: loading 1 modules... 
2025-11-01 15:29:04,646 20369 INFO odoo16 odoo.modules.loading: 1 modules loaded in 0.00s, 0 queries (+0 extra) 
2025-11-01 15:29:04,684 20369 INFO odoo16 odoo.modules.loading: loading 102 modules... 
2025-11-01 15:29:04,998 20369 INFO odoo16 odoo.modules.loading: 102 modules loaded in 0.31s, 0 queries (+0 extra) 
2025-11-01 15:29:05,113 20369 INFO odoo16 odoo.modules.loading: Modules loaded. 
2025-11-01 15:29:05,117 20369 INFO odoo16 odoo.modules.registry: Registry loaded in 0.492s 
2025-11-01 15:32:21,740 20951 INFO ? odoo: Odoo version 16.0 
2025-11-01 15:32:21,740 20951 INFO ? odoo: Using configuration file at /Users/shawnmacmini/code/odoo-16.0/odoo.conf 
2025-11-01 15:32:21,741 20951 INFO ? odoo: addons paths: ['/Users/shawnmacmini/code/odoo-16.0/odoo/addons', '/Users/shawnmacmini/code/odoo-16.0/.odoo-data/addons/16.0', '/Users/shawnmacmini/code/odoo-16.0/addons', '/Users/shawnmacmini/code/odoo-16.0/addons-custom'] 
2025-11-01 15:32:21,741 20951 INFO ? odoo: database: odoo@localhost:5432 
2025-11-01 15:32:21,835 20951 INFO ? odoo.addons.base.models.ir_actions_report: You need Wkhtmltopdf to print a pdf version of the reports. 
2025-11-01 15:32:21,949 20951 INFO ? odoo.service.server: HTTP service (werkzeug) running on 1.0.0.0.0.0.0.0.0.0.0.0.0.0.0.0.0.0.0.0.0.0.0.0.0.0.0.0.0.0.0.0.ip6.arpa:8069 
2025-11-01 15:32:21,959 20951 INFO odoo16 odoo.modules.loading: loading 1 modules... 
2025-11-01 15:32:21,962 20951 INFO odoo16 odoo.modules.loading: 1 modules loaded in 0.00s, 0 queries (+0 extra) 
2025-11-01 15:32:22,002 20951 INFO odoo16 odoo.modules.loading: loading 102 modules... 
2025-11-01 15:32:22,349 20951 INFO odoo16 odoo.modules.loading: 102 modules loaded in 0.35s, 0 queries (+0 extra) 
2025-11-01 15:32:22,467 20951 INFO odoo16 odoo.modules.loading: Modules loaded. 
2025-11-01 15:32:22,472 20951 INFO odoo16 odoo.modules.registry: Registry loaded in 0.531s 
2025-11-01 15:35:09,935 20951 INFO odoo16 odoo.addons.base.models.ir_http: Generating routing map for key 1 
2025-11-01 15:35:10,290 20951 INFO odoo16 werkzeug: 127.0.0.1 - - [01/Nov/2025 15:35:10] "GET /web/database/selector HTTP/1.1" 200 - 11 0.033 0.490
2025-11-01 15:36:16,375 20951 WARNING odoo16 odoo.modules.registry: store.inventory.batch: inconsistent 'compute_sudo' for computed fields: picking_ids, picking_count, quant_count, operation_count, lot_count 
2025-11-01 15:36:17,732 20951 INFO odoo16 werkzeug: 127.0.0.1 - - [01/Nov/2025 15:36:17] "GET /web HTTP/1.1" 200 - 95 0.152 1.320
2025-11-01 15:36:18,101 20951 INFO odoo16 odoo.addons.base.models.assetsbundle: Failed to find attachment for assets /web/assets/%-b23aceb/bus.websocket_worker_assets.min.js 
2025-11-01 15:36:18,178 20951 INFO odoo16 werkzeug: 127.0.0.1 - - [01/Nov/2025 15:36:18] "GET /bus/websocket_worker_bundle?v=1.0.5 HTTP/1.1" 304 - 13 0.031 0.050
2025-11-01 15:36:18,188 20951 INFO odoo16 werkzeug: 127.0.0.1 - - [01/Nov/2025 15:36:18] "GET /websocket HTTP/1.1" 101 - 1 0.000 0.002
2025-11-01 15:36:18,188 20951 INFO odoo16 odoo.addons.base.models.ir_attachment: _read_file reading /Users/shawnmacmini/code/odoo-16.0/.odoo-data/filestore/odoo16/c2/c2e1616224ae96b9403a2cd8794e8e22ac9beff7 
Traceback (most recent call last):
  File "/Users/shawnmacmini/code/odoo-16.0/odoo/api.py", line 1013, in get
    cache_value = field_cache[record._ids[0]]
KeyError: 2

During handling of the above exception, another exception occurred:

Traceback (most recent call last):
  File "/Users/shawnmacmini/code/odoo-16.0/odoo/fields.py", line 1161, in __get__
    value = env.cache.get(record, self)
  File "/Users/shawnmacmini/code/odoo-16.0/odoo/api.py", line 1020, in get
    raise CacheMiss(record, field)
odoo.exceptions.CacheMiss: 'res.users(2,).avatar_128'

During handling of the above exception, another exception occurred:

Traceback (most recent call last):
  File "/Users/shawnmacmini/code/odoo-16.0/odoo/api.py", line 1013, in get
    cache_value = field_cache[record._ids[0]]
KeyError: 3

During handling of the above exception, another exception occurred:

Traceback (most recent call last):
  File "/Users/shawnmacmini/code/odoo-16.0/odoo/fields.py", line 1161, in __get__
    value = env.cache.get(record, self)
  File "/Users/shawnmacmini/code/odoo-16.0/odoo/api.py", line 1020, in get
    raise CacheMiss(record, field)
odoo.exceptions.CacheMiss: 'res.partner(3,).avatar_128'

During handling of the above exception, another exception occurred:

Traceback (most recent call last):
  File "/Users/shawnmacmini/code/odoo-16.0/odoo/api.py", line 1013, in get
    cache_value = field_cache[record._ids[0]]
KeyError: 3

During handling of the above exception, another exception occurred:

Traceback (most recent call last):
  File "/Users/shawnmacmini/code/odoo-16.0/odoo/fields.py", line 1161, in __get__
    value = env.cache.get(record, self)
  File "/Users/shawnmacmini/code/odoo-16.0/odoo/api.py", line 1020, in get
    raise CacheMiss(record, field)
odoo.exceptions.CacheMiss: 'res.partner(3,).image_128'

During handling of the above exception, another exception occurred:

Traceback (most recent call last):
  File "/Users/shawnmacmini/code/odoo-16.0/odoo/api.py", line 1013, in get
    cache_value = field_cache[record._ids[0]]
KeyError: 27

During handling of the above exception, another exception occurred:

Traceback (most recent call last):
  File "/Users/shawnmacmini/code/odoo-16.0/odoo/fields.py", line 1161, in __get__
    value = env.cache.get(record, self)
  File "/Users/shawnmacmini/code/odoo-16.0/odoo/api.py", line 1020, in get
    raise CacheMiss(record, field)
odoo.exceptions.CacheMiss: 'ir.attachment(27,).datas'

During handling of the above exception, another exception occurred:

Traceback (most recent call last):
  File "/Users/shawnmacmini/code/odoo-16.0/odoo/api.py", line 1013, in get
    cache_value = field_cache[record._ids[0]]
KeyError: 27

During handling of the above exception, another exception occurred:

Traceback (most recent call last):
  File "/Users/shawnmacmini/code/odoo-16.0/odoo/fields.py", line 1161, in __get__
    value = env.cache.get(record, self)
  File "/Users/shawnmacmini/code/odoo-16.0/odoo/api.py", line 1020, in get
    raise CacheMiss(record, field)
odoo.exceptions.CacheMiss: 'ir.attachment(27,).raw'

During handling of the above exception, another exception occurred:

Traceback (most recent call last):
  File "/Users/shawnmacmini/code/odoo-16.0/odoo/addons/base/models/ir_attachment.py", line 121, in _file_read
    with open(full_path, 'rb') as f:
FileNotFoundError: [Errno 2] No such file or directory: '/Users/shawnmacmini/code/odoo-16.0/.odoo-data/filestore/odoo16/c2/c2e1616224ae96b9403a2cd8794e8e22ac9beff7'
2025-11-01 15:36:18,192 20951 INFO odoo16 werkzeug: 127.0.0.1 - - [01/Nov/2025 15:36:18] "GET /web/image?model=res.users&field=avatar_128&id=2 HTTP/1.1" 304 - 7 0.008 0.030
2025-11-01 15:36:18,197 20951 INFO ? odoo.addons.bus.models.bus: Bus.loop listen imbus on db postgres 
2025-11-01 15:36:18,208 20951 ERROR odoo16 odoo.http: Exception during request handling. 
Traceback (most recent call last):
  File "/Users/shawnmacmini/code/odoo-16.0/odoo/http.py", line 2261, in __call__
    response = request._serve_db()
  File "/Users/shawnmacmini/code/odoo-16.0/odoo/http.py", line 1848, in _serve_db
    return service_model.retrying(self._serve_ir_http, self.env)
  File "/Users/shawnmacmini/code/odoo-16.0/odoo/service/model.py", line 152, in retrying
    result = func()
  File "/Users/shawnmacmini/code/odoo-16.0/odoo/http.py", line 1876, in _serve_ir_http
    response = self.dispatcher.dispatch(rule.endpoint, args)
  File "/Users/shawnmacmini/code/odoo-16.0/odoo/http.py", line 2080, in dispatch
    result = self.request.registry['ir.http']._dispatch(endpoint)
  File "/Users/shawnmacmini/code/odoo-16.0/addons/website/models/ir_http.py", line 237, in _dispatch
    response = super()._dispatch(endpoint)
  File "/Users/shawnmacmini/code/odoo-16.0/odoo/addons/base/models/ir_http.py", line 154, in _dispatch
    result = endpoint(**request.params)
  File "/Users/shawnmacmini/code/odoo-16.0/odoo/http.py", line 763, in route_wrapper
    result = endpoint(self, *args, **params_ok)
  File "/Users/shawnmacmini/code/odoo-16.0/addons/web/controllers/action.py", line 34, in load
    action = request.env[action_type].sudo().browse([action_id]).read()
  File "/Users/shawnmacmini/code/odoo-16.0/odoo/api.py", line 566, in __getitem__
    return self.registry[model_name](self, (), ())
  File "/Users/shawnmacmini/code/odoo-16.0/odoo/modules/registry.py", line 186, in __getitem__
    return self.models[model_name]
KeyError: False
2025-11-01 15:36:18,208 20951 INFO odoo16 werkzeug: 127.0.0.1 - - [01/Nov/2025 15:36:18] "POST /web/action/load HTTP/1.1" 200 - 9 0.020 0.046
2025-11-01 15:36:18,211 20951 INFO ? werkzeug: 127.0.0.1 - - [01/Nov/2025 15:36:18] "GET /mail/static/src/audio/ting.ogg HTTP/1.1" 206 - 0 0.000 0.001
2025-11-01 15:36:18,299 20951 INFO odoo16 werkzeug: 127.0.0.1 - - [01/Nov/2025 15:36:18] "POST /mail/init_messaging HTTP/1.1" 200 - 54 0.113 0.045
2025-11-01 15:36:18,341 20951 INFO odoo16 werkzeug: 127.0.0.1 - - [01/Nov/2025 15:36:18] "POST /mail/load_message_failures HTTP/1.1" 200 - 10 0.033 0.003
2025-11-01 15:36:18,382 20951 INFO odoo16 werkzeug: 127.0.0.1 - - [01/Nov/2025 15:36:18] "POST /web/dataset/call_kw/res.users/systray_get_activities HTTP/1.1" 200 - 39 0.192 0.048
2025-11-01 15:36:33,406 20951 INFO odoo16 werkzeug: 127.0.0.1 - - [01/Nov/2025 15:36:33] "GET /web HTTP/1.1" 200 - 11 0.024 0.043
2025-11-01 15:36:33,687 20951 INFO odoo16 werkzeug: 127.0.0.1 - - [01/Nov/2025 15:36:33] "GET /bus/websocket_worker_bundle?v=1.0.5 HTTP/1.1" 304 - 4 0.005 0.009
2025-11-01 15:36:33,697 20951 ERROR odoo16 odoo.http: Exception during request handling. 
Traceback (most recent call last):
  File "/Users/shawnmacmini/code/odoo-16.0/odoo/http.py", line 2261, in __call__
    response = request._serve_db()
  File "/Users/shawnmacmini/code/odoo-16.0/odoo/http.py", line 1848, in _serve_db
    return service_model.retrying(self._serve_ir_http, self.env)
  File "/Users/shawnmacmini/code/odoo-16.0/odoo/service/model.py", line 152, in retrying
    result = func()
  File "/Users/shawnmacmini/code/odoo-16.0/odoo/http.py", line 1876, in _serve_ir_http
    response = self.dispatcher.dispatch(rule.endpoint, args)
  File "/Users/shawnmacmini/code/odoo-16.0/odoo/http.py", line 2080, in dispatch
    result = self.request.registry['ir.http']._dispatch(endpoint)
  File "/Users/shawnmacmini/code/odoo-16.0/addons/website/models/ir_http.py", line 237, in _dispatch
    response = super()._dispatch(endpoint)
  File "/Users/shawnmacmini/code/odoo-16.0/odoo/addons/base/models/ir_http.py", line 154, in _dispatch
    result = endpoint(**request.params)
  File "/Users/shawnmacmini/code/odoo-16.0/odoo/http.py", line 763, in route_wrapper
    result = endpoint(self, *args, **params_ok)
  File "/Users/shawnmacmini/code/odoo-16.0/addons/web/controllers/action.py", line 34, in load
    action = request.env[action_type].sudo().browse([action_id]).read()
  File "/Users/shawnmacmini/code/odoo-16.0/odoo/api.py", line 566, in __getitem__
    return self.registry[model_name](self, (), ())
  File "/Users/shawnmacmini/code/odoo-16.0/odoo/modules/registry.py", line 186, in __getitem__
    return self.models[model_name]
KeyError: False
2025-11-01 15:36:33,697 20951 INFO odoo16 werkzeug: 127.0.0.1 - - [01/Nov/2025 15:36:33] "POST /web/action/load HTTP/1.1" 200 - 4 0.004 0.007
2025-11-01 15:36:33,698 20951 INFO odoo16 odoo.addons.base.models.ir_attachment: _read_file reading /Users/shawnmacmini/code/odoo-16.0/.odoo-data/filestore/odoo16/c2/c2e1616224ae96b9403a2cd8794e8e22ac9beff7 
Traceback (most recent call last):
  File "/Users/shawnmacmini/code/odoo-16.0/odoo/api.py", line 1013, in get
    cache_value = field_cache[record._ids[0]]
KeyError: 2

During handling of the above exception, another exception occurred:

Traceback (most recent call last):
  File "/Users/shawnmacmini/code/odoo-16.0/odoo/fields.py", line 1161, in __get__
    value = env.cache.get(record, self)
  File "/Users/shawnmacmini/code/odoo-16.0/odoo/api.py", line 1020, in get
    raise CacheMiss(record, field)
odoo.exceptions.CacheMiss: 'res.users(2,).avatar_128'

During handling of the above exception, another exception occurred:

Traceback (most recent call last):
  File "/Users/shawnmacmini/code/odoo-16.0/odoo/api.py", line 1013, in get
    cache_value = field_cache[record._ids[0]]
KeyError: 3

During handling of the above exception, another exception occurred:

Traceback (most recent call last):
  File "/Users/shawnmacmini/code/odoo-16.0/odoo/fields.py", line 1161, in __get__
    value = env.cache.get(record, self)
  File "/Users/shawnmacmini/code/odoo-16.0/odoo/api.py", line 1020, in get
    raise CacheMiss(record, field)
odoo.exceptions.CacheMiss: 'res.partner(3,).avatar_128'

During handling of the above exception, another exception occurred:

Traceback (most recent call last):
  File "/Users/shawnmacmini/code/odoo-16.0/odoo/api.py", line 1013, in get
    cache_value = field_cache[record._ids[0]]
KeyError: 3

During handling of the above exception, another exception occurred:

Traceback (most recent call last):
  File "/Users/shawnmacmini/code/odoo-16.0/odoo/fields.py", line 1161, in __get__
    value = env.cache.get(record, self)
  File "/Users/shawnmacmini/code/odoo-16.0/odoo/api.py", line 1020, in get
    raise CacheMiss(record, field)
odoo.exceptions.CacheMiss: 'res.partner(3,).image_128'

During handling of the above exception, another exception occurred:

Traceback (most recent call last):
  File "/Users/shawnmacmini/code/odoo-16.0/odoo/api.py", line 1013, in get
    cache_value = field_cache[record._ids[0]]
KeyError: 27

During handling of the above exception, another exception occurred:

Traceback (most recent call last):
  File "/Users/shawnmacmini/code/odoo-16.0/odoo/fields.py", line 1161, in __get__
    value = env.cache.get(record, self)
  File "/Users/shawnmacmini/code/odoo-16.0/odoo/api.py", line 1020, in get
    raise CacheMiss(record, field)
odoo.exceptions.CacheMiss: 'ir.attachment(27,).datas'

During handling of the above exception, another exception occurred:

Traceback (most recent call last):
  File "/Users/shawnmacmini/code/odoo-16.0/odoo/api.py", line 1013, in get
    cache_value = field_cache[record._ids[0]]
KeyError: 27

During handling of the above exception, another exception occurred:

Traceback (most recent call last):
  File "/Users/shawnmacmini/code/odoo-16.0/odoo/fields.py", line 1161, in __get__
    value = env.cache.get(record, self)
  File "/Users/shawnmacmini/code/odoo-16.0/odoo/api.py", line 1020, in get
    raise CacheMiss(record, field)
odoo.exceptions.CacheMiss: 'ir.attachment(27,).raw'

During handling of the above exception, another exception occurred:

Traceback (most recent call last):
  File "/Users/shawnmacmini/code/odoo-16.0/odoo/addons/base/models/ir_attachment.py", line 121, in _file_read
    with open(full_path, 'rb') as f:
FileNotFoundError: [Errno 2] No such file or directory: '/Users/shawnmacmini/code/odoo-16.0/.odoo-data/filestore/odoo16/c2/c2e1616224ae96b9403a2cd8794e8e22ac9beff7'
2025-11-01 15:36:33,699 20951 INFO odoo16 werkzeug: 127.0.0.1 - - [01/Nov/2025 15:36:33] "GET /web/image?model=res.users&field=avatar_128&id=2 HTTP/1.1" 304 - 7 0.004 0.007
2025-11-01 15:36:33,741 20951 INFO odoo16 werkzeug: 127.0.0.1 - - [01/Nov/2025 15:36:33] "GET /websocket HTTP/1.1" 101 - 1 0.001 0.027
2025-11-01 15:36:33,746 20951 INFO odoo16 werkzeug: 127.0.0.1 - - [01/Nov/2025 15:36:33] "POST /web/dataset/call_kw/res.users/systray_get_activities HTTP/1.1" 200 - 14 0.022 0.018
2025-11-01 15:36:33,752 20951 INFO odoo16 werkzeug: 127.0.0.1 - - [01/Nov/2025 15:36:33] "GET /web/image/res.company/1/favicon HTTP/1.1" 304 - 8 0.014 0.026
2025-11-01 15:36:33,758 20951 INFO odoo16 werkzeug: 127.0.0.1 - - [01/Nov/2025 15:36:33] "GET /web/image/res.company/1/favicon HTTP/1.1" 304 - 3 0.001 0.003
2025-11-01 15:36:33,758 20951 INFO odoo16 werkzeug: 127.0.0.1 - - [01/Nov/2025 15:36:33] "POST /mail/init_messaging HTTP/1.1" 200 - 30 0.040 0.012
2025-11-01 15:36:33,763 20951 INFO odoo16 werkzeug: 127.0.0.1 - - [01/Nov/2025 15:36:33] "GET /web/image/res.company/1/favicon HTTP/1.1" 304 - 3 0.002 0.003
2025-11-01 15:36:33,769 20951 INFO odoo16 werkzeug: 127.0.0.1 - - [01/Nov/2025 15:36:33] "GET /web/image/res.company/1/favicon HTTP/1.1" 304 - 3 0.001 0.002
2025-11-01 15:36:33,782 20951 INFO odoo16 werkzeug: 127.0.0.1 - - [01/Nov/2025 15:36:33] "POST /mail/load_message_failures HTTP/1.1" 200 - 9 0.014 0.005
2025-11-01 15:36:39,586 20951 INFO odoo16 odoo.service.server: Initiating server reload 
2025-11-01 15:36:39,834 20951 INFO odoo16 odoo.sql_db: ConnectionPool(used=0/count=0/max=64): Closed 8 connections  
2025-11-01 15:36:40,345 20951 INFO ? odoo: Odoo version 16.0 
2025-11-01 15:36:40,345 20951 INFO ? odoo: Using configuration file at /Users/shawnmacmini/code/odoo-16.0/odoo.conf 
2025-11-01 15:36:40,345 20951 INFO ? odoo: addons paths: ['/Users/shawnmacmini/code/odoo-16.0/odoo/addons', '/Users/shawnmacmini/code/odoo-16.0/.odoo-data/addons/16.0', '/Users/shawnmacmini/code/odoo-16.0/addons', '/Users/shawnmacmini/code/odoo-16.0/addons-custom'] 
2025-11-01 15:36:40,345 20951 INFO ? odoo: database: odoo@localhost:5432 
2025-11-01 15:36:40,437 20951 INFO ? odoo.addons.base.models.ir_actions_report: You need Wkhtmltopdf to print a pdf version of the reports. 
2025-11-01 15:36:40,540 20951 INFO ? odoo.service.server: HTTP service (werkzeug) running on 1.0.0.0.0.0.0.0.0.0.0.0.0.0.0.0.0.0.0.0.0.0.0.0.0.0.0.0.0.0.0.0.ip6.arpa:8069 
2025-11-01 15:36:40,553 20951 INFO odoo16 odoo.modules.loading: loading 1 modules... 
2025-11-01 15:36:40,556 20951 INFO odoo16 odoo.modules.loading: 1 modules loaded in 0.00s, 0 queries (+0 extra) 
2025-11-01 15:36:40,594 20951 INFO odoo16 odoo.modules.loading: loading 102 modules... 
2025-11-01 15:36:40,951 20951 INFO odoo16 odoo.modules.loading: 102 modules loaded in 0.36s, 0 queries (+0 extra) 
2025-11-01 15:36:41,064 20951 INFO odoo16 odoo.modules.loading: Modules loaded. 
2025-11-01 15:36:41,068 20951 INFO odoo16 odoo.modules.registry: Registry loaded in 0.535s 
2025-11-01 15:36:41,548 20951 INFO odoo16 odoo.addons.base.models.ir_http: Generating routing map for key 1 
2025-11-01 15:36:41,673 20951 INFO odoo16 werkzeug: 127.0.0.1 - - [01/Nov/2025 15:36:41] "GET /websocket HTTP/1.1" 101 - 10 0.018 0.112
2025-11-01 15:36:41,680 20951 INFO ? odoo.addons.bus.models.bus: Bus.loop listen imbus on db postgres 
2025-11-01 15:36:56,898 20951 WARNING odoo16 odoo.modules.registry: store.inventory.batch: inconsistent 'compute_sudo' for computed fields: picking_ids, picking_count, quant_count, operation_count, lot_count 
2025-11-01 15:36:58,236 20951 INFO odoo16 werkzeug: 127.0.0.1 - - [01/Nov/2025 15:36:58] "GET /web HTTP/1.1" 200 - 92 0.108 1.337
2025-11-01 15:36:58,451 20951 INFO odoo16 werkzeug: 127.0.0.1 - - [01/Nov/2025 15:36:58] "GET /.well-known/appspecific/com.chrome.devtools.json HTTP/1.1" 303 - 9 0.006 0.168
2025-11-01 15:36:58,792 20951 INFO odoo16 werkzeug: 127.0.0.1 - - [01/Nov/2025 15:36:58] "GET /zh_CN/.well-known/appspecific/com.chrome.devtools.json HTTP/1.1" 404 - 160 0.096 0.243
2025-11-01 15:36:58,845 20951 INFO odoo16 werkzeug: 127.0.0.1 - - [01/Nov/2025 15:36:58] "POST /web/action/load HTTP/1.1" 200 - 12 0.007 0.006
2025-11-01 15:36:58,916 20951 INFO odoo16 odoo.addons.base.models.ir_attachment: _read_file reading /Users/shawnmacmini/code/odoo-16.0/.odoo-data/filestore/odoo16/c2/c2e1616224ae96b9403a2cd8794e8e22ac9beff7 
Traceback (most recent call last):
  File "/Users/shawnmacmini/code/odoo-16.0/odoo/api.py", line 1013, in get
    cache_value = field_cache[record._ids[0]]
KeyError: 2

During handling of the above exception, another exception occurred:

Traceback (most recent call last):
  File "/Users/shawnmacmini/code/odoo-16.0/odoo/fields.py", line 1161, in __get__
    value = env.cache.get(record, self)
  File "/Users/shawnmacmini/code/odoo-16.0/odoo/api.py", line 1020, in get
    raise CacheMiss(record, field)
odoo.exceptions.CacheMiss: 'res.users(2,).avatar_128'

During handling of the above exception, another exception occurred:

Traceback (most recent call last):
  File "/Users/shawnmacmini/code/odoo-16.0/odoo/api.py", line 1013, in get
    cache_value = field_cache[record._ids[0]]
KeyError: 3

During handling of the above exception, another exception occurred:

Traceback (most recent call last):
  File "/Users/shawnmacmini/code/odoo-16.0/odoo/fields.py", line 1161, in __get__
    value = env.cache.get(record, self)
  File "/Users/shawnmacmini/code/odoo-16.0/odoo/api.py", line 1020, in get
    raise CacheMiss(record, field)
odoo.exceptions.CacheMiss: 'res.partner(3,).avatar_128'

During handling of the above exception, another exception occurred:

Traceback (most recent call last):
  File "/Users/shawnmacmini/code/odoo-16.0/odoo/api.py", line 1013, in get
    cache_value = field_cache[record._ids[0]]
KeyError: 3

During handling of the above exception, another exception occurred:

Traceback (most recent call last):
  File "/Users/shawnmacmini/code/odoo-16.0/odoo/fields.py", line 1161, in __get__
    value = env.cache.get(record, self)
  File "/Users/shawnmacmini/code/odoo-16.0/odoo/api.py", line 1020, in get
    raise CacheMiss(record, field)
odoo.exceptions.CacheMiss: 'res.partner(3,).image_128'

During handling of the above exception, another exception occurred:

Traceback (most recent call last):
  File "/Users/shawnmacmini/code/odoo-16.0/odoo/api.py", line 1013, in get
    cache_value = field_cache[record._ids[0]]
KeyError: 27

During handling of the above exception, another exception occurred:

Traceback (most recent call last):
  File "/Users/shawnmacmini/code/odoo-16.0/odoo/fields.py", line 1161, in __get__
    value = env.cache.get(record, self)
  File "/Users/shawnmacmini/code/odoo-16.0/odoo/api.py", line 1020, in get
    raise CacheMiss(record, field)
odoo.exceptions.CacheMiss: 'ir.attachment(27,).datas'

During handling of the above exception, another exception occurred:

Traceback (most recent call last):
  File "/Users/shawnmacmini/code/odoo-16.0/odoo/api.py", line 1013, in get
    cache_value = field_cache[record._ids[0]]
KeyError: 27

During handling of the above exception, another exception occurred:

Traceback (most recent call last):
  File "/Users/shawnmacmini/code/odoo-16.0/odoo/fields.py", line 1161, in __get__
    value = env.cache.get(record, self)
  File "/Users/shawnmacmini/code/odoo-16.0/odoo/api.py", line 1020, in get
    raise CacheMiss(record, field)
odoo.exceptions.CacheMiss: 'ir.attachment(27,).raw'

During handling of the above exception, another exception occurred:

Traceback (most recent call last):
  File "/Users/shawnmacmini/code/odoo-16.0/odoo/addons/base/models/ir_attachment.py", line 121, in _file_read
    with open(full_path, 'rb') as f:
FileNotFoundError: [Errno 2] No such file or directory: '/Users/shawnmacmini/code/odoo-16.0/.odoo-data/filestore/odoo16/c2/c2e1616224ae96b9403a2cd8794e8e22ac9beff7'
2025-11-01 15:36:58,922 20951 INFO odoo16 werkzeug: 127.0.0.1 - - [01/Nov/2025 15:36:58] "GET /web/image?model=res.users&field=avatar_128&id=2 HTTP/1.1" 304 - 7 0.039 0.028
2025-11-01 15:36:58,931 20951 INFO odoo16 werkzeug: 127.0.0.1 - - [01/Nov/2025 15:36:58] "GET /web/image/res.company/1/favicon HTTP/1.1" 304 - 8 0.012 0.007
2025-11-01 15:36:58,937 20951 INFO odoo16 werkzeug: 127.0.0.1 - - [01/Nov/2025 15:36:58] "GET /web/image/res.company/1/favicon HTTP/1.1" 304 - 3 0.001 0.004
2025-11-01 15:36:58,941 20951 INFO odoo16 werkzeug: 127.0.0.1 - - [01/Nov/2025 15:36:58] "GET /web/image/res.company/1/favicon HTTP/1.1" 304 - 3 0.001 0.002
2025-11-01 15:36:58,947 20951 INFO odoo16 werkzeug: 127.0.0.1 - - [01/Nov/2025 15:36:58] "GET /web/image/res.company/1/favicon HTTP/1.1" 304 - 3 0.001 0.003
2025-11-01 15:36:58,950 20951 INFO odoo16 werkzeug: 127.0.0.1 - - [01/Nov/2025 15:36:58] "POST /web/dataset/call_kw/ir.module.module/get_views HTTP/1.1" 200 - 45 0.028 0.070
2025-11-01 15:36:58,954 20951 INFO ? werkzeug: 127.0.0.1 - - [01/Nov/2025 15:36:58] "GET /mail/static/src/audio/ting.ogg HTTP/1.1" 206 - 0 0.000 0.002
2025-11-01 15:36:58,963 20951 INFO odoo16 werkzeug: 127.0.0.1 - - [01/Nov/2025 15:36:58] "POST /web/dataset/call_kw/res.users/systray_get_activities HTTP/1.1" 200 - 34 0.038 0.049
2025-11-01 15:36:58,980 20951 INFO odoo16 werkzeug: 127.0.0.1 - - [01/Nov/2025 15:36:58] "POST /mail/init_messaging HTTP/1.1" 200 - 53 0.083 0.024
2025-11-01 15:36:58,981 20951 INFO odoo16 werkzeug: 127.0.0.1 - - [01/Nov/2025 15:36:58] "POST /web/dataset/call_kw/ir.module.module/web_search_read HTTP/1.1" 200 - 4 0.017 0.004
2025-11-01 15:36:58,991 20951 INFO odoo16 werkzeug: 127.0.0.1 - - [01/Nov/2025 15:36:58] "POST /web/dataset/call_kw/ir.module.module/search_panel_select_range HTTP/1.1" 200 - 39 0.026 0.007
2025-11-01 15:36:58,997 20951 INFO odoo16 werkzeug: 127.0.0.1 - - [01/Nov/2025 15:36:58] "POST /mail/load_message_failures HTTP/1.1" 200 - 10 0.003 0.004
2025-11-01 15:37:09,747 20951 INFO odoo16 odoo.addons.base.models.ir_module: ALLOW access to module.button_immediate_install on ['门店吧台前台'] to user admin #2 via 127.0.0.1 
2025-11-01 15:37:09,748 20951 INFO odoo16 odoo.addons.base.models.ir_module: User #2 triggered module installation 
2025-11-01 15:37:09,752 20951 INFO odoo16 odoo.addons.base.models.ir_module: ALLOW access to module.button_install on ['门店吧台前台'] to user admin #2 via 127.0.0.1 
2025-11-01 15:37:10,065 20951 INFO odoo16 odoo.modules.loading: loading 1 modules... 
2025-11-01 15:37:10,068 20951 INFO odoo16 odoo.modules.loading: 1 modules loaded in 0.00s, 0 queries (+0 extra) 
2025-11-01 15:37:10,079 20951 INFO odoo16 odoo.modules.loading: updating modules list 
2025-11-01 15:37:10,080 20951 INFO odoo16 odoo.addons.base.models.ir_module: ALLOW access to module.update_list on [] to user __system__ #1 via 127.0.0.1 
2025-11-01 15:37:10,308 20951 INFO odoo16 odoo.modules.loading: loading 102 modules... 
2025-11-01 15:37:10,335 20951 INFO odoo16 odoo.modules.loading: 102 modules loaded in 0.03s, 0 queries (+0 extra) 
2025-11-01 15:37:10,336 20951 INFO odoo16 odoo.modules.loading: loading 103 modules... 
2025-11-01 15:37:10,336 20951 INFO odoo16 odoo.modules.loading: Loading module store_bar (79/103) 
2025-11-01 15:37:10,423 20951 INFO odoo16 odoo.modules.registry: module store_bar: creating or updating database tables 
2025-11-01 15:37:10,549 20951 WARNING odoo16 odoo.modules.registry: store.inventory.batch: inconsistent 'compute_sudo' for computed fields: picking_ids, picking_count, quant_count, operation_count, lot_count 
2025-11-01 15:37:10,554 20951 INFO odoo16 odoo.modules.registry: Models have no table: store.link.group, store.link.group.application. 
2025-11-01 15:37:10,555 20951 INFO odoo16 odoo.modules.registry: Recreate table of model store.link.group. 
2025-11-01 15:37:10,555 20951 INFO odoo16 odoo.modules.registry: Recreate table of model store.link.group.application. 
2025-11-01 15:37:10,556 20951 ERROR odoo16 odoo.modules.registry: Model store.link.group.application has no table. 
2025-11-01 15:37:10,556 20951 ERROR odoo16 odoo.modules.registry: Model store.link.group has no table. 
2025-11-01 15:37:10,579 20951 INFO odoo16 odoo.modules.loading: loading store_bar/data/store_bar_sequence.xml 
2025-11-01 15:37:10,586 20951 INFO odoo16 odoo.modules.loading: loading store_bar/security/store_bar_security.xml 
2025-11-01 15:37:10,607 20951 INFO odoo16 odoo.modules.loading: loading store_bar/security/store_bar_rule.xml 
2025-11-01 15:37:10,620 20951 INFO odoo16 odoo.modules.loading: loading store_bar/security/ir.model.access.csv 
2025-11-01 15:37:10,627 20951 INFO odoo16 odoo.modules.loading: loading store_bar/views/store_bar_actions.xml 
2025-11-01 15:37:10,631 20951 INFO odoo16 odoo.modules.loading: loading store_bar/views/store_bar_order_views.xml 
2025-11-01 15:37:10,640 20951 INFO odoo16 odoo.modules.loading: loading store_bar/views/store_bar_table_views.xml 
2025-11-01 15:37:10,645 20951 INFO odoo16 odoo.modules.loading: loading store_bar/views/store_bar_combo_views.xml 
2025-11-01 15:37:10,649 20951 INFO odoo16 odoo.modules.loading: loading store_bar/views/store_bar_menu.xml 
2025-11-01 15:37:10,655 20951 WARNING odoo16 odoo.modules.loading: Transient module states were reset 
2025-11-01 15:37:10,655 20951 ERROR odoo16 odoo.modules.registry: Failed to load registry 
Traceback (most recent call last):
  File "/Users/shawnmacmini/code/odoo-16.0/odoo/tools/cache.py", line 85, in lookup
    r = d[key]
  File "<decorator-gen-8>", line 2, in __getitem__
  File "/Users/shawnmacmini/code/odoo-16.0/odoo/tools/func.py", line 87, in locked
    return func(inst, *args, **kwargs)
  File "/Users/shawnmacmini/code/odoo-16.0/odoo/tools/lru.py", line 34, in __getitem__
    a = self.d[obj]
KeyError: ('ir.model.data', <function IrModelData._xmlid_lookup at 0x10aee00d0>, 'sales_team.menu_sales_root')

During handling of the above exception, another exception occurred:

Traceback (most recent call last):
  File "/Users/shawnmacmini/code/odoo-16.0/odoo/tools/convert.py", line 706, in _tag_root
    f(rec)
  File "/Users/shawnmacmini/code/odoo-16.0/odoo/tools/convert.py", line 446, in _tag_menuitem
    values['parent_id'] = self.id_get(rec.attrib['parent'])
  File "/Users/shawnmacmini/code/odoo-16.0/odoo/tools/convert.py", line 689, in id_get
    res = self.model_id_get(id_str, raise_if_not_found)
  File "/Users/shawnmacmini/code/odoo-16.0/odoo/tools/convert.py", line 695, in model_id_get
    return self.env['ir.model.data']._xmlid_to_res_model_res_id(id_str, raise_if_not_found=raise_if_not_found)
  File "/Users/shawnmacmini/code/odoo-16.0/odoo/addons/base/models/ir_model.py", line 2065, in _xmlid_to_res_model_res_id
    return self._xmlid_lookup(xmlid)[1:3]
  File "<decorator-gen-43>", line 2, in _xmlid_lookup
  File "/Users/shawnmacmini/code/odoo-16.0/odoo/tools/cache.py", line 90, in lookup
    value = d[key] = self.method(*args, **kwargs)
  File "/Users/shawnmacmini/code/odoo-16.0/odoo/addons/base/models/ir_model.py", line 2058, in _xmlid_lookup
    raise ValueError('External ID not found in the system: %s' % xmlid)
ValueError: External ID not found in the system: sales_team.menu_sales_root

The above exception was the direct cause of the following exception:

Traceback (most recent call last):
  File "/Users/shawnmacmini/code/odoo-16.0/odoo/modules/registry.py", line 87, in new
    odoo.modules.load_modules(registry, force_demo, status, update_module)
  File "/Users/shawnmacmini/code/odoo-16.0/odoo/modules/loading.py", line 493, in load_modules
    processed_modules += load_marked_modules(cr, graph,
  File "/Users/shawnmacmini/code/odoo-16.0/odoo/modules/loading.py", line 374, in load_marked_modules
    loaded, processed = load_module_graph(
  File "/Users/shawnmacmini/code/odoo-16.0/odoo/modules/loading.py", line 233, in load_module_graph
    load_data(cr, idref, mode, kind='data', package=package)
  File "/Users/shawnmacmini/code/odoo-16.0/odoo/modules/loading.py", line 73, in load_data
    tools.convert_file(cr, package.name, filename, idref, mode, noupdate, kind)
  File "/Users/shawnmacmini/code/odoo-16.0/odoo/tools/convert.py", line 771, in convert_file
    convert_xml_import(cr, module, fp, idref, mode, noupdate)
  File "/Users/shawnmacmini/code/odoo-16.0/odoo/tools/convert.py", line 837, in convert_xml_import
    obj.parse(doc.getroot())
  File "/Users/shawnmacmini/code/odoo-16.0/odoo/tools/convert.py", line 757, in parse
    self._tag_root(de)
  File "/Users/shawnmacmini/code/odoo-16.0/odoo/tools/convert.py", line 719, in _tag_root
    raise ParseError('while parsing %s:%s, somewhere inside\n%s' % (
odoo.tools.convert.ParseError: while parsing /Users/shawnmacmini/code/odoo-16.0/addons-custom/store_bar/views/store_bar_menu.xml:9, somewhere inside
<menuitem id="menu_store_bar_root" name="&#x5427;&#x53F0;&#x524D;&#x53F0;" parent="sales_team.menu_sales_root" sequence="20" groups="store_bar.group_bar_user"/>
2025-11-01 15:37:10,661 20951 INFO odoo16 odoo.modules.loading: loading 1 modules... 
2025-11-01 15:37:10,664 20951 INFO odoo16 odoo.modules.loading: 1 modules loaded in 0.00s, 0 queries (+0 extra) 
2025-11-01 15:37:10,714 20951 INFO odoo16 odoo.modules.loading: loading 102 modules... 
2025-11-01 15:37:10,740 20951 INFO odoo16 odoo.modules.loading: 102 modules loaded in 0.03s, 0 queries (+0 extra) 
2025-11-01 15:37:10,829 20951 INFO odoo16 odoo.modules.loading: Modules loaded. 
2025-11-01 15:37:10,832 20951 INFO odoo16 odoo.modules.registry: Registry loaded in 0.172s 
2025-11-01 15:37:10,834 20951 ERROR odoo16 odoo.http: Exception during request handling. 
Traceback (most recent call last):
  File "/Users/shawnmacmini/code/odoo-16.0/odoo/tools/cache.py", line 85, in lookup
    r = d[key]
  File "<decorator-gen-8>", line 2, in __getitem__
  File "/Users/shawnmacmini/code/odoo-16.0/odoo/tools/func.py", line 87, in locked
    return func(inst, *args, **kwargs)
  File "/Users/shawnmacmini/code/odoo-16.0/odoo/tools/lru.py", line 34, in __getitem__
    a = self.d[obj]
KeyError: ('ir.model.data', <function IrModelData._xmlid_lookup at 0x10aee00d0>, 'sales_team.menu_sales_root')

During handling of the above exception, another exception occurred:

Traceback (most recent call last):
  File "/Users/shawnmacmini/code/odoo-16.0/odoo/tools/convert.py", line 706, in _tag_root
    f(rec)
  File "/Users/shawnmacmini/code/odoo-16.0/odoo/tools/convert.py", line 446, in _tag_menuitem
    values['parent_id'] = self.id_get(rec.attrib['parent'])
  File "/Users/shawnmacmini/code/odoo-16.0/odoo/tools/convert.py", line 689, in id_get
    res = self.model_id_get(id_str, raise_if_not_found)
  File "/Users/shawnmacmini/code/odoo-16.0/odoo/tools/convert.py", line 695, in model_id_get
    return self.env['ir.model.data']._xmlid_to_res_model_res_id(id_str, raise_if_not_found=raise_if_not_found)
  File "/Users/shawnmacmini/code/odoo-16.0/odoo/addons/base/models/ir_model.py", line 2065, in _xmlid_to_res_model_res_id
    return self._xmlid_lookup(xmlid)[1:3]
  File "<decorator-gen-43>", line 2, in _xmlid_lookup
  File "/Users/shawnmacmini/code/odoo-16.0/odoo/tools/cache.py", line 90, in lookup
    value = d[key] = self.method(*args, **kwargs)
  File "/Users/shawnmacmini/code/odoo-16.0/odoo/addons/base/models/ir_model.py", line 2058, in _xmlid_lookup
    raise ValueError('External ID not found in the system: %s' % xmlid)
ValueError: External ID not found in the system: sales_team.menu_sales_root

The above exception was the direct cause of the following exception:

Traceback (most recent call last):
  File "/Users/shawnmacmini/code/odoo-16.0/odoo/http.py", line 2261, in __call__
    response = request._serve_db()
  File "/Users/shawnmacmini/code/odoo-16.0/odoo/http.py", line 1848, in _serve_db
    return service_model.retrying(self._serve_ir_http, self.env)
  File "/Users/shawnmacmini/code/odoo-16.0/odoo/service/model.py", line 152, in retrying
    result = func()
  File "/Users/shawnmacmini/code/odoo-16.0/odoo/http.py", line 1876, in _serve_ir_http
    response = self.dispatcher.dispatch(rule.endpoint, args)
  File "/Users/shawnmacmini/code/odoo-16.0/odoo/http.py", line 2080, in dispatch
    result = self.request.registry['ir.http']._dispatch(endpoint)
  File "/Users/shawnmacmini/code/odoo-16.0/addons/website/models/ir_http.py", line 237, in _dispatch
    response = super()._dispatch(endpoint)
  File "/Users/shawnmacmini/code/odoo-16.0/odoo/addons/base/models/ir_http.py", line 154, in _dispatch
    result = endpoint(**request.params)
  File "/Users/shawnmacmini/code/odoo-16.0/odoo/http.py", line 763, in route_wrapper
    result = endpoint(self, *args, **params_ok)
  File "/Users/shawnmacmini/code/odoo-16.0/addons/web/controllers/dataset.py", line 47, in call_button
    action = self._call_kw(model, method, args, kwargs)
  File "/Users/shawnmacmini/code/odoo-16.0/addons/web/controllers/dataset.py", line 34, in _call_kw
    return call_kw(Model, method, args, kwargs)
  File "/Users/shawnmacmini/code/odoo-16.0/odoo/api.py", line 484, in call_kw
    result = _call_kw_multi(method, model, args, kwargs)
  File "/Users/shawnmacmini/code/odoo-16.0/odoo/api.py", line 469, in _call_kw_multi
    result = method(recs, *args, **kwargs)
  File "<decorator-gen-77>", line 2, in button_immediate_install
  File "/Users/shawnmacmini/code/odoo-16.0/odoo/addons/base/models/ir_module.py", line 74, in check_and_log
    return method(self, *args, **kwargs)
  File "/Users/shawnmacmini/code/odoo-16.0/odoo/addons/base/models/ir_module.py", line 478, in button_immediate_install
    return self._button_immediate_function(self.env.registry[self._name].button_install)
  File "/Users/shawnmacmini/code/odoo-16.0/odoo/addons/base/models/ir_module.py", line 602, in _button_immediate_function
    registry = modules.registry.Registry.new(self._cr.dbname, update_module=True)
  File "<decorator-gen-16>", line 2, in new
  File "/Users/shawnmacmini/code/odoo-16.0/odoo/tools/func.py", line 87, in locked
    return func(inst, *args, **kwargs)
  File "/Users/shawnmacmini/code/odoo-16.0/odoo/modules/registry.py", line 87, in new
    odoo.modules.load_modules(registry, force_demo, status, update_module)
  File "/Users/shawnmacmini/code/odoo-16.0/odoo/modules/loading.py", line 493, in load_modules
    processed_modules += load_marked_modules(cr, graph,
  File "/Users/shawnmacmini/code/odoo-16.0/odoo/modules/loading.py", line 374, in load_marked_modules
    loaded, processed = load_module_graph(
  File "/Users/shawnmacmini/code/odoo-16.0/odoo/modules/loading.py", line 233, in load_module_graph
    load_data(cr, idref, mode, kind='data', package=package)
  File "/Users/shawnmacmini/code/odoo-16.0/odoo/modules/loading.py", line 73, in load_data
    tools.convert_file(cr, package.name, filename, idref, mode, noupdate, kind)
  File "/Users/shawnmacmini/code/odoo-16.0/odoo/tools/convert.py", line 771, in convert_file
    convert_xml_import(cr, module, fp, idref, mode, noupdate)
  File "/Users/shawnmacmini/code/odoo-16.0/odoo/tools/convert.py", line 837, in convert_xml_import
    obj.parse(doc.getroot())
  File "/Users/shawnmacmini/code/odoo-16.0/odoo/tools/convert.py", line 757, in parse
    self._tag_root(de)
  File "/Users/shawnmacmini/code/odoo-16.0/odoo/tools/convert.py", line 719, in _tag_root
    raise ParseError('while parsing %s:%s, somewhere inside\n%s' % (
odoo.tools.convert.ParseError: while parsing /Users/shawnmacmini/code/odoo-16.0/addons-custom/store_bar/views/store_bar_menu.xml:9, somewhere inside
<menuitem id="menu_store_bar_root" name="&#x5427;&#x53F0;&#x524D;&#x53F0;" parent="sales_team.menu_sales_root" sequence="20" groups="store_bar.group_bar_user"/>
2025-11-01 15:37:10,835 20951 INFO odoo16 werkzeug: 127.0.0.1 - - [01/Nov/2025 15:37:10] "POST /web/dataset/call_button HTTP/1.1" 200 - 1571 0.351 0.763
2025-11-01 15:37:34,792 20951 WARNING odoo16 odoo.modules.registry: store.inventory.batch: inconsistent 'compute_sudo' for computed fields: picking_ids, picking_count, quant_count, operation_count, lot_count 
2025-11-01 15:37:38,729 20951 INFO odoo16 odoo.addons.base.models.ir_http: Generating routing map for key 1 
2025-11-01 15:37:39,227 20951 INFO odoo16 werkzeug: 127.0.0.1 - - [01/Nov/2025 15:37:39] "GET /web HTTP/1.1" 200 - 96 0.101 0.409
2025-11-01 15:37:39,268 20951 INFO odoo16 werkzeug: 127.0.0.1 - - [01/Nov/2025 15:37:39] "GET /.well-known/appspecific/com.chrome.devtools.json HTTP/1.1" 303 - 10 0.010 0.009
2025-11-01 15:37:39,680 20951 INFO odoo16 werkzeug: 127.0.0.1 - - [01/Nov/2025 15:37:39] "GET /zh_CN/.well-known/appspecific/com.chrome.devtools.json HTTP/1.1" 404 - 159 0.104 0.307
2025-11-01 15:37:39,811 20951 INFO odoo16 werkzeug: 127.0.0.1 - - [01/Nov/2025 15:37:39] "POST /web/action/load HTTP/1.1" 200 - 12 0.010 0.005
2025-11-01 15:37:39,878 20951 INFO odoo16 odoo.addons.base.models.ir_attachment: _read_file reading /Users/shawnmacmini/code/odoo-16.0/.odoo-data/filestore/odoo16/c2/c2e1616224ae96b9403a2cd8794e8e22ac9beff7 
Traceback (most recent call last):
  File "/Users/shawnmacmini/code/odoo-16.0/odoo/api.py", line 1013, in get
    cache_value = field_cache[record._ids[0]]
KeyError: 2

During handling of the above exception, another exception occurred:

Traceback (most recent call last):
  File "/Users/shawnmacmini/code/odoo-16.0/odoo/fields.py", line 1161, in __get__
    value = env.cache.get(record, self)
  File "/Users/shawnmacmini/code/odoo-16.0/odoo/api.py", line 1020, in get
    raise CacheMiss(record, field)
odoo.exceptions.CacheMiss: 'res.users(2,).avatar_128'

During handling of the above exception, another exception occurred:

Traceback (most recent call last):
  File "/Users/shawnmacmini/code/odoo-16.0/odoo/api.py", line 1013, in get
    cache_value = field_cache[record._ids[0]]
KeyError: 3

During handling of the above exception, another exception occurred:

Traceback (most recent call last):
  File "/Users/shawnmacmini/code/odoo-16.0/odoo/fields.py", line 1161, in __get__
    value = env.cache.get(record, self)
  File "/Users/shawnmacmini/code/odoo-16.0/odoo/api.py", line 1020, in get
    raise CacheMiss(record, field)
odoo.exceptions.CacheMiss: 'res.partner(3,).avatar_128'

During handling of the above exception, another exception occurred:

Traceback (most recent call last):
  File "/Users/shawnmacmini/code/odoo-16.0/odoo/api.py", line 1013, in get
    cache_value = field_cache[record._ids[0]]
KeyError: 3

During handling of the above exception, another exception occurred:

Traceback (most recent call last):
  File "/Users/shawnmacmini/code/odoo-16.0/odoo/fields.py", line 1161, in __get__
    value = env.cache.get(record, self)
  File "/Users/shawnmacmini/code/odoo-16.0/odoo/api.py", line 1020, in get
    raise CacheMiss(record, field)
odoo.exceptions.CacheMiss: 'res.partner(3,).image_128'

During handling of the above exception, another exception occurred:

Traceback (most recent call last):
  File "/Users/shawnmacmini/code/odoo-16.0/odoo/api.py", line 1013, in get
    cache_value = field_cache[record._ids[0]]
KeyError: 27

During handling of the above exception, another exception occurred:

Traceback (most recent call last):
  File "/Users/shawnmacmini/code/odoo-16.0/odoo/fields.py", line 1161, in __get__
    value = env.cache.get(record, self)
  File "/Users/shawnmacmini/code/odoo-16.0/odoo/api.py", line 1020, in get
    raise CacheMiss(record, field)
odoo.exceptions.CacheMiss: 'ir.attachment(27,).datas'

During handling of the above exception, another exception occurred:

Traceback (most recent call last):
  File "/Users/shawnmacmini/code/odoo-16.0/odoo/api.py", line 1013, in get
    cache_value = field_cache[record._ids[0]]
KeyError: 27

During handling of the above exception, another exception occurred:

Traceback (most recent call last):
  File "/Users/shawnmacmini/code/odoo-16.0/odoo/fields.py", line 1161, in __get__
    value = env.cache.get(record, self)
  File "/Users/shawnmacmini/code/odoo-16.0/odoo/api.py", line 1020, in get
    raise CacheMiss(record, field)
odoo.exceptions.CacheMiss: 'ir.attachment(27,).raw'

During handling of the above exception, another exception occurred:

Traceback (most recent call last):
  File "/Users/shawnmacmini/code/odoo-16.0/odoo/addons/base/models/ir_attachment.py", line 121, in _file_read
    with open(full_path, 'rb') as f:
FileNotFoundError: [Errno 2] No such file or directory: '/Users/shawnmacmini/code/odoo-16.0/.odoo-data/filestore/odoo16/c2/c2e1616224ae96b9403a2cd8794e8e22ac9beff7'
2025-11-01 15:37:39,880 20951 INFO odoo16 werkzeug: 127.0.0.1 - - [01/Nov/2025 15:37:39] "GET /web/image?model=res.users&field=avatar_128&id=2 HTTP/1.1" 304 - 7 0.019 0.009
2025-11-01 15:37:39,884 20951 INFO odoo16 werkzeug: 127.0.0.1 - - [01/Nov/2025 15:37:39] "GET /web/image/res.company/1/favicon HTTP/1.1" 304 - 8 0.020 0.008
2025-11-01 15:37:39,902 20951 INFO odoo16 werkzeug: 127.0.0.1 - - [01/Nov/2025 15:37:39] "GET /web/image/res.company/1/favicon HTTP/1.1" 304 - 3 0.002 0.007
2025-11-01 15:37:39,911 20951 INFO odoo16 werkzeug: 127.0.0.1 - - [01/Nov/2025 15:37:39] "GET /web/image/res.company/1/favicon HTTP/1.1" 304 - 3 0.002 0.004
2025-11-01 15:37:39,917 20951 INFO odoo16 werkzeug: 127.0.0.1 - - [01/Nov/2025 15:37:39] "POST /web/dataset/call_kw/res.users/systray_get_activities HTTP/1.1" 200 - 34 0.061 0.013
2025-11-01 15:37:39,922 20951 INFO odoo16 werkzeug: 127.0.0.1 - - [01/Nov/2025 15:37:39] "GET /web/image/res.company/1/favicon HTTP/1.1" 304 - 3 0.002 0.005
2025-11-01 15:37:39,925 20951 INFO odoo16 werkzeug: 127.0.0.1 - - [01/Nov/2025 15:37:39] "POST /mail/init_messaging HTTP/1.1" 200 - 52 0.069 0.014
2025-11-01 15:37:39,933 20951 INFO odoo16 werkzeug: 127.0.0.1 - - [01/Nov/2025 15:37:39] "POST /web/dataset/call_kw/ir.module.module/get_views HTTP/1.1" 200 - 44 0.046 0.037
2025-11-01 15:37:39,936 20951 INFO odoo16 werkzeug: 127.0.0.1 - - [01/Nov/2025 15:37:39] "POST /mail/load_message_failures HTTP/1.1" 200 - 10 0.003 0.003
2025-11-01 15:37:39,945 20951 INFO odoo16 werkzeug: 127.0.0.1 - - [01/Nov/2025 15:37:39] "POST /web/dataset/call_kw/ir.module.module/web_search_read HTTP/1.1" 200 - 4 0.002 0.003
2025-11-01 15:37:39,954 20951 INFO odoo16 werkzeug: 127.0.0.1 - - [01/Nov/2025 15:37:39] "POST /web/dataset/call_kw/ir.module.module/search_panel_select_range HTTP/1.1" 200 - 38 0.008 0.007
2025-11-01 15:38:05,357 20369 WARNING odoo16 odoo.modules.registry: store.inventory.batch: inconsistent 'compute_sudo' for computed fields: picking_ids, picking_count, quant_count, operation_count, lot_count 
2025-11-01 15:38:05,381 20369 INFO odoo16 odoo.addons.base.models.ir_cron: Starting job `payment: post-process transactions`. 
2025-11-01 15:38:05,394 20369 INFO odoo16 odoo.addons.base.models.ir_cron: Job `payment: post-process transactions` done. 
2025-11-01 15:39:05,446 20369 INFO odoo16 odoo.addons.base.models.ir_cron: Starting job `Product: send email regarding products availability`. 
2025-11-01 15:39:05,461 20369 INFO odoo16 odoo.addons.base.models.ir_cron: Job `Product: send email regarding products availability` done. 
2025-11-01 15:41:26,931 21999 WARNING ? py.warnings: /opt/homebrew/Cellar/python@3.10/3.10.19_1/Frameworks/Python.framework/Versions/3.10/lib/python3.10/contextlib.py:135: DeprecationWarning: Since Odoo 15.0, Environment.manage() is useless.
  File "<stdin>", line 11, in <module>
  File "/opt/homebrew/Cellar/python@3.10/3.10.19_1/Frameworks/Python.framework/Versions/3.10/lib/python3.10/contextlib.py", line 135, in __enter__
    return next(self.gen)
 
2025-11-01 15:41:26,965 21999 INFO ? odoo.modules.loading: loading 1 modules... 
2025-11-01 15:41:27,025 21999 INFO ? odoo.addons.base.models.ir_actions_report: You need Wkhtmltopdf to print a pdf version of the reports. 
2025-11-01 15:41:27,103 21999 INFO ? odoo.modules.loading: 1 modules loaded in 0.14s, 0 queries (+0 extra) 
2025-11-01 15:41:27,152 21999 INFO ? odoo.modules.loading: loading 102 modules... 
2025-11-01 15:41:27,591 21999 INFO ? odoo.modules.loading: 102 modules loaded in 0.44s, 0 queries (+0 extra) 
2025-11-01 15:41:27,710 21999 INFO ? odoo.modules.loading: Modules loaded. 
2025-11-01 15:41:27,721 21999 INFO ? odoo.modules.registry: Registry loaded in 0.790s 
2025-11-01 15:42:09,001 22085 WARNING ? py.warnings: /opt/homebrew/Cellar/python@3.10/3.10.19_1/Frameworks/Python.framework/Versions/3.10/lib/python3.10/contextlib.py:135: DeprecationWarning: Since Odoo 15.0, Environment.manage() is useless.
  File "<stdin>", line 16, in <module>
  File "/opt/homebrew/Cellar/python@3.10/3.10.19_1/Frameworks/Python.framework/Versions/3.10/lib/python3.10/contextlib.py", line 135, in __enter__
    return next(self.gen)
 
2025-11-01 15:42:09,040 22085 INFO ? odoo.modules.loading: loading 1 modules... 
2025-11-01 15:42:09,098 22085 INFO ? odoo.addons.base.models.ir_actions_report: You need Wkhtmltopdf to print a pdf version of the reports. 
2025-11-01 15:42:09,178 22085 INFO ? odoo.modules.loading: 1 modules loaded in 0.14s, 0 queries (+0 extra) 
2025-11-01 15:42:09,223 22085 INFO ? odoo.modules.loading: loading 102 modules... 
2025-11-01 15:42:09,575 22085 INFO ? odoo.modules.loading: 102 modules loaded in 0.35s, 0 queries (+0 extra) 
2025-11-01 15:42:09,694 22085 INFO ? odoo.modules.loading: Modules loaded. 
2025-11-01 15:42:09,705 22085 INFO ? odoo.modules.registry: Registry loaded in 0.704s 
2025-11-01 15:42:09,710 22085 WARNING ? odoo.modules.registry: store.inventory.batch: inconsistent 'compute_sudo' for computed fields: picking_ids, picking_count, quant_count, operation_count, lot_count 
2025-11-01 15:42:09,717 22085 INFO ? odoo.addons.base.models.ir_module: ALLOW access to module.button_immediate_install on ['门店财务管理'] to user __system__ #1 via n/a 
2025-11-01 15:42:09,718 22085 INFO ? odoo.addons.base.models.ir_module: User #1 triggered module installation 
2025-11-01 15:42:09,727 22085 INFO ? odoo.addons.base.models.ir_module: ALLOW access to module.button_install on ['门店财务管理'] to user __system__ #1 via n/a 
2025-11-01 15:42:09,810 22085 INFO ? odoo.modules.loading: loading 1 modules... 
2025-11-01 15:42:09,813 22085 INFO ? odoo.modules.loading: 1 modules loaded in 0.00s, 0 queries (+0 extra) 
2025-11-01 15:42:09,824 22085 INFO ? odoo.modules.loading: updating modules list 
2025-11-01 15:42:09,826 22085 INFO ? odoo.addons.base.models.ir_module: ALLOW access to module.update_list on [] to user __system__ #1 via n/a 
2025-11-01 15:42:10,575 22085 INFO ? odoo.modules.loading: loading 102 modules... 
2025-11-01 15:42:10,613 22085 INFO ? odoo.modules.loading: 102 modules loaded in 0.04s, 0 queries (+0 extra) 
2025-11-01 15:42:10,615 22085 INFO ? odoo.modules.loading: loading 103 modules... 
2025-11-01 15:42:10,615 22085 INFO ? odoo.modules.loading: Loading module store_finance (67/103) 
2025-11-01 15:42:10,708 22085 INFO ? odoo.modules.registry: module store_finance: creating or updating database tables 
2025-11-01 15:42:10,886 22085 WARNING ? odoo.modules.registry: store.inventory.batch: inconsistent 'compute_sudo' for computed fields: picking_ids, picking_count, quant_count, operation_count, lot_count 
2025-11-01 15:42:10,890 22085 INFO ? odoo.modules.registry: Models have no table: store.link.group.application, store.link.group. 
2025-11-01 15:42:10,890 22085 INFO ? odoo.modules.registry: Recreate table of model store.link.group.application. 
2025-11-01 15:42:10,890 22085 INFO ? odoo.modules.registry: Recreate table of model store.link.group. 
2025-11-01 15:42:10,892 22085 ERROR ? odoo.modules.registry: Model store.link.group.application has no table. 
2025-11-01 15:42:10,892 22085 ERROR ? odoo.modules.registry: Model store.link.group has no table. 
2025-11-01 15:42:10,911 22085 INFO ? odoo.modules.loading: loading store_finance/security/store_finance_security.xml 
2025-11-01 15:42:10,935 22085 INFO ? odoo.modules.loading: loading store_finance/security/ir.model.access.csv 
2025-11-01 15:42:11,105 22085 INFO ? odoo.modules.loading: loading store_finance/data/store_finance_sequence.xml 
2025-11-01 15:42:11,111 22085 INFO ? odoo.modules.loading: loading store_finance/data/store_finance_clearing_sequence.xml 
2025-11-01 15:42:11,114 22085 INFO ? odoo.modules.loading: loading store_finance/data/store_finance_payment_channel_data.xml 
2025-11-01 15:42:11,127 22085 WARNING ? odoo.modules.loading: Transient module states were reset 
2025-11-01 15:42:11,128 22085 ERROR ? odoo.modules.registry: Failed to load registry 
Traceback (most recent call last):
  File "/Users/shawnmacmini/code/odoo-16.0/odoo/tools/cache.py", line 85, in lookup
    r = d[key]
  File "<decorator-gen-8>", line 2, in __getitem__
  File "/Users/shawnmacmini/code/odoo-16.0/odoo/tools/func.py", line 87, in locked
    return func(inst, *args, **kwargs)
  File "/Users/shawnmacmini/code/odoo-16.0/odoo/tools/lru.py", line 34, in __getitem__
    a = self.d[obj]
KeyError: ('ir.model.data', <function IrModelData._xmlid_lookup at 0x10ac65240>, 'account.data_account_type_revenue')

During handling of the above exception, another exception occurred:

Traceback (most recent call last):
  File "/Users/shawnmacmini/code/odoo-16.0/odoo/tools/convert.py", line 706, in _tag_root
    f(rec)
  File "/Users/shawnmacmini/code/odoo-16.0/odoo/tools/convert.py", line 576, in _tag_record
    f_val = self.id_get(f_ref, raise_if_not_found=nodeattr2bool(rec, 'forcecreate', True))
  File "/Users/shawnmacmini/code/odoo-16.0/odoo/tools/convert.py", line 689, in id_get
    res = self.model_id_get(id_str, raise_if_not_found)
  File "/Users/shawnmacmini/code/odoo-16.0/odoo/tools/convert.py", line 695, in model_id_get
    return self.env['ir.model.data']._xmlid_to_res_model_res_id(id_str, raise_if_not_found=raise_if_not_found)
  File "/Users/shawnmacmini/code/odoo-16.0/odoo/addons/base/models/ir_model.py", line 2065, in _xmlid_to_res_model_res_id
    return self._xmlid_lookup(xmlid)[1:3]
  File "<decorator-gen-43>", line 2, in _xmlid_lookup
  File "/Users/shawnmacmini/code/odoo-16.0/odoo/tools/cache.py", line 90, in lookup
    value = d[key] = self.method(*args, **kwargs)
  File "/Users/shawnmacmini/code/odoo-16.0/odoo/addons/base/models/ir_model.py", line 2058, in _xmlid_lookup
    raise ValueError('External ID not found in the system: %s' % xmlid)
ValueError: External ID not found in the system: account.data_account_type_revenue

The above exception was the direct cause of the following exception:

Traceback (most recent call last):
  File "/Users/shawnmacmini/code/odoo-16.0/odoo/modules/registry.py", line 87, in new
    odoo.modules.load_modules(registry, force_demo, status, update_module)
  File "/Users/shawnmacmini/code/odoo-16.0/odoo/modules/loading.py", line 493, in load_modules
    processed_modules += load_marked_modules(cr, graph,
  File "/Users/shawnmacmini/code/odoo-16.0/odoo/modules/loading.py", line 374, in load_marked_modules
    loaded, processed = load_module_graph(
  File "/Users/shawnmacmini/code/odoo-16.0/odoo/modules/loading.py", line 233, in load_module_graph
    load_data(cr, idref, mode, kind='data', package=package)
  File "/Users/shawnmacmini/code/odoo-16.0/odoo/modules/loading.py", line 73, in load_data
    tools.convert_file(cr, package.name, filename, idref, mode, noupdate, kind)
  File "/Users/shawnmacmini/code/odoo-16.0/odoo/tools/convert.py", line 771, in convert_file
    convert_xml_import(cr, module, fp, idref, mode, noupdate)
  File "/Users/shawnmacmini/code/odoo-16.0/odoo/tools/convert.py", line 837, in convert_xml_import
    obj.parse(doc.getroot())
  File "/Users/shawnmacmini/code/odoo-16.0/odoo/tools/convert.py", line 757, in parse
    self._tag_root(de)
  File "/Users/shawnmacmini/code/odoo-16.0/odoo/tools/convert.py", line 706, in _tag_root
    f(rec)
  File "/Users/shawnmacmini/code/odoo-16.0/odoo/tools/convert.py", line 719, in _tag_root
    raise ParseError('while parsing %s:%s, somewhere inside\n%s' % (
odoo.tools.convert.ParseError: while parsing /Users/shawnmacmini/code/odoo-16.0/addons-custom/store_finance/data/store_finance_payment_channel_data.xml:4, somewhere inside
<record id="account_store_sale_revenue" model="account.account">
            <field name="name">门店销售收入</field>
            <field name="code">760001</field>
            <field name="account_type" ref="account.data_account_type_revenue"/>
            <field name="company_id" ref="base.main_company"/>
        </record>
